boundary_id,name,state,month,family,total,status_single_source,status_corroborated,status_contradicted,status_unassessed,severity_low,severity_medium,severity_high,severity_unknown
osm:relation:10928384,Municipio Miranda,Anzoátegui,2024-09,CON,0,0,0,0,0,0,0,0,0
osm:relation:10928384,Municipio Miranda,Anzoátegui,2024-09,ELM,0,0,0,0,0,0,0,0,0
osm:relation:10928384,Municipio Miranda,Anzoátegui,2024-09,EXT,0,0,0,0,0,0,0,0,0
osm:relation:10928384,Municipio Miranda,Anzoátegui,2024-09,MAC,0,0,0,0,0,0,0,0,0
osm:relation:10928384,Municipio Miranda,Anzoátegui,2024-09,OIL,0,0,0,0,0,0,0,0,0
osm:relation:10928384,Municipio Miranda,Anzoátegui,2024-09,POL,0,0,0,0,0,0,0,0,0
osm:relation:10928384,Municipio Miranda,Anzoátegui,2024-09,SAN,0,0,0,0,0,0,0,0,0
osm:relation:10928384,Municipio Miranda,Anzoátegui,2024-09,SEC,0,0,0,0,0,0,0,0,0
osm:relation:10928384,Municipio Miranda,Anzoátegui,2024-10,CON,0,0,0,0,0,0,0,0,0
osm:relation:10928384,Municipio Miranda,Anzoátegui,2024-10,ELM,0,0,0,0,0,0,0,0,0
osm:relation:10928384,Municipio Miranda,Anzoátegui,2024-10,EXT,0,0,0,0,0,0,0,0,0
osm:relation:10928384,Municipio Miranda,Anzoátegui,2024-10,MAC,0,0,0,0,0,0,0,0,0
osm:relation:10928384,Municipio Miranda,Anzoátegui,2024-10,OIL,0,0,0,0,0,0,0,0,0
osm:relation:10928384,Municipio Miranda,Anzoátegui,2024-10,POL,0,0,0,0,0,0,0,0,0
osm:relation:10928384,Municipio Miranda,Anzoátegui,2024-10,SAN,0,0,0,0,0,0,0,0,0
osm:relation:10928384,Municipio Miranda,Anzoátegui,2024-10,SEC,0,0,0,0,0,0,0,0,0
osm:relation:10928384,Municipio Miranda,Anzoátegui,2024-11,CON,0,0,0,0,0,0,0,0,0
osm:relation:10928384,Municipio Miranda,Anzoátegui,2024-11,ELM,0,0,0,0,0,0,0,0,0
osm:relation:10928384,Municipio Miranda,Anzoátegui,2024-11,EXT,0,0,0,0,0,0,0,0,0
osm:relation:10928384,Municipio Miranda,Anzoátegui,2024-11,MAC,0,0,0,0,0,0,0,0,0
osm:relation:10928384,Municipio Miranda,Anzoátegui,2024-11,OIL,0,0,0,0,0,0,0,0,0
osm:relation:10928384,Municipio Miranda,Anzoátegui,2024-11,POL,0,0,0,0,0,0,0,0,0
osm:relation:10928384,Municipio Miranda,Anzoátegui,2024-11,SAN,0,0,0,0,0,0,0,0,0
osm:relation:10928384,Municipio Miranda,Anzoátegui,2024-11,SEC,0,0,0,0,0,0,0,0,0
osm:relation:10928384,Municipio Miranda,Anzoátegui,2024-12,CON,0,0,0,0,0,0,0,0,0
osm:relation:10928384,Municipio Miranda,Anzoátegui,2024-12,ELM,0,0,0,0,0,0,0,0,0
osm:relation:10928384,Municipio Miranda,Anzoátegui,2024-12,EXT,0,0,0,0,0,0,0,0,0
osm:relation:10928384,Municipio Miranda,Anzoátegui,2024-12,MAC,0,0,0,0,0,0,0,0,0
osm:relation:10928384,Municipio Miranda,Anzoátegui,2024-12,OIL,0,0,0,0,0,0,0,0,0
osm:relation:10928384,Municipio Miranda,Anzoátegui,2024-12,POL,0,0,0,0,0,0,0,0,0
osm:relation:10928384,Municipio Miranda,Anzoátegui,2024-12,SAN,0,0,0,0,0,0,0,0,0
osm:relation:10928384,Municipio Miranda,Anzoátegui,2024-12,SEC,0,0,0,0,0,0,0,0,0
osm:relation:10928384,Municipio Miranda,Anzoátegui,2025-01,CON,0,0,0,0,0,0,0,0,0
osm:relation:10928384,Municipio Miranda,Anzoátegui,2025-01,ELM,0,0,0,0,0,0,0,0,0
osm:relation:10928384,Municipio Miranda,Anzoátegui,2025-01,EXT,0,0,0,0,0,0,0,0,0
osm:relation:10928384,Municipio Miranda,Anzoátegui,2025-01,MAC,0,0,0,0,0,0,0,0,0
osm:relation:10928384,Municipio Miranda,Anzoátegui,2025-01,OIL,0,0,0,0,0,0,0,0,0
osm:relation:10928384,Municipio Miranda,Anzoátegui,2025-01,POL,0,0,0,0,0,0,0,0,0
osm:relation:10928384,Municipio Miranda,Anzoátegui,2025-01,SAN,0,0,0,0,0,0,0,0,0
osm:relation:10928384,Municipio Miranda,Anzoátegui,2025-01,SEC,0,0,0,0,0,0,0,0,0
osm:relation:10928384,Municipio Miranda,Anzoátegui,2025-02,CON,0,0,0,0,0,0,0,0,0
osm:relation:10928384,Municipio Miranda,Anzoátegui,2025-02,ELM,0,0,0,0,0,0,0,0,0
osm:relation:10928384,Municipio Miranda,Anzoátegui,2025-02,EXT,0,0,0,0,0,0,0,0,0
osm:relation:10928384,Municipio Miranda,Anzoátegui,2025-02,MAC,0,0,0,0,0,0,0,0,0
osm:relation:10928384,Municipio Miranda,Anzoátegui,2025-02,OIL,0,0,0,0,0,0,0,0,0
osm:relation:10928384,Municipio Miranda,Anzoátegui,2025-02,POL,0,0,0,0,0,0,0,0,0
osm:relation:10928384,Municipio Miranda,Anzoátegui,2025-02,SAN,0,0,0,0,0,0,0,0,0
osm:relation:10928384,Municipio Miranda,Anzoátegui,2025-02,SEC,0,0,0,0,0,0,0,0,0
osm:relation:10928384,Municipio Miranda,Anzoátegui,2025-03,CON,0,0,0,0,0,0,0,0,0
osm:relation:10928384,Municipio Miranda,Anzoátegui,2025-03,ELM,0,0,0,0,0,0,0,0,0
osm:relation:10928384,Municipio Miranda,Anzoátegui,2025-03,EXT,0,0,0,0,0,0,0,0,0
osm:relation:10928384,Municipio Miranda,Anzoátegui,2025-03,MAC,0,0,0,0,0,0,0,0,0
osm:relation:10928384,Municipio Miranda,Anzoátegui,2025-03,OIL,0,0,0,0,0,0,0,0,0
osm:relation:10928384,Municipio Miranda,Anzoátegui,2025-03,POL,0,0,0,0,0,0,0,0,0
osm:relation:10928384,Municipio Miranda,Anzoátegui,2025-03,SAN,0,0,0,0,0,0,0,0,0
osm:relation:10928384,Municipio Miranda,Anzoátegui,2025-03,SEC,0,0,0,0,0,0,0,0,0
osm:relation:10928384,Municipio Miranda,Anzoátegui,2025-04,CON,0,0,0,0,0,0,0,0,0
osm:relation:10928384,Municipio Miranda,Anzoátegui,2025-04,ELM,0,0,0,0,0,0,0,0,0
osm:relation:10928384,Municipio Miranda,Anzoátegui,2025-04,EXT,0,0,0,0,0,0,0,0,0
osm:relation:10928384,Municipio Miranda,Anzoátegui,2025-04,MAC,0,0,0,0,0,0,0,0,0
osm:relation:10928384,Municipio Miranda,Anzoátegui,2025-04,OIL,0,0,0,0,0,0,0,0,0
osm:relation:10928384,Municipio Miranda,Anzoátegui,2025-04,POL,0,0,0,0,0,0,0,0,0
osm:relation:10928384,Municipio Miranda,Anzoátegui,2025-04,SAN,0,0,0,0,0,0,0,0,0
osm:relation:10928384,Municipio Miranda,Anzoátegui,2025-04,SEC,0,0,0,0,0,0,0,0,0
osm:relation:10928384,Municipio Miranda,Anzoátegui,2025-05,CON,0,0,0,0,0,0,0,0,0
osm:relation:10928384,Municipio Miranda,Anzoátegui,2025-05,ELM,0,0,0,0,0,0,0,0,0
osm:relation:10928384,Municipio Miranda,Anzoátegui,2025-05,EXT,0,0,0,0,0,0,0,0,0
osm:relation:10928384,Municipio Miranda,Anzoátegui,2025-05,MAC,0,0,0,0,0,0,0,0,0
osm:relation:10928384,Municipio Miranda,Anzoátegui,2025-05,OIL,0,0,0,0,0,0,0,0,0
osm:relation:10928384,Municipio Miranda,Anzoátegui,2025-05,POL,0,0,0,0,0,0,0,0,0
osm:relation:10928384,Municipio Miranda,Anzoátegui,2025-05,SAN,0,0,0,0,0,0,0,0,0
osm:relation:10928384,Municipio Miranda,Anzoátegui,2025-05,SEC,0,0,0,0,0,0,0,0,0
osm:relation:10928384,Municipio Miranda,Anzoátegui,2025-06,CON,0,0,0,0,0,0,0,0,0
osm:relation:10928384,Municipio Miranda,Anzoátegui,2025-06,ELM,0,0,0,0,0,0,0,0,0
osm:relation:10928384,Municipio Miranda,Anzoátegui,2025-06,EXT,0,0,0,0,0,0,0,0,0
osm:relation:10928384,Municipio Miranda,Anzoátegui,2025-06,MAC,0,0,0,0,0,0,0,0,0
osm:relation:10928384,Municipio Miranda,Anzoátegui,2025-06,OIL,0,0,0,0,0,0,0,0,0
osm:relation:10928384,Municipio Miranda,Anzoátegui,2025-06,POL,0,0,0,0,0,0,0,0,0
osm:relation:10928384,Municipio Miranda,Anzoátegui,2025-06,SAN,0,0,0,0,0,0,0,0,0
osm:relation:10928384,Municipio Miranda,Anzoátegui,2025-06,SEC,0,0,0,0,0,0,0,0,0
osm:relation:10928384,Municipio Miranda,Anzoátegui,2025-07,CON,0,0,0,0,0,0,0,0,0
osm:relation:10928384,Municipio Miranda,Anzoátegui,2025-07,ELM,0,0,0,0,0,0,0,0,0
osm:relation:10928384,Municipio Miranda,Anzoátegui,2025-07,EXT,0,0,0,0,0,0,0,0,0
osm:relation:10928384,Municipio Miranda,Anzoátegui,2025-07,MAC,0,0,0,0,0,0,0,0,0
osm:relation:10928384,Municipio Miranda,Anzoátegui,2025-07,OIL,0,0,0,0,0,0,0,0,0
osm:relation:10928384,Municipio Miranda,Anzoátegui,2025-07,POL,0,0,0,0,0,0,0,0,0
osm:relation:10928384,Municipio Miranda,Anzoátegui,2025-07,SAN,0,0,0,0,0,0,0,0,0
osm:relation:10928384,Municipio Miranda,Anzoátegui,2025-07,SEC,0,0,0,0,0,0,0,0,0
osm:relation:10928384,Municipio Miranda,Anzoátegui,2025-08,CON,0,0,0,0,0,0,0,0,0
osm:relation:10928384,Municipio Miranda,Anzoátegui,2025-08,ELM,0,0,0,0,0,0,0,0,0
osm:relation:10928384,Municipio Miranda,Anzoátegui,2025-08,EXT,0,0,0,0,0,0,0,0,0
osm:relation:10928384,Municipio Miranda,Anzoátegui,2025-08,MAC,0,0,0,0,0,0,0,0,0
osm:relation:10928384,Municipio Miranda,Anzoátegui,2025-08,OIL,0,0,0,0,0,0,0,0,0
osm:relation:10928384,Municipio Miranda,Anzoátegui,2025-08,POL,0,0,0,0,0,0,0,0,0
osm:relation:10928384,Municipio Miranda,Anzoátegui,2025-08,SAN,0,0,0,0,0,0,0,0,0
osm:relation:10928384,Municipio Miranda,Anzoátegui,2025-08,SEC,0,0,0,0,0,0,0,0,0
osm:relation:10928384,Municipio Miranda,Anzoátegui,2025-09,CON,0,0,0,0,0,0,0,0,0
osm:relation:10928384,Municipio Miranda,Anzoátegui,2025-09,ELM,0,0,0,0,0,0,0,0,0
osm:relation:10928384,Municipio Miranda,Anzoátegui,2025-09,EXT,0,0,0,0,0,0,0,0,0
osm:relation:10928384,Municipio Miranda,Anzoátegui,2025-09,MAC,0,0,0,0,0,0,0,0,0
osm:relation:10928384,Municipio Miranda,Anzoátegui,2025-09,OIL,0,0,0,0,0,0,0,0,0
osm:relation:10928384,Municipio Miranda,Anzoátegui,2025-09,POL,0,0,0,0,0,0,0,0,0
osm:relation:10928384,Municipio Miranda,Anzoátegui,2025-09,SAN,0,0,0,0,0,0,0,0,0
osm:relation:10928384,Municipio Miranda,Anzoátegui,2025-09,SEC,0,0,0,0,0,0,0,0,0
osm:relation:10928384,Municipio Miranda,Anzoátegui,2025-10,CON,0,0,0,0,0,0,0,0,0
osm:relation:10928384,Municipio Miranda,Anzoátegui,2025-10,ELM,0,0,0,0,0,0,0,0,0
osm:relation:10928384,Municipio Miranda,Anzoátegui,2025-10,EXT,0,0,0,0,0,0,0,0,0
osm:relation:10928384,Municipio Miranda,Anzoátegui,2025-10,MAC,0,0,0,0,0,0,0,0,0
osm:relation:10928384,Municipio Miranda,Anzoátegui,2025-10,OIL,0,0,0,0,0,0,0,0,0
osm:relation:10928384,Municipio Miranda,Anzoátegui,2025-10,POL,0,0,0,0,0,0,0,0,0
osm:relation:10928384,Municipio Miranda,Anzoátegui,2025-10,SAN,0,0,0,0,0,0,0,0,0
osm:relation:10928384,Municipio Miranda,Anzoátegui,2025-10,SEC,0,0,0,0,0,0,0,0,0
osm:relation:10928384,Municipio Miranda,Anzoátegui,2025-11,CON,0,0,0,0,0,0,0,0,0
osm:relation:10928384,Municipio Miranda,Anzoátegui,2025-11,ELM,0,0,0,0,0,0,0,0,0
osm:relation:10928384,Municipio Miranda,Anzoátegui,2025-11,EXT,0,0,0,0,0,0,0,0,0
osm:relation:10928384,Municipio Miranda,Anzoátegui,2025-11,MAC,0,0,0,0,0,0,0,0,0
osm:relation:10928384,Municipio Miranda,Anzoátegui,2025-11,OIL,0,0,0,0,0,0,0,0,0
osm:relation:10928384,Municipio Miranda,Anzoátegui,2025-11,POL,0,0,0,0,0,0,0,0,0
osm:relation:10928384,Municipio Miranda,Anzoátegui,2025-11,SAN,0,0,0,0,0,0,0,0,0
osm:relation:10928384,Municipio Miranda,Anzoátegui,2025-11,SEC,0,0,0,0,0,0,0,0,0
osm:relation:10928384,Municipio Miranda,Anzoátegui,2025-12,CON,0,0,0,0,0,0,0,0,0
osm:relation:10928384,Municipio Miranda,Anzoátegui,2025-12,ELM,0,0,0,0,0,0,0,0,0
osm:relation:10928384,Municipio Miranda,Anzoátegui,2025-12,EXT,0,0,0,0,0,0,0,0,0
osm:relation:10928384,Municipio Miranda,Anzoátegui,2025-12,MAC,0,0,0,0,0,0,0,0,0
osm:relation:10928384,Municipio Miranda,Anzoátegui,2025-12,OIL,0,0,0,0,0,0,0,0,0
osm:relation:10928384,Municipio Miranda,Anzoátegui,2025-12,POL,0,0,0,0,0,0,0,0,0
osm:relation:10928384,Municipio Miranda,Anzoátegui,2025-12,SAN,0,0,0,0,0,0,0,0,0
osm:relation:10928384,Municipio Miranda,Anzoátegui,2025-12,SEC,0,0,0,0,0,0,0,0,0
osm:relation:10928384,Municipio Miranda,Anzoátegui,2026-01,CON,0,0,0,0,0,0,0,0,0
osm:relation:10928384,Municipio Miranda,Anzoátegui,2026-01,ELM,0,0,0,0,0,0,0,0,0
osm:relation:10928384,Municipio Miranda,Anzoátegui,2026-01,EXT,0,0,0,0,0,0,0,0,0
osm:relation:10928384,Municipio Miranda,Anzoátegui,2026-01,MAC,0,0,0,0,0,0,0,0,0
osm:relation:10928384,Municipio Miranda,Anzoátegui,2026-01,OIL,0,0,0,0,0,0,0,0,0
osm:relation:10928384,Municipio Miranda,Anzoátegui,2026-01,POL,0,0,0,0,0,0,0,0,0
osm:relation:10928384,Municipio Miranda,Anzoátegui,2026-01,SAN,0,0,0,0,0,0,0,0,0
osm:relation:10928384,Municipio Miranda,Anzoátegui,2026-01,SEC,0,0,0,0,0,0,0,0,0
osm:relation:10928384,Municipio Miranda,Anzoátegui,2026-02,CON,0,0,0,0,0,0,0,0,0
osm:relation:10928384,Municipio Miranda,Anzoátegui,2026-02,ELM,0,0,0,0,0,0,0,0,0
osm:relation:10928384,Municipio Miranda,Anzoátegui,2026-02,EXT,0,0,0,0,0,0,0,0,0
osm:relation:10928384,Municipio Miranda,Anzoátegui,2026-02,MAC,0,0,0,0,0,0,0,0,0
osm:relation:10928384,Municipio Miranda,Anzoátegui,2026-02,OIL,0,0,0,0,0,0,0,0,0
osm:relation:10928384,Municipio Miranda,Anzoátegui,2026-02,POL,0,0,0,0,0,0,0,0,0
osm:relation:10928384,Municipio Miranda,Anzoátegui,2026-02,SAN,0,0,0,0,0,0,0,0,0
osm:relation:10928384,Municipio Miranda,Anzoátegui,2026-02,SEC,0,0,0,0,0,0,0,0,0
osm:relation:10928384,Municipio Miranda,Anzoátegui,2026-03,CON,0,0,0,0,0,0,0,0,0
osm:relation:10928384,Municipio Miranda,Anzoátegui,2026-03,ELM,0,0,0,0,0,0,0,0,0
osm:relation:10928384,Municipio Miranda,Anzoátegui,2026-03,EXT,0,0,0,0,0,0,0,0,0
osm:relation:10928384,Municipio Miranda,Anzoátegui,2026-03,MAC,0,0,0,0,0,0,0,0,0
osm:relation:10928384,Municipio Miranda,Anzoátegui,2026-03,OIL,0,0,0,0,0,0,0,0,0
osm:relation:10928384,Municipio Miranda,Anzoátegui,2026-03,POL,0,0,0,0,0,0,0,0,0
osm:relation:10928384,Municipio Miranda,Anzoátegui,2026-03,SAN,0,0,0,0,0,0,0,0,0
osm:relation:10928384,Municipio Miranda,Anzoátegui,2026-03,SEC,0,0,0,0,0,0,0,0,0
osm:relation:10928384,Municipio Miranda,Anzoátegui,2026-04,CON,0,0,0,0,0,0,0,0,0
osm:relation:10928384,Municipio Miranda,Anzoátegui,2026-04,ELM,0,0,0,0,0,0,0,0,0
osm:relation:10928384,Municipio Miranda,Anzoátegui,2026-04,EXT,0,0,0,0,0,0,0,0,0
osm:relation:10928384,Municipio Miranda,Anzoátegui,2026-04,MAC,0,0,0,0,0,0,0,0,0
osm:relation:10928384,Municipio Miranda,Anzoátegui,2026-04,OIL,0,0,0,0,0,0,0,0,0
osm:relation:10928384,Municipio Miranda,Anzoátegui,2026-04,POL,0,0,0,0,0,0,0,0,0
osm:relation:10928384,Municipio Miranda,Anzoátegui,2026-04,SAN,0,0,0,0,0,0,0,0,0
osm:relation:10928384,Municipio Miranda,Anzoátegui,2026-04,SEC,0,0,0,0,0,0,0,0,0
osm:relation:10928384,Municipio Miranda,Anzoátegui,2026-05,CON,0,0,0,0,0,0,0,0,0
osm:relation:10928384,Municipio Miranda,Anzoátegui,2026-05,ELM,0,0,0,0,0,0,0,0,0
osm:relation:10928384,Municipio Miranda,Anzoátegui,2026-05,EXT,0,0,0,0,0,0,0,0,0
osm:relation:10928384,Municipio Miranda,Anzoátegui,2026-05,MAC,0,0,0,0,0,0,0,0,0
osm:relation:10928384,Municipio Miranda,Anzoátegui,2026-05,OIL,0,0,0,0,0,0,0,0,0
osm:relation:10928384,Municipio Miranda,Anzoátegui,2026-05,POL,0,0,0,0,0,0,0,0,0
osm:relation:10928384,Municipio Miranda,Anzoátegui,2026-05,SAN,0,0,0,0,0,0,0,0,0
osm:relation:10928384,Municipio Miranda,Anzoátegui,2026-05,SEC,0,0,0,0,0,0,0,0,0
osm:relation:10928384,Municipio Miranda,Anzoátegui,2026-06,CON,0,0,0,0,0,0,0,0,0
osm:relation:10928384,Municipio Miranda,Anzoátegui,2026-06,ELM,0,0,0,0,0,0,0,0,0
osm:relation:10928384,Municipio Miranda,Anzoátegui,2026-06,EXT,0,0,0,0,0,0,0,0,0
osm:relation:10928384,Municipio Miranda,Anzoátegui,2026-06,MAC,0,0,0,0,0,0,0,0,0
osm:relation:10928384,Municipio Miranda,Anzoátegui,2026-06,OIL,0,0,0,0,0,0,0,0,0
osm:relation:10928384,Municipio Miranda,Anzoátegui,2026-06,POL,0,0,0,0,0,0,0,0,0
osm:relation:10928384,Municipio Miranda,Anzoátegui,2026-06,SAN,0,0,0,0,0,0,0,0,0
osm:relation:10928384,Municipio Miranda,Anzoátegui,2026-06,SEC,0,0,0,0,0,0,0,0,0
osm:relation:10928384,Municipio Miranda,Anzoátegui,2026-07,CON,0,0,0,0,0,0,0,0,0
osm:relation:10928384,Municipio Miranda,Anzoátegui,2026-07,ELM,0,0,0,0,0,0,0,0,0
osm:relation:10928384,Municipio Miranda,Anzoátegui,2026-07,EXT,0,0,0,0,0,0,0,0,0
osm:relation:10928384,Municipio Miranda,Anzoátegui,2026-07,MAC,0,0,0,0,0,0,0,0,0
osm:relation:10928384,Municipio Miranda,Anzoátegui,2026-07,OIL,0,0,0,0,0,0,0,0,0
osm:relation:10928384,Municipio Miranda,Anzoátegui,2026-07,POL,0,0,0,0,0,0,0,0,0
osm:relation:10928384,Municipio Miranda,Anzoátegui,2026-07,SAN,0,0,0,0,0,0,0,0,0
osm:relation:10928384,Municipio Miranda,Anzoátegui,2026-07,SEC,0,0,0,0,0,0,0,0,0
osm:relation:10928384,Municipio Miranda,Anzoátegui,2026-08,CON,0,0,0,0,0,0,0,0,0
osm:relation:10928384,Municipio Miranda,Anzoátegui,2026-08,ELM,0,0,0,0,0,0,0,0,0
osm:relation:10928384,Municipio Miranda,Anzoátegui,2026-08,EXT,0,0,0,0,0,0,0,0,0
osm:relation:10928384,Municipio Miranda,Anzoátegui,2026-08,MAC,0,0,0,0,0,0,0,0,0
osm:relation:10928384,Municipio Miranda,Anzoátegui,2026-08,OIL,0,0,0,0,0,0,0,0,0
osm:relation:10928384,Municipio Miranda,Anzoátegui,2026-08,POL,0,0,0,0,0,0,0,0,0
osm:relation:10928384,Municipio Miranda,Anzoátegui,2026-08,SAN,0,0,0,0,0,0,0,0,0
osm:relation:10928384,Municipio Miranda,Anzoátegui,2026-08,SEC,0,0,0,0,0,0,0,0,0
osm:relation:10928384,Municipio Miranda,Anzoátegui,2026-09,CON,0,0,0,0,0,0,0,0,0
osm:relation:10928384,Municipio Miranda,Anzoátegui,2026-09,ELM,0,0,0,0,0,0,0,0,0
osm:relation:10928384,Municipio Miranda,Anzoátegui,2026-09,EXT,0,0,0,0,0,0,0,0,0
osm:relation:10928384,Municipio Miranda,Anzoátegui,2026-09,MAC,0,0,0,0,0,0,0,0,0
osm:relation:10928384,Municipio Miranda,Anzoátegui,2026-09,OIL,0,0,0,0,0,0,0,0,0
osm:relation:10928384,Municipio Miranda,Anzoátegui,2026-09,POL,0,0,0,0,0,0,0,0,0
osm:relation:10928384,Municipio Miranda,Anzoátegui,2026-09,SAN,0,0,0,0,0,0,0,0,0
osm:relation:10928384,Municipio Miranda,Anzoátegui,2026-09,SEC,0,0,0,0,0,0,0,0,0
osm:relation:10928385,Municipio Monagas,Anzoátegui,2024-09,CON,0,0,0,0,0,0,0,0,0
osm:relation:10928385,Municipio Monagas,Anzoátegui,2024-09,ELM,0,0,0,0,0,0,0,0,0
osm:relation:10928385,Municipio Monagas,Anzoátegui,2024-09,EXT,0,0,0,0,0,0,0,0,0
osm:relation:10928385,Municipio Monagas,Anzoátegui,2024-09,MAC,0,0,0,0,0,0,0,0,0
osm:relation:10928385,Municipio Monagas,Anzoátegui,2024-09,OIL,0,0,0,0,0,0,0,0,0
osm:relation:10928385,Municipio Monagas,Anzoátegui,2024-09,POL,0,0,0,0,0,0,0,0,0
osm:relation:10928385,Municipio Monagas,Anzoátegui,2024-09,SAN,0,0,0,0,0,0,0,0,0
osm:relation:10928385,Municipio Monagas,Anzoátegui,2024-09,SEC,0,0,0,0,0,0,0,0,0
osm:relation:10928385,Municipio Monagas,Anzoátegui,2024-10,CON,0,0,0,0,0,0,0,0,0
osm:relation:10928385,Municipio Monagas,Anzoátegui,2024-10,ELM,0,0,0,0,0,0,0,0,0
osm:relation:10928385,Municipio Monagas,Anzoátegui,2024-10,EXT,0,0,0,0,0,0,0,0,0
osm:relation:10928385,Municipio Monagas,Anzoátegui,2024-10,MAC,0,0,0,0,0,0,0,0,0
osm:relation:10928385,Municipio Monagas,Anzoátegui,2024-10,OIL,0,0,0,0,0,0,0,0,0
osm:relation:10928385,Municipio Monagas,Anzoátegui,2024-10,POL,0,0,0,0,0,0,0,0,0
osm:relation:10928385,Municipio Monagas,Anzoátegui,2024-10,SAN,0,0,0,0,0,0,0,0,0
osm:relation:10928385,Municipio Monagas,Anzoátegui,2024-10,SEC,0,0,0,0,0,0,0,0,0
osm:relation:10928385,Municipio Monagas,Anzoátegui,2024-11,CON,0,0,0,0,0,0,0,0,0
osm:relation:10928385,Municipio Monagas,Anzoátegui,2024-11,ELM,0,0,0,0,0,0,0,0,0
osm:relation:10928385,Municipio Monagas,Anzoátegui,2024-11,EXT,0,0,0,0,0,0,0,0,0
osm:relation:10928385,Municipio Monagas,Anzoátegui,2024-11,MAC,0,0,0,0,0,0,0,0,0
osm:relation:10928385,Municipio Monagas,Anzoátegui,2024-11,OIL,0,0,0,0,0,0,0,0,0
osm:relation:10928385,Municipio Monagas,Anzoátegui,2024-11,POL,0,0,0,0,0,0,0,0,0
osm:relation:10928385,Municipio Monagas,Anzoátegui,2024-11,SAN,0,0,0,0,0,0,0,0,0
osm:relation:10928385,Municipio Monagas,Anzoátegui,2024-11,SEC,0,0,0,0,0,0,0,0,0
osm:relation:10928385,Municipio Monagas,Anzoátegui,2024-12,CON,0,0,0,0,0,0,0,0,0
osm:relation:10928385,Municipio Monagas,Anzoátegui,2024-12,ELM,0,0,0,0,0,0,0,0,0
osm:relation:10928385,Municipio Monagas,Anzoátegui,2024-12,EXT,0,0,0,0,0,0,0,0,0
osm:relation:10928385,Municipio Monagas,Anzoátegui,2024-12,MAC,0,0,0,0,0,0,0,0,0
osm:relation:10928385,Municipio Monagas,Anzoátegui,2024-12,OIL,0,0,0,0,0,0,0,0,0
osm:relation:10928385,Municipio Monagas,Anzoátegui,2024-12,POL,0,0,0,0,0,0,0,0,0
osm:relation:10928385,Municipio Monagas,Anzoátegui,2024-12,SAN,0,0,0,0,0,0,0,0,0
osm:relation:10928385,Municipio Monagas,Anzoátegui,2024-12,SEC,0,0,0,0,0,0,0,0,0
osm:relation:10928385,Municipio Monagas,Anzoátegui,2025-01,CON,0,0,0,0,0,0,0,0,0
osm:relation:10928385,Municipio Monagas,Anzoátegui,2025-01,ELM,0,0,0,0,0,0,0,0,0
osm:relation:10928385,Municipio Monagas,Anzoátegui,2025-01,EXT,0,0,0,0,0,0,0,0,0
osm:relation:10928385,Municipio Monagas,Anzoátegui,2025-01,MAC,0,0,0,0,0,0,0,0,0
osm:relation:10928385,Municipio Monagas,Anzoátegui,2025-01,OIL,0,0,0,0,0,0,0,0,0
osm:relation:10928385,Municipio Monagas,Anzoátegui,2025-01,POL,0,0,0,0,0,0,0,0,0
osm:relation:10928385,Municipio Monagas,Anzoátegui,2025-01,SAN,0,0,0,0,0,0,0,0,0
osm:relation:10928385,Municipio Monagas,Anzoátegui,2025-01,SEC,0,0,0,0,0,0,0,0,0
osm:relation:10928385,Municipio Monagas,Anzoátegui,2025-02,CON,0,0,0,0,0,0,0,0,0
osm:relation:10928385,Municipio Monagas,Anzoátegui,2025-02,ELM,0,0,0,0,0,0,0,0,0
osm:relation:10928385,Municipio Monagas,Anzoátegui,2025-02,EXT,0,0,0,0,0,0,0,0,0
osm:relation:10928385,Municipio Monagas,Anzoátegui,2025-02,MAC,0,0,0,0,0,0,0,0,0
osm:relation:10928385,Municipio Monagas,Anzoátegui,2025-02,OIL,0,0,0,0,0,0,0,0,0
osm:relation:10928385,Municipio Monagas,Anzoátegui,2025-02,POL,0,0,0,0,0,0,0,0,0
osm:relation:10928385,Municipio Monagas,Anzoátegui,2025-02,SAN,0,0,0,0,0,0,0,0,0
osm:relation:10928385,Municipio Monagas,Anzoátegui,2025-02,SEC,0,0,0,0,0,0,0,0,0
osm:relation:10928385,Municipio Monagas,Anzoátegui,2025-03,CON,0,0,0,0,0,0,0,0,0
osm:relation:10928385,Municipio Monagas,Anzoátegui,2025-03,ELM,0,0,0,0,0,0,0,0,0
osm:relation:10928385,Municipio Monagas,Anzoátegui,2025-03,EXT,0,0,0,0,0,0,0,0,0
osm:relation:10928385,Municipio Monagas,Anzoátegui,2025-03,MAC,0,0,0,0,0,0,0,0,0
osm:relation:10928385,Municipio Monagas,Anzoátegui,2025-03,OIL,0,0,0,0,0,0,0,0,0
osm:relation:10928385,Municipio Monagas,Anzoátegui,2025-03,POL,0,0,0,0,0,0,0,0,0
osm:relation:10928385,Municipio Monagas,Anzoátegui,2025-03,SAN,0,0,0,0,0,0,0,0,0
osm:relation:10928385,Municipio Monagas,Anzoátegui,2025-03,SEC,0,0,0,0,0,0,0,0,0
osm:relation:10928385,Municipio Monagas,Anzoátegui,2025-04,CON,0,0,0,0,0,0,0,0,0
osm:relation:10928385,Municipio Monagas,Anzoátegui,2025-04,ELM,0,0,0,0,0,0,0,0,0
osm:relation:10928385,Municipio Monagas,Anzoátegui,2025-04,EXT,0,0,0,0,0,0,0,0,0
osm:relation:10928385,Municipio Monagas,Anzoátegui,2025-04,MAC,0,0,0,0,0,0,0,0,0
osm:relation:10928385,Municipio Monagas,Anzoátegui,2025-04,OIL,0,0,0,0,0,0,0,0,0
osm:relation:10928385,Municipio Monagas,Anzoátegui,2025-04,POL,0,0,0,0,0,0,0,0,0
osm:relation:10928385,Municipio Monagas,Anzoátegui,2025-04,SAN,0,0,0,0,0,0,0,0,0
osm:relation:10928385,Municipio Monagas,Anzoátegui,2025-04,SEC,0,0,0,0,0,0,0,0,0
osm:relation:10928385,Municipio Monagas,Anzoátegui,2025-05,CON,0,0,0,0,0,0,0,0,0
osm:relation:10928385,Municipio Monagas,Anzoátegui,2025-05,ELM,0,0,0,0,0,0,0,0,0
osm:relation:10928385,Municipio Monagas,Anzoátegui,2025-05,EXT,0,0,0,0,0,0,0,0,0
osm:relation:10928385,Municipio Monagas,Anzoátegui,2025-05,MAC,0,0,0,0,0,0,0,0,0
osm:relation:10928385,Municipio Monagas,Anzoátegui,2025-05,OIL,0,0,0,0,0,0,0,0,0
osm:relation:10928385,Municipio Monagas,Anzoátegui,2025-05,POL,0,0,0,0,0,0,0,0,0
osm:relation:10928385,Municipio Monagas,Anzoátegui,2025-05,SAN,0,0,0,0,0,0,0,0,0
osm:relation:10928385,Municipio Monagas,Anzoátegui,2025-05,SEC,0,0,0,0,0,0,0,0,0
osm:relation:10928385,Municipio Monagas,Anzoátegui,2025-06,CON,0,0,0,0,0,0,0,0,0
osm:relation:10928385,Municipio Monagas,Anzoátegui,2025-06,ELM,0,0,0,0,0,0,0,0,0
osm:relation:10928385,Municipio Monagas,Anzoátegui,2025-06,EXT,0,0,0,0,0,0,0,0,0
osm:relation:10928385,Municipio Monagas,Anzoátegui,2025-06,MAC,0,0,0,0,0,0,0,0,0
osm:relation:10928385,Municipio Monagas,Anzoátegui,2025-06,OIL,0,0,0,0,0,0,0,0,0
osm:relation:10928385,Municipio Monagas,Anzoátegui,2025-06,POL,0,0,0,0,0,0,0,0,0
osm:relation:10928385,Municipio Monagas,Anzoátegui,2025-06,SAN,0,0,0,0,0,0,0,0,0
osm:relation:10928385,Municipio Monagas,Anzoátegui,2025-06,SEC,0,0,0,0,0,0,0,0,0
osm:relation:10928385,Municipio Monagas,Anzoátegui,2025-07,CON,0,0,0,0,0,0,0,0,0
osm:relation:10928385,Municipio Monagas,Anzoátegui,2025-07,ELM,0,0,0,0,0,0,0,0,0
osm:relation:10928385,Municipio Monagas,Anzoátegui,2025-07,EXT,0,0,0,0,0,0,0,0,0
osm:relation:10928385,Municipio Monagas,Anzoátegui,2025-07,MAC,0,0,0,0,0,0,0,0,0
osm:relation:10928385,Municipio Monagas,Anzoátegui,2025-07,OIL,0,0,0,0,0,0,0,0,0
osm:relation:10928385,Municipio Monagas,Anzoátegui,2025-07,POL,0,0,0,0,0,0,0,0,0
osm:relation:10928385,Municipio Monagas,Anzoátegui,2025-07,SAN,0,0,0,0,0,0,0,0,0
osm:relation:10928385,Municipio Monagas,Anzoátegui,2025-07,SEC,1,1,0,0,0,0,0,0,1
osm:relation:10928385,Municipio Monagas,Anzoátegui,2025-08,CON,0,0,0,0,0,0,0,0,0
osm:relation:10928385,Municipio Monagas,Anzoátegui,2025-08,ELM,0,0,0,0,0,0,0,0,0
osm:relation:10928385,Municipio Monagas,Anzoátegui,2025-08,EXT,0,0,0,0,0,0,0,0,0
osm:relation:10928385,Municipio Monagas,Anzoátegui,2025-08,MAC,0,0,0,0,0,0,0,0,0
osm:relation:10928385,Municipio Monagas,Anzoátegui,2025-08,OIL,0,0,0,0,0,0,0,0,0
osm:relation:10928385,Municipio Monagas,Anzoátegui,2025-08,POL,0,0,0,0,0,0,0,0,0
osm:relation:10928385,Municipio Monagas,Anzoátegui,2025-08,SAN,0,0,0,0,0,0,0,0,0
osm:relation:10928385,Municipio Monagas,Anzoátegui,2025-08,SEC,0,0,0,0,0,0,0,0,0
osm:relation:10928385,Municipio Monagas,Anzoátegui,2025-09,CON,0,0,0,0,0,0,0,0,0
osm:relation:10928385,Municipio Monagas,Anzoátegui,2025-09,ELM,0,0,0,0,0,0,0,0,0
osm:relation:10928385,Municipio Monagas,Anzoátegui,2025-09,EXT,0,0,0,0,0,0,0,0,0
osm:relation:10928385,Municipio Monagas,Anzoátegui,2025-09,MAC,0,0,0,0,0,0,0,0,0
osm:relation:10928385,Municipio Monagas,Anzoátegui,2025-09,OIL,0,0,0,0,0,0,0,0,0
osm:relation:10928385,Municipio Monagas,Anzoátegui,2025-09,POL,0,0,0,0,0,0,0,0,0
osm:relation:10928385,Municipio Monagas,Anzoátegui,2025-09,SAN,0,0,0,0,0,0,0,0,0
osm:relation:10928385,Municipio Monagas,Anzoátegui,2025-09,SEC,0,0,0,0,0,0,0,0,0
osm:relation:10928385,Municipio Monagas,Anzoátegui,2025-10,CON,0,0,0,0,0,0,0,0,0
osm:relation:10928385,Municipio Monagas,Anzoátegui,2025-10,ELM,0,0,0,0,0,0,0,0,0
osm:relation:10928385,Municipio Monagas,Anzoátegui,2025-10,EXT,0,0,0,0,0,0,0,0,0
osm:relation:10928385,Municipio Monagas,Anzoátegui,2025-10,MAC,0,0,0,0,0,0,0,0,0
osm:relation:10928385,Municipio Monagas,Anzoátegui,2025-10,OIL,0,0,0,0,0,0,0,0,0
osm:relation:10928385,Municipio Monagas,Anzoátegui,2025-10,POL,0,0,0,0,0,0,0,0,0
osm:relation:10928385,Municipio Monagas,Anzoátegui,2025-10,SAN,0,0,0,0,0,0,0,0,0
osm:relation:10928385,Municipio Monagas,Anzoátegui,2025-10,SEC,0,0,0,0,0,0,0,0,0
osm:relation:10928385,Municipio Monagas,Anzoátegui,2025-11,CON,0,0,0,0,0,0,0,0,0
osm:relation:10928385,Municipio Monagas,Anzoátegui,2025-11,ELM,0,0,0,0,0,0,0,0,0
osm:relation:10928385,Municipio Monagas,Anzoátegui,2025-11,EXT,0,0,0,0,0,0,0,0,0
osm:relation:10928385,Municipio Monagas,Anzoátegui,2025-11,MAC,0,0,0,0,0,0,0,0,0
osm:relation:10928385,Municipio Monagas,Anzoátegui,2025-11,OIL,0,0,0,0,0,0,0,0,0
osm:relation:10928385,Municipio Monagas,Anzoátegui,2025-11,POL,0,0,0,0,0,0,0,0,0
osm:relation:10928385,Municipio Monagas,Anzoátegui,2025-11,SAN,0,0,0,0,0,0,0,0,0
osm:relation:10928385,Municipio Monagas,Anzoátegui,2025-11,SEC,0,0,0,0,0,0,0,0,0
osm:relation:10928385,Municipio Monagas,Anzoátegui,2025-12,CON,0,0,0,0,0,0,0,0,0
osm:relation:10928385,Municipio Monagas,Anzoátegui,2025-12,ELM,0,0,0,0,0,0,0,0,0
osm:relation:10928385,Municipio Monagas,Anzoátegui,2025-12,EXT,0,0,0,0,0,0,0,0,0
osm:relation:10928385,Municipio Monagas,Anzoátegui,2025-12,MAC,0,0,0,0,0,0,0,0,0
osm:relation:10928385,Municipio Monagas,Anzoátegui,2025-12,OIL,0,0,0,0,0,0,0,0,0
osm:relation:10928385,Municipio Monagas,Anzoátegui,2025-12,POL,0,0,0,0,0,0,0,0,0
osm:relation:10928385,Municipio Monagas,Anzoátegui,2025-12,SAN,0,0,0,0,0,0,0,0,0
osm:relation:10928385,Municipio Monagas,Anzoátegui,2025-12,SEC,0,0,0,0,0,0,0,0,0
osm:relation:10928385,Municipio Monagas,Anzoátegui,2026-01,CON,0,0,0,0,0,0,0,0,0
osm:relation:10928385,Municipio Monagas,Anzoátegui,2026-01,ELM,0,0,0,0,0,0,0,0,0
osm:relation:10928385,Municipio Monagas,Anzoátegui,2026-01,EXT,0,0,0,0,0,0,0,0,0
osm:relation:10928385,Municipio Monagas,Anzoátegui,2026-01,MAC,0,0,0,0,0,0,0,0,0
osm:relation:10928385,Municipio Monagas,Anzoátegui,2026-01,OIL,0,0,0,0,0,0,0,0,0
osm:relation:10928385,Municipio Monagas,Anzoátegui,2026-01,POL,0,0,0,0,0,0,0,0,0
osm:relation:10928385,Municipio Monagas,Anzoátegui,2026-01,SAN,0,0,0,0,0,0,0,0,0
osm:relation:10928385,Municipio Monagas,Anzoátegui,2026-01,SEC,0,0,0,0,0,0,0,0,0
osm:relation:10928385,Municipio Monagas,Anzoátegui,2026-02,CON,0,0,0,0,0,0,0,0,0
osm:relation:10928385,Municipio Monagas,Anzoátegui,2026-02,ELM,0,0,0,0,0,0,0,0,0
osm:relation:10928385,Municipio Monagas,Anzoátegui,2026-02,EXT,0,0,0,0,0,0,0,0,0
osm:relation:10928385,Municipio Monagas,Anzoátegui,2026-02,MAC,0,0,0,0,0,0,0,0,0
osm:relation:10928385,Municipio Monagas,Anzoátegui,2026-02,OIL,0,0,0,0,0,0,0,0,0
osm:relation:10928385,Municipio Monagas,Anzoátegui,2026-02,POL,0,0,0,0,0,0,0,0,0
osm:relation:10928385,Municipio Monagas,Anzoátegui,2026-02,SAN,0,0,0,0,0,0,0,0,0
osm:relation:10928385,Municipio Monagas,Anzoátegui,2026-02,SEC,0,0,0,0,0,0,0,0,0
osm:relation:10928385,Municipio Monagas,Anzoátegui,2026-03,CON,0,0,0,0,0,0,0,0,0
osm:relation:10928385,Municipio Monagas,Anzoátegui,2026-03,ELM,0,0,0,0,0,0,0,0,0
osm:relation:10928385,Municipio Monagas,Anzoátegui,2026-03,EXT,0,0,0,0,0,0,0,0,0
osm:relation:10928385,Municipio Monagas,Anzoátegui,2026-03,MAC,0,0,0,0,0,0,0,0,0
osm:relation:10928385,Municipio Monagas,Anzoátegui,2026-03,OIL,0,0,0,0,0,0,0,0,0
osm:relation:10928385,Municipio Monagas,Anzoátegui,2026-03,POL,0,0,0,0,0,0,0,0,0
osm:relation:10928385,Municipio Monagas,Anzoátegui,2026-03,SAN,0,0,0,0,0,0,0,0,0
osm:relation:10928385,Municipio Monagas,Anzoátegui,2026-03,SEC,0,0,0,0,0,0,0,0,0
osm:relation:10928385,Municipio Monagas,Anzoátegui,2026-04,CON,0,0,0,0,0,0,0,0,0
osm:relation:10928385,Municipio Monagas,Anzoátegui,2026-04,ELM,0,0,0,0,0,0,0,0,0
osm:relation:10928385,Municipio Monagas,Anzoátegui,2026-04,EXT,0,0,0,0,0,0,0,0,0
osm:relation:10928385,Municipio Monagas,Anzoátegui,2026-04,MAC,0,0,0,0,0,0,0,0,0
osm:relation:10928385,Municipio Monagas,Anzoátegui,2026-04,OIL,0,0,0,0,0,0,0,0,0
osm:relation:10928385,Municipio Monagas,Anzoátegui,2026-04,POL,0,0,0,0,0,0,0,0,0
osm:relation:10928385,Municipio Monagas,Anzoátegui,2026-04,SAN,0,0,0,0,0,0,0,0,0
osm:relation:10928385,Municipio Monagas,Anzoátegui,2026-04,SEC,0,0,0,0,0,0,0,0,0
osm:relation:10928385,Municipio Monagas,Anzoátegui,2026-05,CON,0,0,0,0,0,0,0,0,0
osm:relation:10928385,Municipio Monagas,Anzoátegui,2026-05,ELM,0,0,0,0,0,0,0,0,0
osm:relation:10928385,Municipio Monagas,Anzoátegui,2026-05,EXT,0,0,0,0,0,0,0,0,0
osm:relation:10928385,Municipio Monagas,Anzoátegui,2026-05,MAC,0,0,0,0,0,0,0,0,0
osm:relation:10928385,Municipio Monagas,Anzoátegui,2026-05,OIL,0,0,0,0,0,0,0,0,0
osm:relation:10928385,Municipio Monagas,Anzoátegui,2026-05,POL,0,0,0,0,0,0,0,0,0
osm:relation:10928385,Municipio Monagas,Anzoátegui,2026-05,SAN,0,0,0,0,0,0,0,0,0
osm:relation:10928385,Municipio Monagas,Anzoátegui,2026-05,SEC,0,0,0,0,0,0,0,0,0
osm:relation:10928385,Municipio Monagas,Anzoátegui,2026-06,CON,0,0,0,0,0,0,0,0,0
osm:relation:10928385,Municipio Monagas,Anzoátegui,2026-06,ELM,0,0,0,0,0,0,0,0,0
osm:relation:10928385,Municipio Monagas,Anzoátegui,2026-06,EXT,0,0,0,0,0,0,0,0,0
osm:relation:10928385,Municipio Monagas,Anzoátegui,2026-06,MAC,0,0,0,0,0,0,0,0,0
osm:relation:10928385,Municipio Monagas,Anzoátegui,2026-06,OIL,0,0,0,0,0,0,0,0,0
osm:relation:10928385,Municipio Monagas,Anzoátegui,2026-06,POL,0,0,0,0,0,0,0,0,0
osm:relation:10928385,Municipio Monagas,Anzoátegui,2026-06,SAN,0,0,0,0,0,0,0,0,0
osm:relation:10928385,Municipio Monagas,Anzoátegui,2026-06,SEC,0,0,0,0,0,0,0,0,0
osm:relation:10928385,Municipio Monagas,Anzoátegui,2026-07,CON,0,0,0,0,0,0,0,0,0
osm:relation:10928385,Municipio Monagas,Anzoátegui,2026-07,ELM,0,0,0,0,0,0,0,0,0
osm:relation:10928385,Municipio Monagas,Anzoátegui,2026-07,EXT,0,0,0,0,0,0,0,0,0
osm:relation:10928385,Municipio Monagas,Anzoátegui,2026-07,MAC,0,0,0,0,0,0,0,0,0
osm:relation:10928385,Municipio Monagas,Anzoátegui,2026-07,OIL,0,0,0,0,0,0,0,0,0
osm:relation:10928385,Municipio Monagas,Anzoátegui,2026-07,POL,0,0,0,0,0,0,0,0,0
osm:relation:10928385,Municipio Monagas,Anzoátegui,2026-07,SAN,0,0,0,0,0,0,0,0,0
osm:relation:10928385,Municipio Monagas,Anzoátegui,2026-07,SEC,0,0,0,0,0,0,0,0,0
osm:relation:10928385,Municipio Monagas,Anzoátegui,2026-08,CON,0,0,0,0,0,0,0,0,0
osm:relation:10928385,Municipio Monagas,Anzoátegui,2026-08,ELM,0,0,0,0,0,0,0,0,0
osm:relation:10928385,Municipio Monagas,Anzoátegui,2026-08,EXT,0,0,0,0,0,0,0,0,0
osm:relation:10928385,Municipio Monagas,Anzoátegui,2026-08,MAC,0,0,0,0,0,0,0,0,0
osm:relation:10928385,Municipio Monagas,Anzoátegui,2026-08,OIL,0,0,0,0,0,0,0,0,0
osm:relation:10928385,Municipio Monagas,Anzoátegui,2026-08,POL,0,0,0,0,0,0,0,0,0
osm:relation:10928385,Municipio Monagas,Anzoátegui,2026-08,SAN,0,0,0,0,0,0,0,0,0
osm:relation:10928385,Municipio Monagas,Anzoátegui,2026-08,SEC,0,0,0,0,0,0,0,0,0
osm:relation:10928385,Municipio Monagas,Anzoátegui,2026-09,CON,0,0,0,0,0,0,0,0,0
osm:relation:10928385,Municipio Monagas,Anzoátegui,2026-09,ELM,0,0,0,0,0,0,0,0,0
osm:relation:10928385,Municipio Monagas,Anzoátegui,2026-09,EXT,0,0,0,0,0,0,0,0,0
osm:relation:10928385,Municipio Monagas,Anzoátegui,2026-09,MAC,0,0,0,0,0,0,0,0,0
osm:relation:10928385,Municipio Monagas,Anzoátegui,2026-09,OIL,0,0,0,0,0,0,0,0,0
osm:relation:10928385,Municipio Monagas,Anzoátegui,2026-09,POL,0,0,0,0,0,0,0,0,0
osm:relation:10928385,Municipio Monagas,Anzoátegui,2026-09,SAN,0,0,0,0,0,0,0,0,0
osm:relation:10928385,Municipio Monagas,Anzoátegui,2026-09,SEC,0,0,0,0,0,0,0,0,0
osm:relation:10961994,Municipio Píritu,Anzoátegui,2024-09,CON,0,0,0,0,0,0,0,0,0
osm:relation:10961994,Municipio Píritu,Anzoátegui,2024-09,ELM,0,0,0,0,0,0,0,0,0
osm:relation:10961994,Municipio Píritu,Anzoátegui,2024-09,EXT,0,0,0,0,0,0,0,0,0
osm:relation:10961994,Municipio Píritu,Anzoátegui,2024-09,MAC,0,0,0,0,0,0,0,0,0
osm:relation:10961994,Municipio Píritu,Anzoátegui,2024-09,OIL,0,0,0,0,0,0,0,0,0
osm:relation:10961994,Municipio Píritu,Anzoátegui,2024-09,POL,0,0,0,0,0,0,0,0,0
osm:relation:10961994,Municipio Píritu,Anzoátegui,2024-09,SAN,0,0,0,0,0,0,0,0,0
osm:relation:10961994,Municipio Píritu,Anzoátegui,2024-09,SEC,0,0,0,0,0,0,0,0,0
osm:relation:10961994,Municipio Píritu,Anzoátegui,2024-10,CON,0,0,0,0,0,0,0,0,0
osm:relation:10961994,Municipio Píritu,Anzoátegui,2024-10,ELM,0,0,0,0,0,0,0,0,0
osm:relation:10961994,Municipio Píritu,Anzoátegui,2024-10,EXT,0,0,0,0,0,0,0,0,0
osm:relation:10961994,Municipio Píritu,Anzoátegui,2024-10,MAC,0,0,0,0,0,0,0,0,0
osm:relation:10961994,Municipio Píritu,Anzoátegui,2024-10,OIL,0,0,0,0,0,0,0,0,0
osm:relation:10961994,Municipio Píritu,Anzoátegui,2024-10,POL,0,0,0,0,0,0,0,0,0
osm:relation:10961994,Municipio Píritu,Anzoátegui,2024-10,SAN,0,0,0,0,0,0,0,0,0
osm:relation:10961994,Municipio Píritu,Anzoátegui,2024-10,SEC,0,0,0,0,0,0,0,0,0
osm:relation:10961994,Municipio Píritu,Anzoátegui,2024-11,CON,0,0,0,0,0,0,0,0,0
osm:relation:10961994,Municipio Píritu,Anzoátegui,2024-11,ELM,0,0,0,0,0,0,0,0,0
osm:relation:10961994,Municipio Píritu,Anzoátegui,2024-11,EXT,0,0,0,0,0,0,0,0,0
osm:relation:10961994,Municipio Píritu,Anzoátegui,2024-11,MAC,0,0,0,0,0,0,0,0,0
osm:relation:10961994,Municipio Píritu,Anzoátegui,2024-11,OIL,0,0,0,0,0,0,0,0,0
osm:relation:10961994,Municipio Píritu,Anzoátegui,2024-11,POL,0,0,0,0,0,0,0,0,0
osm:relation:10961994,Municipio Píritu,Anzoátegui,2024-11,SAN,0,0,0,0,0,0,0,0,0
osm:relation:10961994,Municipio Píritu,Anzoátegui,2024-11,SEC,0,0,0,0,0,0,0,0,0
osm:relation:10961994,Municipio Píritu,Anzoátegui,2024-12,CON,0,0,0,0,0,0,0,0,0
osm:relation:10961994,Municipio Píritu,Anzoátegui,2024-12,ELM,0,0,0,0,0,0,0,0,0
osm:relation:10961994,Municipio Píritu,Anzoátegui,2024-12,EXT,0,0,0,0,0,0,0,0,0
osm:relation:10961994,Municipio Píritu,Anzoátegui,2024-12,MAC,0,0,0,0,0,0,0,0,0
osm:relation:10961994,Municipio Píritu,Anzoátegui,2024-12,OIL,0,0,0,0,0,0,0,0,0
osm:relation:10961994,Municipio Píritu,Anzoátegui,2024-12,POL,0,0,0,0,0,0,0,0,0
osm:relation:10961994,Municipio Píritu,Anzoátegui,2024-12,SAN,0,0,0,0,0,0,0,0,0
osm:relation:10961994,Municipio Píritu,Anzoátegui,2024-12,SEC,0,0,0,0,0,0,0,0,0
osm:relation:10961994,Municipio Píritu,Anzoátegui,2025-01,CON,0,0,0,0,0,0,0,0,0
osm:relation:10961994,Municipio Píritu,Anzoátegui,2025-01,ELM,0,0,0,0,0,0,0,0,0
osm:relation:10961994,Municipio Píritu,Anzoátegui,2025-01,EXT,0,0,0,0,0,0,0,0,0
osm:relation:10961994,Municipio Píritu,Anzoátegui,2025-01,MAC,0,0,0,0,0,0,0,0,0
osm:relation:10961994,Municipio Píritu,Anzoátegui,2025-01,OIL,0,0,0,0,0,0,0,0,0
osm:relation:10961994,Municipio Píritu,Anzoátegui,2025-01,POL,0,0,0,0,0,0,0,0,0
osm:relation:10961994,Municipio Píritu,Anzoátegui,2025-01,SAN,0,0,0,0,0,0,0,0,0
osm:relation:10961994,Municipio Píritu,Anzoátegui,2025-01,SEC,0,0,0,0,0,0,0,0,0
osm:relation:10961994,Municipio Píritu,Anzoátegui,2025-02,CON,0,0,0,0,0,0,0,0,0
osm:relation:10961994,Municipio Píritu,Anzoátegui,2025-02,ELM,0,0,0,0,0,0,0,0,0
osm:relation:10961994,Municipio Píritu,Anzoátegui,2025-02,EXT,0,0,0,0,0,0,0,0,0
osm:relation:10961994,Municipio Píritu,Anzoátegui,2025-02,MAC,0,0,0,0,0,0,0,0,0
osm:relation:10961994,Municipio Píritu,Anzoátegui,2025-02,OIL,0,0,0,0,0,0,0,0,0
osm:relation:10961994,Municipio Píritu,Anzoátegui,2025-02,POL,0,0,0,0,0,0,0,0,0
osm:relation:10961994,Municipio Píritu,Anzoátegui,2025-02,SAN,0,0,0,0,0,0,0,0,0
osm:relation:10961994,Municipio Píritu,Anzoátegui,2025-02,SEC,0,0,0,0,0,0,0,0,0
osm:relation:10961994,Municipio Píritu,Anzoátegui,2025-03,CON,0,0,0,0,0,0,0,0,0
osm:relation:10961994,Municipio Píritu,Anzoátegui,2025-03,ELM,0,0,0,0,0,0,0,0,0
osm:relation:10961994,Municipio Píritu,Anzoátegui,2025-03,EXT,0,0,0,0,0,0,0,0,0
osm:relation:10961994,Municipio Píritu,Anzoátegui,2025-03,MAC,0,0,0,0,0,0,0,0,0
osm:relation:10961994,Municipio Píritu,Anzoátegui,2025-03,OIL,0,0,0,0,0,0,0,0,0
osm:relation:10961994,Municipio Píritu,Anzoátegui,2025-03,POL,0,0,0,0,0,0,0,0,0
osm:relation:10961994,Municipio Píritu,Anzoátegui,2025-03,SAN,0,0,0,0,0,0,0,0,0
osm:relation:10961994,Municipio Píritu,Anzoátegui,2025-03,SEC,0,0,0,0,0,0,0,0,0
osm:relation:10961994,Municipio Píritu,Anzoátegui,2025-04,CON,0,0,0,0,0,0,0,0,0
osm:relation:10961994,Municipio Píritu,Anzoátegui,2025-04,ELM,0,0,0,0,0,0,0,0,0
osm:relation:10961994,Municipio Píritu,Anzoátegui,2025-04,EXT,0,0,0,0,0,0,0,0,0
osm:relation:10961994,Municipio Píritu,Anzoátegui,2025-04,MAC,0,0,0,0,0,0,0,0,0
osm:relation:10961994,Municipio Píritu,Anzoátegui,2025-04,OIL,0,0,0,0,0,0,0,0,0
osm:relation:10961994,Municipio Píritu,Anzoátegui,2025-04,POL,0,0,0,0,0,0,0,0,0
osm:relation:10961994,Municipio Píritu,Anzoátegui,2025-04,SAN,0,0,0,0,0,0,0,0,0
osm:relation:10961994,Municipio Píritu,Anzoátegui,2025-04,SEC,0,0,0,0,0,0,0,0,0
osm:relation:10961994,Municipio Píritu,Anzoátegui,2025-05,CON,0,0,0,0,0,0,0,0,0
osm:relation:10961994,Municipio Píritu,Anzoátegui,2025-05,ELM,0,0,0,0,0,0,0,0,0
osm:relation:10961994,Municipio Píritu,Anzoátegui,2025-05,EXT,0,0,0,0,0,0,0,0,0
osm:relation:10961994,Municipio Píritu,Anzoátegui,2025-05,MAC,0,0,0,0,0,0,0,0,0
osm:relation:10961994,Municipio Píritu,Anzoátegui,2025-05,OIL,0,0,0,0,0,0,0,0,0
osm:relation:10961994,Municipio Píritu,Anzoátegui,2025-05,POL,0,0,0,0,0,0,0,0,0
osm:relation:10961994,Municipio Píritu,Anzoátegui,2025-05,SAN,0,0,0,0,0,0,0,0,0
osm:relation:10961994,Municipio Píritu,Anzoátegui,2025-05,SEC,0,0,0,0,0,0,0,0,0
osm:relation:10961994,Municipio Píritu,Anzoátegui,2025-06,CON,0,0,0,0,0,0,0,0,0
osm:relation:10961994,Municipio Píritu,Anzoátegui,2025-06,ELM,0,0,0,0,0,0,0,0,0
osm:relation:10961994,Municipio Píritu,Anzoátegui,2025-06,EXT,0,0,0,0,0,0,0,0,0
osm:relation:10961994,Municipio Píritu,Anzoátegui,2025-06,MAC,0,0,0,0,0,0,0,0,0
osm:relation:10961994,Municipio Píritu,Anzoátegui,2025-06,OIL,0,0,0,0,0,0,0,0,0
osm:relation:10961994,Municipio Píritu,Anzoátegui,2025-06,POL,0,0,0,0,0,0,0,0,0
osm:relation:10961994,Municipio Píritu,Anzoátegui,2025-06,SAN,0,0,0,0,0,0,0,0,0
osm:relation:10961994,Municipio Píritu,Anzoátegui,2025-06,SEC,0,0,0,0,0,0,0,0,0
osm:relation:10961994,Municipio Píritu,Anzoátegui,2025-07,CON,0,0,0,0,0,0,0,0,0
osm:relation:10961994,Municipio Píritu,Anzoátegui,2025-07,ELM,0,0,0,0,0,0,0,0,0
osm:relation:10961994,Municipio Píritu,Anzoátegui,2025-07,EXT,0,0,0,0,0,0,0,0,0
osm:relation:10961994,Municipio Píritu,Anzoátegui,2025-07,MAC,0,0,0,0,0,0,0,0,0
osm:relation:10961994,Municipio Píritu,Anzoátegui,2025-07,OIL,0,0,0,0,0,0,0,0,0
osm:relation:10961994,Municipio Píritu,Anzoátegui,2025-07,POL,0,0,0,0,0,0,0,0,0
osm:relation:10961994,Municipio Píritu,Anzoátegui,2025-07,SAN,0,0,0,0,0,0,0,0,0
osm:relation:10961994,Municipio Píritu,Anzoátegui,2025-07,SEC,0,0,0,0,0,0,0,0,0
osm:relation:10961994,Municipio Píritu,Anzoátegui,2025-08,CON,0,0,0,0,0,0,0,0,0
osm:relation:10961994,Municipio Píritu,Anzoátegui,2025-08,ELM,0,0,0,0,0,0,0,0,0
osm:relation:10961994,Municipio Píritu,Anzoátegui,2025-08,EXT,0,0,0,0,0,0,0,0,0
osm:relation:10961994,Municipio Píritu,Anzoátegui,2025-08,MAC,0,0,0,0,0,0,0,0,0
osm:relation:10961994,Municipio Píritu,Anzoátegui,2025-08,OIL,0,0,0,0,0,0,0,0,0
osm:relation:10961994,Municipio Píritu,Anzoátegui,2025-08,POL,0,0,0,0,0,0,0,0,0
osm:relation:10961994,Municipio Píritu,Anzoátegui,2025-08,SAN,0,0,0,0,0,0,0,0,0
osm:relation:10961994,Municipio Píritu,Anzoátegui,2025-08,SEC,0,0,0,0,0,0,0,0,0
osm:relation:10961994,Municipio Píritu,Anzoátegui,2025-09,CON,0,0,0,0,0,0,0,0,0
osm:relation:10961994,Municipio Píritu,Anzoátegui,2025-09,ELM,0,0,0,0,0,0,0,0,0
osm:relation:10961994,Municipio Píritu,Anzoátegui,2025-09,EXT,0,0,0,0,0,0,0,0,0
osm:relation:10961994,Municipio Píritu,Anzoátegui,2025-09,MAC,0,0,0,0,0,0,0,0,0
osm:relation:10961994,Municipio Píritu,Anzoátegui,2025-09,OIL,0,0,0,0,0,0,0,0,0
osm:relation:10961994,Municipio Píritu,Anzoátegui,2025-09,POL,0,0,0,0,0,0,0,0,0
osm:relation:10961994,Municipio Píritu,Anzoátegui,2025-09,SAN,0,0,0,0,0,0,0,0,0
osm:relation:10961994,Municipio Píritu,Anzoátegui,2025-09,SEC,0,0,0,0,0,0,0,0,0
osm:relation:10961994,Municipio Píritu,Anzoátegui,2025-10,CON,0,0,0,0,0,0,0,0,0
osm:relation:10961994,Municipio Píritu,Anzoátegui,2025-10,ELM,0,0,0,0,0,0,0,0,0
osm:relation:10961994,Municipio Píritu,Anzoátegui,2025-10,EXT,0,0,0,0,0,0,0,0,0
osm:relation:10961994,Municipio Píritu,Anzoátegui,2025-10,MAC,0,0,0,0,0,0,0,0,0
osm:relation:10961994,Municipio Píritu,Anzoátegui,2025-10,OIL,0,0,0,0,0,0,0,0,0
osm:relation:10961994,Municipio Píritu,Anzoátegui,2025-10,POL,0,0,0,0,0,0,0,0,0
osm:relation:10961994,Municipio Píritu,Anzoátegui,2025-10,SAN,0,0,0,0,0,0,0,0,0
osm:relation:10961994,Municipio Píritu,Anzoátegui,2025-10,SEC,0,0,0,0,0,0,0,0,0
osm:relation:10961994,Municipio Píritu,Anzoátegui,2025-11,CON,0,0,0,0,0,0,0,0,0
osm:relation:10961994,Municipio Píritu,Anzoátegui,2025-11,ELM,0,0,0,0,0,0,0,0,0
osm:relation:10961994,Municipio Píritu,Anzoátegui,2025-11,EXT,0,0,0,0,0,0,0,0,0
osm:relation:10961994,Municipio Píritu,Anzoátegui,2025-11,MAC,0,0,0,0,0,0,0,0,0
osm:relation:10961994,Municipio Píritu,Anzoátegui,2025-11,OIL,0,0,0,0,0,0,0,0,0
osm:relation:10961994,Municipio Píritu,Anzoátegui,2025-11,POL,0,0,0,0,0,0,0,0,0
osm:relation:10961994,Municipio Píritu,Anzoátegui,2025-11,SAN,0,0,0,0,0,0,0,0,0
osm:relation:10961994,Municipio Píritu,Anzoátegui,2025-11,SEC,0,0,0,0,0,0,0,0,0
osm:relation:10961994,Municipio Píritu,Anzoátegui,2025-12,CON,0,0,0,0,0,0,0,0,0
osm:relation:10961994,Municipio Píritu,Anzoátegui,2025-12,ELM,0,0,0,0,0,0,0,0,0
osm:relation:10961994,Municipio Píritu,Anzoátegui,2025-12,EXT,0,0,0,0,0,0,0,0,0
osm:relation:10961994,Municipio Píritu,Anzoátegui,2025-12,MAC,0,0,0,0,0,0,0,0,0
osm:relation:10961994,Municipio Píritu,Anzoátegui,2025-12,OIL,0,0,0,0,0,0,0,0,0
osm:relation:10961994,Municipio Píritu,Anzoátegui,2025-12,POL,0,0,0,0,0,0,0,0,0
osm:relation:10961994,Municipio Píritu,Anzoátegui,2025-12,SAN,0,0,0,0,0,0,0,0,0
osm:relation:10961994,Municipio Píritu,Anzoátegui,2025-12,SEC,0,0,0,0,0,0,0,0,0
osm:relation:10961994,Municipio Píritu,Anzoátegui,2026-01,CON,0,0,0,0,0,0,0,0,0
osm:relation:10961994,Municipio Píritu,Anzoátegui,2026-01,ELM,0,0,0,0,0,0,0,0,0
osm:relation:10961994,Municipio Píritu,Anzoátegui,2026-01,EXT,0,0,0,0,0,0,0,0,0
osm:relation:10961994,Municipio Píritu,Anzoátegui,2026-01,MAC,0,0,0,0,0,0,0,0,0
osm:relation:10961994,Municipio Píritu,Anzoátegui,2026-01,OIL,0,0,0,0,0,0,0,0,0
osm:relation:10961994,Municipio Píritu,Anzoátegui,2026-01,POL,0,0,0,0,0,0,0,0,0
osm:relation:10961994,Municipio Píritu,Anzoátegui,2026-01,SAN,0,0,0,0,0,0,0,0,0
osm:relation:10961994,Municipio Píritu,Anzoátegui,2026-01,SEC,0,0,0,0,0,0,0,0,0
osm:relation:10961994,Municipio Píritu,Anzoátegui,2026-02,CON,0,0,0,0,0,0,0,0,0
osm:relation:10961994,Municipio Píritu,Anzoátegui,2026-02,ELM,0,0,0,0,0,0,0,0,0
osm:relation:10961994,Municipio Píritu,Anzoátegui,2026-02,EXT,0,0,0,0,0,0,0,0,0
osm:relation:10961994,Municipio Píritu,Anzoátegui,2026-02,MAC,0,0,0,0,0,0,0,0,0
osm:relation:10961994,Municipio Píritu,Anzoátegui,2026-02,OIL,0,0,0,0,0,0,0,0,0
osm:relation:10961994,Municipio Píritu,Anzoátegui,2026-02,POL,0,0,0,0,0,0,0,0,0
osm:relation:10961994,Municipio Píritu,Anzoátegui,2026-02,SAN,0,0,0,0,0,0,0,0,0
osm:relation:10961994,Municipio Píritu,Anzoátegui,2026-02,SEC,0,0,0,0,0,0,0,0,0
osm:relation:10961994,Municipio Píritu,Anzoátegui,2026-03,CON,0,0,0,0,0,0,0,0,0
osm:relation:10961994,Municipio Píritu,Anzoátegui,2026-03,ELM,0,0,0,0,0,0,0,0,0
osm:relation:10961994,Municipio Píritu,Anzoátegui,2026-03,EXT,0,0,0,0,0,0,0,0,0
osm:relation:10961994,Municipio Píritu,Anzoátegui,2026-03,MAC,0,0,0,0,0,0,0,0,0
osm:relation:10961994,Municipio Píritu,Anzoátegui,2026-03,OIL,0,0,0,0,0,0,0,0,0
osm:relation:10961994,Municipio Píritu,Anzoátegui,2026-03,POL,0,0,0,0,0,0,0,0,0
osm:relation:10961994,Municipio Píritu,Anzoátegui,2026-03,SAN,0,0,0,0,0,0,0,0,0
osm:relation:10961994,Municipio Píritu,Anzoátegui,2026-03,SEC,0,0,0,0,0,0,0,0,0
osm:relation:10961994,Municipio Píritu,Anzoátegui,2026-04,CON,0,0,0,0,0,0,0,0,0
osm:relation:10961994,Municipio Píritu,Anzoátegui,2026-04,ELM,0,0,0,0,0,0,0,0,0
osm:relation:10961994,Municipio Píritu,Anzoátegui,2026-04,EXT,0,0,0,0,0,0,0,0,0
osm:relation:10961994,Municipio Píritu,Anzoátegui,2026-04,MAC,0,0,0,0,0,0,0,0,0
osm:relation:10961994,Municipio Píritu,Anzoátegui,2026-04,OIL,0,0,0,0,0,0,0,0,0
osm:relation:10961994,Municipio Píritu,Anzoátegui,2026-04,POL,0,0,0,0,0,0,0,0,0
osm:relation:10961994,Municipio Píritu,Anzoátegui,2026-04,SAN,0,0,0,0,0,0,0,0,0
osm:relation:10961994,Municipio Píritu,Anzoátegui,2026-04,SEC,0,0,0,0,0,0,0,0,0
osm:relation:10961994,Municipio Píritu,Anzoátegui,2026-05,CON,0,0,0,0,0,0,0,0,0
osm:relation:10961994,Municipio Píritu,Anzoátegui,2026-05,ELM,0,0,0,0,0,0,0,0,0
osm:relation:10961994,Municipio Píritu,Anzoátegui,2026-05,EXT,0,0,0,0,0,0,0,0,0
osm:relation:10961994,Municipio Píritu,Anzoátegui,2026-05,MAC,0,0,0,0,0,0,0,0,0
osm:relation:10961994,Municipio Píritu,Anzoátegui,2026-05,OIL,0,0,0,0,0,0,0,0,0
osm:relation:10961994,Municipio Píritu,Anzoátegui,2026-05,POL,0,0,0,0,0,0,0,0,0
osm:relation:10961994,Municipio Píritu,Anzoátegui,2026-05,SAN,0,0,0,0,0,0,0,0,0
osm:relation:10961994,Municipio Píritu,Anzoátegui,2026-05,SEC,0,0,0,0,0,0,0,0,0
osm:relation:10961994,Municipio Píritu,Anzoátegui,2026-06,CON,0,0,0,0,0,0,0,0,0
osm:relation:10961994,Municipio Píritu,Anzoátegui,2026-06,ELM,0,0,0,0,0,0,0,0,0
osm:relation:10961994,Municipio Píritu,Anzoátegui,2026-06,EXT,0,0,0,0,0,0,0,0,0
osm:relation:10961994,Municipio Píritu,Anzoátegui,2026-06,MAC,0,0,0,0,0,0,0,0,0
osm:relation:10961994,Municipio Píritu,Anzoátegui,2026-06,OIL,0,0,0,0,0,0,0,0,0
osm:relation:10961994,Municipio Píritu,Anzoátegui,2026-06,POL,0,0,0,0,0,0,0,0,0
osm:relation:10961994,Municipio Píritu,Anzoátegui,2026-06,SAN,0,0,0,0,0,0,0,0,0
osm:relation:10961994,Municipio Píritu,Anzoátegui,2026-06,SEC,0,0,0,0,0,0,0,0,0
osm:relation:10961994,Municipio Píritu,Anzoátegui,2026-07,CON,0,0,0,0,0,0,0,0,0
osm:relation:10961994,Municipio Píritu,Anzoátegui,2026-07,ELM,0,0,0,0,0,0,0,0,0
osm:relation:10961994,Municipio Píritu,Anzoátegui,2026-07,EXT,0,0,0,0,0,0,0,0,0
osm:relation:10961994,Municipio Píritu,Anzoátegui,2026-07,MAC,0,0,0,0,0,0,0,0,0
osm:relation:10961994,Municipio Píritu,Anzoátegui,2026-07,OIL,0,0,0,0,0,0,0,0,0
osm:relation:10961994,Municipio Píritu,Anzoátegui,2026-07,POL,0,0,0,0,0,0,0,0,0
osm:relation:10961994,Municipio Píritu,Anzoátegui,2026-07,SAN,0,0,0,0,0,0,0,0,0
osm:relation:10961994,Municipio Píritu,Anzoátegui,2026-07,SEC,0,0,0,0,0,0,0,0,0
osm:relation:10961994,Municipio Píritu,Anzoátegui,2026-08,CON,0,0,0,0,0,0,0,0,0
osm:relation:10961994,Municipio Píritu,Anzoátegui,2026-08,ELM,0,0,0,0,0,0,0,0,0
osm:relation:10961994,Municipio Píritu,Anzoátegui,2026-08,EXT,0,0,0,0,0,0,0,0,0
osm:relation:10961994,Municipio Píritu,Anzoátegui,2026-08,MAC,0,0,0,0,0,0,0,0,0
osm:relation:10961994,Municipio Píritu,Anzoátegui,2026-08,OIL,0,0,0,0,0,0,0,0,0
osm:relation:10961994,Municipio Píritu,Anzoátegui,2026-08,POL,0,0,0,0,0,0,0,0,0
osm:relation:10961994,Municipio Píritu,Anzoátegui,2026-08,SAN,0,0,0,0,0,0,0,0,0
osm:relation:10961994,Municipio Píritu,Anzoátegui,2026-08,SEC,0,0,0,0,0,0,0,0,0
osm:relation:10961994,Municipio Píritu,Anzoátegui,2026-09,CON,0,0,0,0,0,0,0,0,0
osm:relation:10961994,Municipio Píritu,Anzoátegui,2026-09,ELM,0,0,0,0,0,0,0,0,0
osm:relation:10961994,Municipio Píritu,Anzoátegui,2026-09,EXT,0,0,0,0,0,0,0,0,0
osm:relation:10961994,Municipio Píritu,Anzoátegui,2026-09,MAC,0,0,0,0,0,0,0,0,0
osm:relation:10961994,Municipio Píritu,Anzoátegui,2026-09,OIL,0,0,0,0,0,0,0,0,0
osm:relation:10961994,Municipio Píritu,Anzoátegui,2026-09,POL,0,0,0,0,0,0,0,0,0
osm:relation:10961994,Municipio Píritu,Anzoátegui,2026-09,SAN,0,0,0,0,0,0,0,0,0
osm:relation:10961994,Municipio Píritu,Anzoátegui,2026-09,SEC,0,0,0,0,0,0,0,0,0
osm:relation:10961995,Municipio San Juan de Capistrano,Anzoátegui,2024-09,CON,0,0,0,0,0,0,0,0,0
osm:relation:10961995,Municipio San Juan de Capistrano,Anzoátegui,2024-09,ELM,0,0,0,0,0,0,0,0,0
osm:relation:10961995,Municipio San Juan de Capistrano,Anzoátegui,2024-09,EXT,0,0,0,0,0,0,0,0,0
osm:relation:10961995,Municipio San Juan de Capistrano,Anzoátegui,2024-09,MAC,0,0,0,0,0,0,0,0,0
osm:relation:10961995,Municipio San Juan de Capistrano,Anzoátegui,2024-09,OIL,0,0,0,0,0,0,0,0,0
osm:relation:10961995,Municipio San Juan de Capistrano,Anzoátegui,2024-09,POL,0,0,0,0,0,0,0,0,0
osm:relation:10961995,Municipio San Juan de Capistrano,Anzoátegui,2024-09,SAN,0,0,0,0,0,0,0,0,0
osm:relation:10961995,Municipio San Juan de Capistrano,Anzoátegui,2024-09,SEC,0,0,0,0,0,0,0,0,0
osm:relation:10961995,Municipio San Juan de Capistrano,Anzoátegui,2024-10,CON,0,0,0,0,0,0,0,0,0
osm:relation:10961995,Municipio San Juan de Capistrano,Anzoátegui,2024-10,ELM,0,0,0,0,0,0,0,0,0
osm:relation:10961995,Municipio San Juan de Capistrano,Anzoátegui,2024-10,EXT,0,0,0,0,0,0,0,0,0
osm:relation:10961995,Municipio San Juan de Capistrano,Anzoátegui,2024-10,MAC,0,0,0,0,0,0,0,0,0
osm:relation:10961995,Municipio San Juan de Capistrano,Anzoátegui,2024-10,OIL,0,0,0,0,0,0,0,0,0
osm:relation:10961995,Municipio San Juan de Capistrano,Anzoátegui,2024-10,POL,0,0,0,0,0,0,0,0,0
osm:relation:10961995,Municipio San Juan de Capistrano,Anzoátegui,2024-10,SAN,0,0,0,0,0,0,0,0,0
osm:relation:10961995,Municipio San Juan de Capistrano,Anzoátegui,2024-10,SEC,0,0,0,0,0,0,0,0,0
osm:relation:10961995,Municipio San Juan de Capistrano,Anzoátegui,2024-11,CON,0,0,0,0,0,0,0,0,0
osm:relation:10961995,Municipio San Juan de Capistrano,Anzoátegui,2024-11,ELM,0,0,0,0,0,0,0,0,0
osm:relation:10961995,Municipio San Juan de Capistrano,Anzoátegui,2024-11,EXT,0,0,0,0,0,0,0,0,0
osm:relation:10961995,Municipio San Juan de Capistrano,Anzoátegui,2024-11,MAC,0,0,0,0,0,0,0,0,0
osm:relation:10961995,Municipio San Juan de Capistrano,Anzoátegui,2024-11,OIL,0,0,0,0,0,0,0,0,0
osm:relation:10961995,Municipio San Juan de Capistrano,Anzoátegui,2024-11,POL,0,0,0,0,0,0,0,0,0
osm:relation:10961995,Municipio San Juan de Capistrano,Anzoátegui,2024-11,SAN,0,0,0,0,0,0,0,0,0
osm:relation:10961995,Municipio San Juan de Capistrano,Anzoátegui,2024-11,SEC,0,0,0,0,0,0,0,0,0
osm:relation:10961995,Municipio San Juan de Capistrano,Anzoátegui,2024-12,CON,0,0,0,0,0,0,0,0,0
osm:relation:10961995,Municipio San Juan de Capistrano,Anzoátegui,2024-12,ELM,0,0,0,0,0,0,0,0,0
osm:relation:10961995,Municipio San Juan de Capistrano,Anzoátegui,2024-12,EXT,0,0,0,0,0,0,0,0,0
osm:relation:10961995,Municipio San Juan de Capistrano,Anzoátegui,2024-12,MAC,0,0,0,0,0,0,0,0,0
osm:relation:10961995,Municipio San Juan de Capistrano,Anzoátegui,2024-12,OIL,0,0,0,0,0,0,0,0,0
osm:relation:10961995,Municipio San Juan de Capistrano,Anzoátegui,2024-12,POL,0,0,0,0,0,0,0,0,0
osm:relation:10961995,Municipio San Juan de Capistrano,Anzoátegui,2024-12,SAN,0,0,0,0,0,0,0,0,0
osm:relation:10961995,Municipio San Juan de Capistrano,Anzoátegui,2024-12,SEC,0,0,0,0,0,0,0,0,0
osm:relation:10961995,Municipio San Juan de Capistrano,Anzoátegui,2025-01,CON,0,0,0,0,0,0,0,0,0
osm:relation:10961995,Municipio San Juan de Capistrano,Anzoátegui,2025-01,ELM,0,0,0,0,0,0,0,0,0
osm:relation:10961995,Municipio San Juan de Capistrano,Anzoátegui,2025-01,EXT,0,0,0,0,0,0,0,0,0
osm:relation:10961995,Municipio San Juan de Capistrano,Anzoátegui,2025-01,MAC,0,0,0,0,0,0,0,0,0
osm:relation:10961995,Municipio San Juan de Capistrano,Anzoátegui,2025-01,OIL,0,0,0,0,0,0,0,0,0
osm:relation:10961995,Municipio San Juan de Capistrano,Anzoátegui,2025-01,POL,0,0,0,0,0,0,0,0,0
osm:relation:10961995,Municipio San Juan de Capistrano,Anzoátegui,2025-01,SAN,0,0,0,0,0,0,0,0,0
osm:relation:10961995,Municipio San Juan de Capistrano,Anzoátegui,2025-01,SEC,0,0,0,0,0,0,0,0,0
osm:relation:10961995,Municipio San Juan de Capistrano,Anzoátegui,2025-02,CON,0,0,0,0,0,0,0,0,0
osm:relation:10961995,Municipio San Juan de Capistrano,Anzoátegui,2025-02,ELM,0,0,0,0,0,0,0,0,0
osm:relation:10961995,Municipio San Juan de Capistrano,Anzoátegui,2025-02,EXT,0,0,0,0,0,0,0,0,0
osm:relation:10961995,Municipio San Juan de Capistrano,Anzoátegui,2025-02,MAC,0,0,0,0,0,0,0,0,0
osm:relation:10961995,Municipio San Juan de Capistrano,Anzoátegui,2025-02,OIL,0,0,0,0,0,0,0,0,0
osm:relation:10961995,Municipio San Juan de Capistrano,Anzoátegui,2025-02,POL,0,0,0,0,0,0,0,0,0
osm:relation:10961995,Municipio San Juan de Capistrano,Anzoátegui,2025-02,SAN,0,0,0,0,0,0,0,0,0
osm:relation:10961995,Municipio San Juan de Capistrano,Anzoátegui,2025-02,SEC,0,0,0,0,0,0,0,0,0
osm:relation:10961995,Municipio San Juan de Capistrano,Anzoátegui,2025-03,CON,0,0,0,0,0,0,0,0,0
osm:relation:10961995,Municipio San Juan de Capistrano,Anzoátegui,2025-03,ELM,0,0,0,0,0,0,0,0,0
osm:relation:10961995,Municipio San Juan de Capistrano,Anzoátegui,2025-03,EXT,0,0,0,0,0,0,0,0,0
osm:relation:10961995,Municipio San Juan de Capistrano,Anzoátegui,2025-03,MAC,0,0,0,0,0,0,0,0,0
osm:relation:10961995,Municipio San Juan de Capistrano,Anzoátegui,2025-03,OIL,0,0,0,0,0,0,0,0,0
osm:relation:10961995,Municipio San Juan de Capistrano,Anzoátegui,2025-03,POL,0,0,0,0,0,0,0,0,0
osm:relation:10961995,Municipio San Juan de Capistrano,Anzoátegui,2025-03,SAN,0,0,0,0,0,0,0,0,0
osm:relation:10961995,Municipio San Juan de Capistrano,Anzoátegui,2025-03,SEC,0,0,0,0,0,0,0,0,0
osm:relation:10961995,Municipio San Juan de Capistrano,Anzoátegui,2025-04,CON,0,0,0,0,0,0,0,0,0
osm:relation:10961995,Municipio San Juan de Capistrano,Anzoátegui,2025-04,ELM,0,0,0,0,0,0,0,0,0
osm:relation:10961995,Municipio San Juan de Capistrano,Anzoátegui,2025-04,EXT,0,0,0,0,0,0,0,0,0
osm:relation:10961995,Municipio San Juan de Capistrano,Anzoátegui,2025-04,MAC,0,0,0,0,0,0,0,0,0
osm:relation:10961995,Municipio San Juan de Capistrano,Anzoátegui,2025-04,OIL,0,0,0,0,0,0,0,0,0
osm:relation:10961995,Municipio San Juan de Capistrano,Anzoátegui,2025-04,POL,0,0,0,0,0,0,0,0,0
osm:relation:10961995,Municipio San Juan de Capistrano,Anzoátegui,2025-04,SAN,0,0,0,0,0,0,0,0,0
osm:relation:10961995,Municipio San Juan de Capistrano,Anzoátegui,2025-04,SEC,0,0,0,0,0,0,0,0,0
osm:relation:10961995,Municipio San Juan de Capistrano,Anzoátegui,2025-05,CON,0,0,0,0,0,0,0,0,0
osm:relation:10961995,Municipio San Juan de Capistrano,Anzoátegui,2025-05,ELM,0,0,0,0,0,0,0,0,0
osm:relation:10961995,Municipio San Juan de Capistrano,Anzoátegui,2025-05,EXT,0,0,0,0,0,0,0,0,0
osm:relation:10961995,Municipio San Juan de Capistrano,Anzoátegui,2025-05,MAC,0,0,0,0,0,0,0,0,0
osm:relation:10961995,Municipio San Juan de Capistrano,Anzoátegui,2025-05,OIL,0,0,0,0,0,0,0,0,0
osm:relation:10961995,Municipio San Juan de Capistrano,Anzoátegui,2025-05,POL,0,0,0,0,0,0,0,0,0
osm:relation:10961995,Municipio San Juan de Capistrano,Anzoátegui,2025-05,SAN,0,0,0,0,0,0,0,0,0
osm:relation:10961995,Municipio San Juan de Capistrano,Anzoátegui,2025-05,SEC,0,0,0,0,0,0,0,0,0
osm:relation:10961995,Municipio San Juan de Capistrano,Anzoátegui,2025-06,CON,0,0,0,0,0,0,0,0,0
osm:relation:10961995,Municipio San Juan de Capistrano,Anzoátegui,2025-06,ELM,0,0,0,0,0,0,0,0,0
osm:relation:10961995,Municipio San Juan de Capistrano,Anzoátegui,2025-06,EXT,0,0,0,0,0,0,0,0,0
osm:relation:10961995,Municipio San Juan de Capistrano,Anzoátegui,2025-06,MAC,0,0,0,0,0,0,0,0,0
osm:relation:10961995,Municipio San Juan de Capistrano,Anzoátegui,2025-06,OIL,0,0,0,0,0,0,0,0,0
osm:relation:10961995,Municipio San Juan de Capistrano,Anzoátegui,2025-06,POL,0,0,0,0,0,0,0,0,0
osm:relation:10961995,Municipio San Juan de Capistrano,Anzoátegui,2025-06,SAN,0,0,0,0,0,0,0,0,0
osm:relation:10961995,Municipio San Juan de Capistrano,Anzoátegui,2025-06,SEC,0,0,0,0,0,0,0,0,0
osm:relation:10961995,Municipio San Juan de Capistrano,Anzoátegui,2025-07,CON,0,0,0,0,0,0,0,0,0
osm:relation:10961995,Municipio San Juan de Capistrano,Anzoátegui,2025-07,ELM,0,0,0,0,0,0,0,0,0
osm:relation:10961995,Municipio San Juan de Capistrano,Anzoátegui,2025-07,EXT,0,0,0,0,0,0,0,0,0
osm:relation:10961995,Municipio San Juan de Capistrano,Anzoátegui,2025-07,MAC,0,0,0,0,0,0,0,0,0
osm:relation:10961995,Municipio San Juan de Capistrano,Anzoátegui,2025-07,OIL,0,0,0,0,0,0,0,0,0
osm:relation:10961995,Municipio San Juan de Capistrano,Anzoátegui,2025-07,POL,0,0,0,0,0,0,0,0,0
osm:relation:10961995,Municipio San Juan de Capistrano,Anzoátegui,2025-07,SAN,0,0,0,0,0,0,0,0,0
osm:relation:10961995,Municipio San Juan de Capistrano,Anzoátegui,2025-07,SEC,0,0,0,0,0,0,0,0,0
osm:relation:10961995,Municipio San Juan de Capistrano,Anzoátegui,2025-08,CON,0,0,0,0,0,0,0,0,0
osm:relation:10961995,Municipio San Juan de Capistrano,Anzoátegui,2025-08,ELM,0,0,0,0,0,0,0,0,0
osm:relation:10961995,Municipio San Juan de Capistrano,Anzoátegui,2025-08,EXT,0,0,0,0,0,0,0,0,0
osm:relation:10961995,Municipio San Juan de Capistrano,Anzoátegui,2025-08,MAC,0,0,0,0,0,0,0,0,0
osm:relation:10961995,Municipio San Juan de Capistrano,Anzoátegui,2025-08,OIL,0,0,0,0,0,0,0,0,0
osm:relation:10961995,Municipio San Juan de Capistrano,Anzoátegui,2025-08,POL,0,0,0,0,0,0,0,0,0
osm:relation:10961995,Municipio San Juan de Capistrano,Anzoátegui,2025-08,SAN,0,0,0,0,0,0,0,0,0
osm:relation:10961995,Municipio San Juan de Capistrano,Anzoátegui,2025-08,SEC,0,0,0,0,0,0,0,0,0
osm:relation:10961995,Municipio San Juan de Capistrano,Anzoátegui,2025-09,CON,0,0,0,0,0,0,0,0,0
osm:relation:10961995,Municipio San Juan de Capistrano,Anzoátegui,2025-09,ELM,0,0,0,0,0,0,0,0,0
osm:relation:10961995,Municipio San Juan de Capistrano,Anzoátegui,2025-09,EXT,0,0,0,0,0,0,0,0,0
osm:relation:10961995,Municipio San Juan de Capistrano,Anzoátegui,2025-09,MAC,0,0,0,0,0,0,0,0,0
osm:relation:10961995,Municipio San Juan de Capistrano,Anzoátegui,2025-09,OIL,0,0,0,0,0,0,0,0,0
osm:relation:10961995,Municipio San Juan de Capistrano,Anzoátegui,2025-09,POL,0,0,0,0,0,0,0,0,0
osm:relation:10961995,Municipio San Juan de Capistrano,Anzoátegui,2025-09,SAN,0,0,0,0,0,0,0,0,0
osm:relation:10961995,Municipio San Juan de Capistrano,Anzoátegui,2025-09,SEC,0,0,0,0,0,0,0,0,0
osm:relation:10961995,Municipio San Juan de Capistrano,Anzoátegui,2025-10,CON,0,0,0,0,0,0,0,0,0
osm:relation:10961995,Municipio San Juan de Capistrano,Anzoátegui,2025-10,ELM,0,0,0,0,0,0,0,0,0
osm:relation:10961995,Municipio San Juan de Capistrano,Anzoátegui,2025-10,EXT,0,0,0,0,0,0,0,0,0
osm:relation:10961995,Municipio San Juan de Capistrano,Anzoátegui,2025-10,MAC,0,0,0,0,0,0,0,0,0
osm:relation:10961995,Municipio San Juan de Capistrano,Anzoátegui,2025-10,OIL,0,0,0,0,0,0,0,0,0
osm:relation:10961995,Municipio San Juan de Capistrano,Anzoátegui,2025-10,POL,0,0,0,0,0,0,0,0,0
osm:relation:10961995,Municipio San Juan de Capistrano,Anzoátegui,2025-10,SAN,0,0,0,0,0,0,0,0,0
osm:relation:10961995,Municipio San Juan de Capistrano,Anzoátegui,2025-10,SEC,0,0,0,0,0,0,0,0,0
osm:relation:10961995,Municipio San Juan de Capistrano,Anzoátegui,2025-11,CON,0,0,0,0,0,0,0,0,0
osm:relation:10961995,Municipio San Juan de Capistrano,Anzoátegui,2025-11,ELM,0,0,0,0,0,0,0,0,0
osm:relation:10961995,Municipio San Juan de Capistrano,Anzoátegui,2025-11,EXT,0,0,0,0,0,0,0,0,0
osm:relation:10961995,Municipio San Juan de Capistrano,Anzoátegui,2025-11,MAC,0,0,0,0,0,0,0,0,0
osm:relation:10961995,Municipio San Juan de Capistrano,Anzoátegui,2025-11,OIL,0,0,0,0,0,0,0,0,0
osm:relation:10961995,Municipio San Juan de Capistrano,Anzoátegui,2025-11,POL,0,0,0,0,0,0,0,0,0
osm:relation:10961995,Municipio San Juan de Capistrano,Anzoátegui,2025-11,SAN,0,0,0,0,0,0,0,0,0
osm:relation:10961995,Municipio San Juan de Capistrano,Anzoátegui,2025-11,SEC,0,0,0,0,0,0,0,0,0
osm:relation:10961995,Municipio San Juan de Capistrano,Anzoátegui,2025-12,CON,0,0,0,0,0,0,0,0,0
osm:relation:10961995,Municipio San Juan de Capistrano,Anzoátegui,2025-12,ELM,0,0,0,0,0,0,0,0,0
osm:relation:10961995,Municipio San Juan de Capistrano,Anzoátegui,2025-12,EXT,0,0,0,0,0,0,0,0,0
osm:relation:10961995,Municipio San Juan de Capistrano,Anzoátegui,2025-12,MAC,0,0,0,0,0,0,0,0,0
osm:relation:10961995,Municipio San Juan de Capistrano,Anzoátegui,2025-12,OIL,0,0,0,0,0,0,0,0,0
osm:relation:10961995,Municipio San Juan de Capistrano,Anzoátegui,2025-12,POL,0,0,0,0,0,0,0,0,0
osm:relation:10961995,Municipio San Juan de Capistrano,Anzoátegui,2025-12,SAN,0,0,0,0,0,0,0,0,0
osm:relation:10961995,Municipio San Juan de Capistrano,Anzoátegui,2025-12,SEC,0,0,0,0,0,0,0,0,0
osm:relation:10961995,Municipio San Juan de Capistrano,Anzoátegui,2026-01,CON,0,0,0,0,0,0,0,0,0
osm:relation:10961995,Municipio San Juan de Capistrano,Anzoátegui,2026-01,ELM,0,0,0,0,0,0,0,0,0
osm:relation:10961995,Municipio San Juan de Capistrano,Anzoátegui,2026-01,EXT,0,0,0,0,0,0,0,0,0
osm:relation:10961995,Municipio San Juan de Capistrano,Anzoátegui,2026-01,MAC,0,0,0,0,0,0,0,0,0
osm:relation:10961995,Municipio San Juan de Capistrano,Anzoátegui,2026-01,OIL,0,0,0,0,0,0,0,0,0
osm:relation:10961995,Municipio San Juan de Capistrano,Anzoátegui,2026-01,POL,0,0,0,0,0,0,0,0,0
osm:relation:10961995,Municipio San Juan de Capistrano,Anzoátegui,2026-01,SAN,0,0,0,0,0,0,0,0,0
osm:relation:10961995,Municipio San Juan de Capistrano,Anzoátegui,2026-01,SEC,0,0,0,0,0,0,0,0,0
osm:relation:10961995,Municipio San Juan de Capistrano,Anzoátegui,2026-02,CON,0,0,0,0,0,0,0,0,0
osm:relation:10961995,Municipio San Juan de Capistrano,Anzoátegui,2026-02,ELM,0,0,0,0,0,0,0,0,0
osm:relation:10961995,Municipio San Juan de Capistrano,Anzoátegui,2026-02,EXT,0,0,0,0,0,0,0,0,0
osm:relation:10961995,Municipio San Juan de Capistrano,Anzoátegui,2026-02,MAC,0,0,0,0,0,0,0,0,0
osm:relation:10961995,Municipio San Juan de Capistrano,Anzoátegui,2026-02,OIL,0,0,0,0,0,0,0,0,0
osm:relation:10961995,Municipio San Juan de Capistrano,Anzoátegui,2026-02,POL,0,0,0,0,0,0,0,0,0
osm:relation:10961995,Municipio San Juan de Capistrano,Anzoátegui,2026-02,SAN,0,0,0,0,0,0,0,0,0
osm:relation:10961995,Municipio San Juan de Capistrano,Anzoátegui,2026-02,SEC,0,0,0,0,0,0,0,0,0
osm:relation:10961995,Municipio San Juan de Capistrano,Anzoátegui,2026-03,CON,0,0,0,0,0,0,0,0,0
osm:relation:10961995,Municipio San Juan de Capistrano,Anzoátegui,2026-03,ELM,0,0,0,0,0,0,0,0,0
osm:relation:10961995,Municipio San Juan de Capistrano,Anzoátegui,2026-03,EXT,0,0,0,0,0,0,0,0,0
osm:relation:10961995,Municipio San Juan de Capistrano,Anzoátegui,2026-03,MAC,0,0,0,0,0,0,0,0,0
osm:relation:10961995,Municipio San Juan de Capistrano,Anzoátegui,2026-03,OIL,0,0,0,0,0,0,0,0,0
osm:relation:10961995,Municipio San Juan de Capistrano,Anzoátegui,2026-03,POL,0,0,0,0,0,0,0,0,0
osm:relation:10961995,Municipio San Juan de Capistrano,Anzoátegui,2026-03,SAN,0,0,0,0,0,0,0,0,0
osm:relation:10961995,Municipio San Juan de Capistrano,Anzoátegui,2026-03,SEC,0,0,0,0,0,0,0,0,0
osm:relation:10961995,Municipio San Juan de Capistrano,Anzoátegui,2026-04,CON,0,0,0,0,0,0,0,0,0
osm:relation:10961995,Municipio San Juan de Capistrano,Anzoátegui,2026-04,ELM,0,0,0,0,0,0,0,0,0
osm:relation:10961995,Municipio San Juan de Capistrano,Anzoátegui,2026-04,EXT,0,0,0,0,0,0,0,0,0
osm:relation:10961995,Municipio San Juan de Capistrano,Anzoátegui,2026-04,MAC,0,0,0,0,0,0,0,0,0
osm:relation:10961995,Municipio San Juan de Capistrano,Anzoátegui,2026-04,OIL,0,0,0,0,0,0,0,0,0
osm:relation:10961995,Municipio San Juan de Capistrano,Anzoátegui,2026-04,POL,0,0,0,0,0,0,0,0,0
osm:relation:10961995,Municipio San Juan de Capistrano,Anzoátegui,2026-04,SAN,0,0,0,0,0,0,0,0,0
osm:relation:10961995,Municipio San Juan de Capistrano,Anzoátegui,2026-04,SEC,0,0,0,0,0,0,0,0,0
osm:relation:10961995,Municipio San Juan de Capistrano,Anzoátegui,2026-05,CON,0,0,0,0,0,0,0,0,0
osm:relation:10961995,Municipio San Juan de Capistrano,Anzoátegui,2026-05,ELM,0,0,0,0,0,0,0,0,0
osm:relation:10961995,Municipio San Juan de Capistrano,Anzoátegui,2026-05,EXT,0,0,0,0,0,0,0,0,0
osm:relation:10961995,Municipio San Juan de Capistrano,Anzoátegui,2026-05,MAC,0,0,0,0,0,0,0,0,0
osm:relation:10961995,Municipio San Juan de Capistrano,Anzoátegui,2026-05,OIL,0,0,0,0,0,0,0,0,0
osm:relation:10961995,Municipio San Juan de Capistrano,Anzoátegui,2026-05,POL,0,0,0,0,0,0,0,0,0
osm:relation:10961995,Municipio San Juan de Capistrano,Anzoátegui,2026-05,SAN,0,0,0,0,0,0,0,0,0
osm:relation:10961995,Municipio San Juan de Capistrano,Anzoátegui,2026-05,SEC,0,0,0,0,0,0,0,0,0
osm:relation:10961995,Municipio San Juan de Capistrano,Anzoátegui,2026-06,CON,0,0,0,0,0,0,0,0,0
osm:relation:10961995,Municipio San Juan de Capistrano,Anzoátegui,2026-06,ELM,0,0,0,0,0,0,0,0,0
osm:relation:10961995,Municipio San Juan de Capistrano,Anzoátegui,2026-06,EXT,0,0,0,0,0,0,0,0,0
osm:relation:10961995,Municipio San Juan de Capistrano,Anzoátegui,2026-06,MAC,0,0,0,0,0,0,0,0,0
osm:relation:10961995,Municipio San Juan de Capistrano,Anzoátegui,2026-06,OIL,0,0,0,0,0,0,0,0,0
osm:relation:10961995,Municipio San Juan de Capistrano,Anzoátegui,2026-06,POL,0,0,0,0,0,0,0,0,0
osm:relation:10961995,Municipio San Juan de Capistrano,Anzoátegui,2026-06,SAN,0,0,0,0,0,0,0,0,0
osm:relation:10961995,Municipio San Juan de Capistrano,Anzoátegui,2026-06,SEC,0,0,0,0,0,0,0,0,0
osm:relation:10961995,Municipio San Juan de Capistrano,Anzoátegui,2026-07,CON,0,0,0,0,0,0,0,0,0
osm:relation:10961995,Municipio San Juan de Capistrano,Anzoátegui,2026-07,ELM,0,0,0,0,0,0,0,0,0
osm:relation:10961995,Municipio San Juan de Capistrano,Anzoátegui,2026-07,EXT,0,0,0,0,0,0,0,0,0
osm:relation:10961995,Municipio San Juan de Capistrano,Anzoátegui,2026-07,MAC,0,0,0,0,0,0,0,0,0
osm:relation:10961995,Municipio San Juan de Capistrano,Anzoátegui,2026-07,OIL,0,0,0,0,0,0,0,0,0
osm:relation:10961995,Municipio San Juan de Capistrano,Anzoátegui,2026-07,POL,0,0,0,0,0,0,0,0,0
osm:relation:10961995,Municipio San Juan de Capistrano,Anzoátegui,2026-07,SAN,0,0,0,0,0,0,0,0,0
osm:relation:10961995,Municipio San Juan de Capistrano,Anzoátegui,2026-07,SEC,0,0,0,0,0,0,0,0,0
osm:relation:10961995,Municipio San Juan de Capistrano,Anzoátegui,2026-08,CON,0,0,0,0,0,0,0,0,0
osm:relation:10961995,Municipio San Juan de Capistrano,Anzoátegui,2026-08,ELM,0,0,0,0,0,0,0,0,0
osm:relation:10961995,Municipio San Juan de Capistrano,Anzoátegui,2026-08,EXT,0,0,0,0,0,0,0,0,0
osm:relation:10961995,Municipio San Juan de Capistrano,Anzoátegui,2026-08,MAC,0,0,0,0,0,0,0,0,0
osm:relation:10961995,Municipio San Juan de Capistrano,Anzoátegui,2026-08,OIL,0,0,0,0,0,0,0,0,0
osm:relation:10961995,Municipio San Juan de Capistrano,Anzoátegui,2026-08,POL,0,0,0,0,0,0,0,0,0
osm:relation:10961995,Municipio San Juan de Capistrano,Anzoátegui,2026-08,SAN,0,0,0,0,0,0,0,0,0
osm:relation:10961995,Municipio San Juan de Capistrano,Anzoátegui,2026-08,SEC,0,0,0,0,0,0,0,0,0
osm:relation:10961995,Municipio San Juan de Capistrano,Anzoátegui,2026-09,CON,0,0,0,0,0,0,0,0,0
osm:relation:10961995,Municipio San Juan de Capistrano,Anzoátegui,2026-09,ELM,0,0,0,0,0,0,0,0,0
osm:relation:10961995,Municipio San Juan de Capistrano,Anzoátegui,2026-09,EXT,0,0,0,0,0,0,0,0,0
osm:relation:10961995,Municipio San Juan de Capistrano,Anzoátegui,2026-09,MAC,0,0,0,0,0,0,0,0,0
osm:relation:10961995,Municipio San Juan de Capistrano,Anzoátegui,2026-09,OIL,0,0,0,0,0,0,0,0,0
osm:relation:10961995,Municipio San Juan de Capistrano,Anzoátegui,2026-09,POL,0,0,0,0,0,0,0,0,0
osm:relation:10961995,Municipio San Juan de Capistrano,Anzoátegui,2026-09,SAN,0,0,0,0,0,0,0,0,0
osm:relation:10961995,Municipio San Juan de Capistrano,Anzoátegui,2026-09,SEC,0,0,0,0,0,0,0,0,0
osm:relation:10961996,Municipio Fernando de Peñalver,Anzoátegui,2024-09,CON,0,0,0,0,0,0,0,0,0
osm:relation:10961996,Municipio Fernando de Peñalver,Anzoátegui,2024-09,ELM,0,0,0,0,0,0,0,0,0
osm:relation:10961996,Municipio Fernando de Peñalver,Anzoátegui,2024-09,EXT,0,0,0,0,0,0,0,0,0
osm:relation:10961996,Municipio Fernando de Peñalver,Anzoátegui,2024-09,MAC,0,0,0,0,0,0,0,0,0
osm:relation:10961996,Municipio Fernando de Peñalver,Anzoátegui,2024-09,OIL,0,0,0,0,0,0,0,0,0
osm:relation:10961996,Municipio Fernando de Peñalver,Anzoátegui,2024-09,POL,0,0,0,0,0,0,0,0,0
osm:relation:10961996,Municipio Fernando de Peñalver,Anzoátegui,2024-09,SAN,0,0,0,0,0,0,0,0,0
osm:relation:10961996,Municipio Fernando de Peñalver,Anzoátegui,2024-09,SEC,0,0,0,0,0,0,0,0,0
osm:relation:10961996,Municipio Fernando de Peñalver,Anzoátegui,2024-10,CON,0,0,0,0,0,0,0,0,0
osm:relation:10961996,Municipio Fernando de Peñalver,Anzoátegui,2024-10,ELM,0,0,0,0,0,0,0,0,0
osm:relation:10961996,Municipio Fernando de Peñalver,Anzoátegui,2024-10,EXT,0,0,0,0,0,0,0,0,0
osm:relation:10961996,Municipio Fernando de Peñalver,Anzoátegui,2024-10,MAC,0,0,0,0,0,0,0,0,0
osm:relation:10961996,Municipio Fernando de Peñalver,Anzoátegui,2024-10,OIL,0,0,0,0,0,0,0,0,0
osm:relation:10961996,Municipio Fernando de Peñalver,Anzoátegui,2024-10,POL,0,0,0,0,0,0,0,0,0
osm:relation:10961996,Municipio Fernando de Peñalver,Anzoátegui,2024-10,SAN,0,0,0,0,0,0,0,0,0
osm:relation:10961996,Municipio Fernando de Peñalver,Anzoátegui,2024-10,SEC,0,0,0,0,0,0,0,0,0
osm:relation:10961996,Municipio Fernando de Peñalver,Anzoátegui,2024-11,CON,0,0,0,0,0,0,0,0,0
osm:relation:10961996,Municipio Fernando de Peñalver,Anzoátegui,2024-11,ELM,0,0,0,0,0,0,0,0,0
osm:relation:10961996,Municipio Fernando de Peñalver,Anzoátegui,2024-11,EXT,0,0,0,0,0,0,0,0,0
osm:relation:10961996,Municipio Fernando de Peñalver,Anzoátegui,2024-11,MAC,0,0,0,0,0,0,0,0,0
osm:relation:10961996,Municipio Fernando de Peñalver,Anzoátegui,2024-11,OIL,0,0,0,0,0,0,0,0,0
osm:relation:10961996,Municipio Fernando de Peñalver,Anzoátegui,2024-11,POL,0,0,0,0,0,0,0,0,0
osm:relation:10961996,Municipio Fernando de Peñalver,Anzoátegui,2024-11,SAN,0,0,0,0,0,0,0,0,0
osm:relation:10961996,Municipio Fernando de Peñalver,Anzoátegui,2024-11,SEC,0,0,0,0,0,0,0,0,0
osm:relation:10961996,Municipio Fernando de Peñalver,Anzoátegui,2024-12,CON,0,0,0,0,0,0,0,0,0
osm:relation:10961996,Municipio Fernando de Peñalver,Anzoátegui,2024-12,ELM,0,0,0,0,0,0,0,0,0
osm:relation:10961996,Municipio Fernando de Peñalver,Anzoátegui,2024-12,EXT,0,0,0,0,0,0,0,0,0
osm:relation:10961996,Municipio Fernando de Peñalver,Anzoátegui,2024-12,MAC,0,0,0,0,0,0,0,0,0
osm:relation:10961996,Municipio Fernando de Peñalver,Anzoátegui,2024-12,OIL,0,0,0,0,0,0,0,0,0
osm:relation:10961996,Municipio Fernando de Peñalver,Anzoátegui,2024-12,POL,0,0,0,0,0,0,0,0,0
osm:relation:10961996,Municipio Fernando de Peñalver,Anzoátegui,2024-12,SAN,0,0,0,0,0,0,0,0,0
osm:relation:10961996,Municipio Fernando de Peñalver,Anzoátegui,2024-12,SEC,0,0,0,0,0,0,0,0,0
osm:relation:10961996,Municipio Fernando de Peñalver,Anzoátegui,2025-01,CON,0,0,0,0,0,0,0,0,0
osm:relation:10961996,Municipio Fernando de Peñalver,Anzoátegui,2025-01,ELM,0,0,0,0,0,0,0,0,0
osm:relation:10961996,Municipio Fernando de Peñalver,Anzoátegui,2025-01,EXT,0,0,0,0,0,0,0,0,0
osm:relation:10961996,Municipio Fernando de Peñalver,Anzoátegui,2025-01,MAC,0,0,0,0,0,0,0,0,0
osm:relation:10961996,Municipio Fernando de Peñalver,Anzoátegui,2025-01,OIL,0,0,0,0,0,0,0,0,0
osm:relation:10961996,Municipio Fernando de Peñalver,Anzoátegui,2025-01,POL,0,0,0,0,0,0,0,0,0
osm:relation:10961996,Municipio Fernando de Peñalver,Anzoátegui,2025-01,SAN,0,0,0,0,0,0,0,0,0
osm:relation:10961996,Municipio Fernando de Peñalver,Anzoátegui,2025-01,SEC,0,0,0,0,0,0,0,0,0
osm:relation:10961996,Municipio Fernando de Peñalver,Anzoátegui,2025-02,CON,0,0,0,0,0,0,0,0,0
osm:relation:10961996,Municipio Fernando de Peñalver,Anzoátegui,2025-02,ELM,0,0,0,0,0,0,0,0,0
osm:relation:10961996,Municipio Fernando de Peñalver,Anzoátegui,2025-02,EXT,0,0,0,0,0,0,0,0,0
osm:relation:10961996,Municipio Fernando de Peñalver,Anzoátegui,2025-02,MAC,0,0,0,0,0,0,0,0,0
osm:relation:10961996,Municipio Fernando de Peñalver,Anzoátegui,2025-02,OIL,0,0,0,0,0,0,0,0,0
osm:relation:10961996,Municipio Fernando de Peñalver,Anzoátegui,2025-02,POL,0,0,0,0,0,0,0,0,0
osm:relation:10961996,Municipio Fernando de Peñalver,Anzoátegui,2025-02,SAN,0,0,0,0,0,0,0,0,0
osm:relation:10961996,Municipio Fernando de Peñalver,Anzoátegui,2025-02,SEC,0,0,0,0,0,0,0,0,0
osm:relation:10961996,Municipio Fernando de Peñalver,Anzoátegui,2025-03,CON,0,0,0,0,0,0,0,0,0
osm:relation:10961996,Municipio Fernando de Peñalver,Anzoátegui,2025-03,ELM,0,0,0,0,0,0,0,0,0
osm:relation:10961996,Municipio Fernando de Peñalver,Anzoátegui,2025-03,EXT,0,0,0,0,0,0,0,0,0
osm:relation:10961996,Municipio Fernando de Peñalver,Anzoátegui,2025-03,MAC,0,0,0,0,0,0,0,0,0
osm:relation:10961996,Municipio Fernando de Peñalver,Anzoátegui,2025-03,OIL,0,0,0,0,0,0,0,0,0
osm:relation:10961996,Municipio Fernando de Peñalver,Anzoátegui,2025-03,POL,0,0,0,0,0,0,0,0,0
osm:relation:10961996,Municipio Fernando de Peñalver,Anzoátegui,2025-03,SAN,0,0,0,0,0,0,0,0,0
osm:relation:10961996,Municipio Fernando de Peñalver,Anzoátegui,2025-03,SEC,0,0,0,0,0,0,0,0,0
osm:relation:10961996,Municipio Fernando de Peñalver,Anzoátegui,2025-04,CON,0,0,0,0,0,0,0,0,0
osm:relation:10961996,Municipio Fernando de Peñalver,Anzoátegui,2025-04,ELM,0,0,0,0,0,0,0,0,0
osm:relation:10961996,Municipio Fernando de Peñalver,Anzoátegui,2025-04,EXT,0,0,0,0,0,0,0,0,0
osm:relation:10961996,Municipio Fernando de Peñalver,Anzoátegui,2025-04,MAC,0,0,0,0,0,0,0,0,0
osm:relation:10961996,Municipio Fernando de Peñalver,Anzoátegui,2025-04,OIL,0,0,0,0,0,0,0,0,0
osm:relation:10961996,Municipio Fernando de Peñalver,Anzoátegui,2025-04,POL,0,0,0,0,0,0,0,0,0
osm:relation:10961996,Municipio Fernando de Peñalver,Anzoátegui,2025-04,SAN,0,0,0,0,0,0,0,0,0
osm:relation:10961996,Municipio Fernando de Peñalver,Anzoátegui,2025-04,SEC,0,0,0,0,0,0,0,0,0
osm:relation:10961996,Municipio Fernando de Peñalver,Anzoátegui,2025-05,CON,0,0,0,0,0,0,0,0,0
osm:relation:10961996,Municipio Fernando de Peñalver,Anzoátegui,2025-05,ELM,0,0,0,0,0,0,0,0,0
osm:relation:10961996,Municipio Fernando de Peñalver,Anzoátegui,2025-05,EXT,0,0,0,0,0,0,0,0,0
osm:relation:10961996,Municipio Fernando de Peñalver,Anzoátegui,2025-05,MAC,0,0,0,0,0,0,0,0,0
osm:relation:10961996,Municipio Fernando de Peñalver,Anzoátegui,2025-05,OIL,0,0,0,0,0,0,0,0,0
osm:relation:10961996,Municipio Fernando de Peñalver,Anzoátegui,2025-05,POL,0,0,0,0,0,0,0,0,0
osm:relation:10961996,Municipio Fernando de Peñalver,Anzoátegui,2025-05,SAN,0,0,0,0,0,0,0,0,0
osm:relation:10961996,Municipio Fernando de Peñalver,Anzoátegui,2025-05,SEC,0,0,0,0,0,0,0,0,0
osm:relation:10961996,Municipio Fernando de Peñalver,Anzoátegui,2025-06,CON,0,0,0,0,0,0,0,0,0
osm:relation:10961996,Municipio Fernando de Peñalver,Anzoátegui,2025-06,ELM,0,0,0,0,0,0,0,0,0
osm:relation:10961996,Municipio Fernando de Peñalver,Anzoátegui,2025-06,EXT,0,0,0,0,0,0,0,0,0
osm:relation:10961996,Municipio Fernando de Peñalver,Anzoátegui,2025-06,MAC,0,0,0,0,0,0,0,0,0
osm:relation:10961996,Municipio Fernando de Peñalver,Anzoátegui,2025-06,OIL,0,0,0,0,0,0,0,0,0
osm:relation:10961996,Municipio Fernando de Peñalver,Anzoátegui,2025-06,POL,0,0,0,0,0,0,0,0,0
osm:relation:10961996,Municipio Fernando de Peñalver,Anzoátegui,2025-06,SAN,0,0,0,0,0,0,0,0,0
osm:relation:10961996,Municipio Fernando de Peñalver,Anzoátegui,2025-06,SEC,0,0,0,0,0,0,0,0,0
osm:relation:10961996,Municipio Fernando de Peñalver,Anzoátegui,2025-07,CON,0,0,0,0,0,0,0,0,0
osm:relation:10961996,Municipio Fernando de Peñalver,Anzoátegui,2025-07,ELM,0,0,0,0,0,0,0,0,0
osm:relation:10961996,Municipio Fernando de Peñalver,Anzoátegui,2025-07,EXT,0,0,0,0,0,0,0,0,0
osm:relation:10961996,Municipio Fernando de Peñalver,Anzoátegui,2025-07,MAC,0,0,0,0,0,0,0,0,0
osm:relation:10961996,Municipio Fernando de Peñalver,Anzoátegui,2025-07,OIL,0,0,0,0,0,0,0,0,0
osm:relation:10961996,Municipio Fernando de Peñalver,Anzoátegui,2025-07,POL,0,0,0,0,0,0,0,0,0
osm:relation:10961996,Municipio Fernando de Peñalver,Anzoátegui,2025-07,SAN,0,0,0,0,0,0,0,0,0
osm:relation:10961996,Municipio Fernando de Peñalver,Anzoátegui,2025-07,SEC,0,0,0,0,0,0,0,0,0
osm:relation:10961996,Municipio Fernando de Peñalver,Anzoátegui,2025-08,CON,0,0,0,0,0,0,0,0,0
osm:relation:10961996,Municipio Fernando de Peñalver,Anzoátegui,2025-08,ELM,0,0,0,0,0,0,0,0,0
osm:relation:10961996,Municipio Fernando de Peñalver,Anzoátegui,2025-08,EXT,0,0,0,0,0,0,0,0,0
osm:relation:10961996,Municipio Fernando de Peñalver,Anzoátegui,2025-08,MAC,0,0,0,0,0,0,0,0,0
osm:relation:10961996,Municipio Fernando de Peñalver,Anzoátegui,2025-08,OIL,0,0,0,0,0,0,0,0,0
osm:relation:10961996,Municipio Fernando de Peñalver,Anzoátegui,2025-08,POL,0,0,0,0,0,0,0,0,0
osm:relation:10961996,Municipio Fernando de Peñalver,Anzoátegui,2025-08,SAN,0,0,0,0,0,0,0,0,0
osm:relation:10961996,Municipio Fernando de Peñalver,Anzoátegui,2025-08,SEC,0,0,0,0,0,0,0,0,0
osm:relation:10961996,Municipio Fernando de Peñalver,Anzoátegui,2025-09,CON,0,0,0,0,0,0,0,0,0
osm:relation:10961996,Municipio Fernando de Peñalver,Anzoátegui,2025-09,ELM,0,0,0,0,0,0,0,0,0
osm:relation:10961996,Municipio Fernando de Peñalver,Anzoátegui,2025-09,EXT,0,0,0,0,0,0,0,0,0
osm:relation:10961996,Municipio Fernando de Peñalver,Anzoátegui,2025-09,MAC,0,0,0,0,0,0,0,0,0
osm:relation:10961996,Municipio Fernando de Peñalver,Anzoátegui,2025-09,OIL,0,0,0,0,0,0,0,0,0
osm:relation:10961996,Municipio Fernando de Peñalver,Anzoátegui,2025-09,POL,0,0,0,0,0,0,0,0,0
osm:relation:10961996,Municipio Fernando de Peñalver,Anzoátegui,2025-09,SAN,0,0,0,0,0,0,0,0,0
osm:relation:10961996,Municipio Fernando de Peñalver,Anzoátegui,2025-09,SEC,0,0,0,0,0,0,0,0,0
osm:relation:10961996,Municipio Fernando de Peñalver,Anzoátegui,2025-10,CON,0,0,0,0,0,0,0,0,0
osm:relation:10961996,Municipio Fernando de Peñalver,Anzoátegui,2025-10,ELM,0,0,0,0,0,0,0,0,0
osm:relation:10961996,Municipio Fernando de Peñalver,Anzoátegui,2025-10,EXT,0,0,0,0,0,0,0,0,0
osm:relation:10961996,Municipio Fernando de Peñalver,Anzoátegui,2025-10,MAC,0,0,0,0,0,0,0,0,0
osm:relation:10961996,Municipio Fernando de Peñalver,Anzoátegui,2025-10,OIL,0,0,0,0,0,0,0,0,0
osm:relation:10961996,Municipio Fernando de Peñalver,Anzoátegui,2025-10,POL,0,0,0,0,0,0,0,0,0
osm:relation:10961996,Municipio Fernando de Peñalver,Anzoátegui,2025-10,SAN,0,0,0,0,0,0,0,0,0
osm:relation:10961996,Municipio Fernando de Peñalver,Anzoátegui,2025-10,SEC,0,0,0,0,0,0,0,0,0
osm:relation:10961996,Municipio Fernando de Peñalver,Anzoátegui,2025-11,CON,0,0,0,0,0,0,0,0,0
osm:relation:10961996,Municipio Fernando de Peñalver,Anzoátegui,2025-11,ELM,0,0,0,0,0,0,0,0,0
osm:relation:10961996,Municipio Fernando de Peñalver,Anzoátegui,2025-11,EXT,0,0,0,0,0,0,0,0,0
osm:relation:10961996,Municipio Fernando de Peñalver,Anzoátegui,2025-11,MAC,0,0,0,0,0,0,0,0,0
osm:relation:10961996,Municipio Fernando de Peñalver,Anzoátegui,2025-11,OIL,0,0,0,0,0,0,0,0,0
osm:relation:10961996,Municipio Fernando de Peñalver,Anzoátegui,2025-11,POL,0,0,0,0,0,0,0,0,0
osm:relation:10961996,Municipio Fernando de Peñalver,Anzoátegui,2025-11,SAN,0,0,0,0,0,0,0,0,0
osm:relation:10961996,Municipio Fernando de Peñalver,Anzoátegui,2025-11,SEC,0,0,0,0,0,0,0,0,0
osm:relation:10961996,Municipio Fernando de Peñalver,Anzoátegui,2025-12,CON,0,0,0,0,0,0,0,0,0
osm:relation:10961996,Municipio Fernando de Peñalver,Anzoátegui,2025-12,ELM,0,0,0,0,0,0,0,0,0
osm:relation:10961996,Municipio Fernando de Peñalver,Anzoátegui,2025-12,EXT,0,0,0,0,0,0,0,0,0
osm:relation:10961996,Municipio Fernando de Peñalver,Anzoátegui,2025-12,MAC,0,0,0,0,0,0,0,0,0
osm:relation:10961996,Municipio Fernando de Peñalver,Anzoátegui,2025-12,OIL,0,0,0,0,0,0,0,0,0
osm:relation:10961996,Municipio Fernando de Peñalver,Anzoátegui,2025-12,POL,0,0,0,0,0,0,0,0,0
osm:relation:10961996,Municipio Fernando de Peñalver,Anzoátegui,2025-12,SAN,0,0,0,0,0,0,0,0,0
osm:relation:10961996,Municipio Fernando de Peñalver,Anzoátegui,2025-12,SEC,0,0,0,0,0,0,0,0,0
osm:relation:10961996,Municipio Fernando de Peñalver,Anzoátegui,2026-01,CON,0,0,0,0,0,0,0,0,0
osm:relation:10961996,Municipio Fernando de Peñalver,Anzoátegui,2026-01,ELM,0,0,0,0,0,0,0,0,0
osm:relation:10961996,Municipio Fernando de Peñalver,Anzoátegui,2026-01,EXT,0,0,0,0,0,0,0,0,0
osm:relation:10961996,Municipio Fernando de Peñalver,Anzoátegui,2026-01,MAC,0,0,0,0,0,0,0,0,0
osm:relation:10961996,Municipio Fernando de Peñalver,Anzoátegui,2026-01,OIL,0,0,0,0,0,0,0,0,0
osm:relation:10961996,Municipio Fernando de Peñalver,Anzoátegui,2026-01,POL,0,0,0,0,0,0,0,0,0
osm:relation:10961996,Municipio Fernando de Peñalver,Anzoátegui,2026-01,SAN,0,0,0,0,0,0,0,0,0
osm:relation:10961996,Municipio Fernando de Peñalver,Anzoátegui,2026-01,SEC,0,0,0,0,0,0,0,0,0
osm:relation:10961996,Municipio Fernando de Peñalver,Anzoátegui,2026-02,CON,0,0,0,0,0,0,0,0,0
osm:relation:10961996,Municipio Fernando de Peñalver,Anzoátegui,2026-02,ELM,0,0,0,0,0,0,0,0,0
osm:relation:10961996,Municipio Fernando de Peñalver,Anzoátegui,2026-02,EXT,0,0,0,0,0,0,0,0,0
osm:relation:10961996,Municipio Fernando de Peñalver,Anzoátegui,2026-02,MAC,0,0,0,0,0,0,0,0,0
osm:relation:10961996,Municipio Fernando de Peñalver,Anzoátegui,2026-02,OIL,0,0,0,0,0,0,0,0,0
osm:relation:10961996,Municipio Fernando de Peñalver,Anzoátegui,2026-02,POL,0,0,0,0,0,0,0,0,0
osm:relation:10961996,Municipio Fernando de Peñalver,Anzoátegui,2026-02,SAN,0,0,0,0,0,0,0,0,0
osm:relation:10961996,Municipio Fernando de Peñalver,Anzoátegui,2026-02,SEC,0,0,0,0,0,0,0,0,0
osm:relation:10961996,Municipio Fernando de Peñalver,Anzoátegui,2026-03,CON,0,0,0,0,0,0,0,0,0
osm:relation:10961996,Municipio Fernando de Peñalver,Anzoátegui,2026-03,ELM,0,0,0,0,0,0,0,0,0
osm:relation:10961996,Municipio Fernando de Peñalver,Anzoátegui,2026-03,EXT,0,0,0,0,0,0,0,0,0
osm:relation:10961996,Municipio Fernando de Peñalver,Anzoátegui,2026-03,MAC,0,0,0,0,0,0,0,0,0
osm:relation:10961996,Municipio Fernando de Peñalver,Anzoátegui,2026-03,OIL,0,0,0,0,0,0,0,0,0
osm:relation:10961996,Municipio Fernando de Peñalver,Anzoátegui,2026-03,POL,0,0,0,0,0,0,0,0,0
osm:relation:10961996,Municipio Fernando de Peñalver,Anzoátegui,2026-03,SAN,0,0,0,0,0,0,0,0,0
osm:relation:10961996,Municipio Fernando de Peñalver,Anzoátegui,2026-03,SEC,0,0,0,0,0,0,0,0,0
osm:relation:10961996,Municipio Fernando de Peñalver,Anzoátegui,2026-04,CON,0,0,0,0,0,0,0,0,0
osm:relation:10961996,Municipio Fernando de Peñalver,Anzoátegui,2026-04,ELM,0,0,0,0,0,0,0,0,0
osm:relation:10961996,Municipio Fernando de Peñalver,Anzoátegui,2026-04,EXT,0,0,0,0,0,0,0,0,0
osm:relation:10961996,Municipio Fernando de Peñalver,Anzoátegui,2026-04,MAC,0,0,0,0,0,0,0,0,0
osm:relation:10961996,Municipio Fernando de Peñalver,Anzoátegui,2026-04,OIL,0,0,0,0,0,0,0,0,0
osm:relation:10961996,Municipio Fernando de Peñalver,Anzoátegui,2026-04,POL,0,0,0,0,0,0,0,0,0
osm:relation:10961996,Municipio Fernando de Peñalver,Anzoátegui,2026-04,SAN,0,0,0,0,0,0,0,0,0
osm:relation:10961996,Municipio Fernando de Peñalver,Anzoátegui,2026-04,SEC,0,0,0,0,0,0,0,0,0
osm:relation:10961996,Municipio Fernando de Peñalver,Anzoátegui,2026-05,CON,0,0,0,0,0,0,0,0,0
osm:relation:10961996,Municipio Fernando de Peñalver,Anzoátegui,2026-05,ELM,0,0,0,0,0,0,0,0,0
osm:relation:10961996,Municipio Fernando de Peñalver,Anzoátegui,2026-05,EXT,0,0,0,0,0,0,0,0,0
osm:relation:10961996,Municipio Fernando de Peñalver,Anzoátegui,2026-05,MAC,0,0,0,0,0,0,0,0,0
osm:relation:10961996,Municipio Fernando de Peñalver,Anzoátegui,2026-05,OIL,0,0,0,0,0,0,0,0,0
osm:relation:10961996,Municipio Fernando de Peñalver,Anzoátegui,2026-05,POL,0,0,0,0,0,0,0,0,0
osm:relation:10961996,Municipio Fernando de Peñalver,Anzoátegui,2026-05,SAN,0,0,0,0,0,0,0,0,0
osm:relation:10961996,Municipio Fernando de Peñalver,Anzoátegui,2026-05,SEC,0,0,0,0,0,0,0,0,0
osm:relation:10961996,Municipio Fernando de Peñalver,Anzoátegui,2026-06,CON,0,0,0,0,0,0,0,0,0
osm:relation:10961996,Municipio Fernando de Peñalver,Anzoátegui,2026-06,ELM,0,0,0,0,0,0,0,0,0
osm:relation:10961996,Municipio Fernando de Peñalver,Anzoátegui,2026-06,EXT,0,0,0,0,0,0,0,0,0
osm:relation:10961996,Municipio Fernando de Peñalver,Anzoátegui,2026-06,MAC,0,0,0,0,0,0,0,0,0
osm:relation:10961996,Municipio Fernando de Peñalver,Anzoátegui,2026-06,OIL,0,0,0,0,0,0,0,0,0
osm:relation:10961996,Municipio Fernando de Peñalver,Anzoátegui,2026-06,POL,0,0,0,0,0,0,0,0,0
osm:relation:10961996,Municipio Fernando de Peñalver,Anzoátegui,2026-06,SAN,0,0,0,0,0,0,0,0,0
osm:relation:10961996,Municipio Fernando de Peñalver,Anzoátegui,2026-06,SEC,0,0,0,0,0,0,0,0,0
osm:relation:10961996,Municipio Fernando de Peñalver,Anzoátegui,2026-07,CON,0,0,0,0,0,0,0,0,0
osm:relation:10961996,Municipio Fernando de Peñalver,Anzoátegui,2026-07,ELM,0,0,0,0,0,0,0,0,0
osm:relation:10961996,Municipio Fernando de Peñalver,Anzoátegui,2026-07,EXT,0,0,0,0,0,0,0,0,0
osm:relation:10961996,Municipio Fernando de Peñalver,Anzoátegui,2026-07,MAC,0,0,0,0,0,0,0,0,0
osm:relation:10961996,Municipio Fernando de Peñalver,Anzoátegui,2026-07,OIL,0,0,0,0,0,0,0,0,0
osm:relation:10961996,Municipio Fernando de Peñalver,Anzoátegui,2026-07,POL,0,0,0,0,0,0,0,0,0
osm:relation:10961996,Municipio Fernando de Peñalver,Anzoátegui,2026-07,SAN,0,0,0,0,0,0,0,0,0
osm:relation:10961996,Municipio Fernando de Peñalver,Anzoátegui,2026-07,SEC,0,0,0,0,0,0,0,0,0
osm:relation:10961996,Municipio Fernando de Peñalver,Anzoátegui,2026-08,CON,0,0,0,0,0,0,0,0,0
osm:relation:10961996,Municipio Fernando de Peñalver,Anzoátegui,2026-08,ELM,0,0,0,0,0,0,0,0,0
osm:relation:10961996,Municipio Fernando de Peñalver,Anzoátegui,2026-08,EXT,0,0,0,0,0,0,0,0,0
osm:relation:10961996,Municipio Fernando de Peñalver,Anzoátegui,2026-08,MAC,0,0,0,0,0,0,0,0,0
osm:relation:10961996,Municipio Fernando de Peñalver,Anzoátegui,2026-08,OIL,0,0,0,0,0,0,0,0,0
osm:relation:10961996,Municipio Fernando de Peñalver,Anzoátegui,2026-08,POL,0,0,0,0,0,0,0,0,0
osm:relation:10961996,Municipio Fernando de Peñalver,Anzoátegui,2026-08,SAN,0,0,0,0,0,0,0,0,0
osm:relation:10961996,Municipio Fernando de Peñalver,Anzoátegui,2026-08,SEC,0,0,0,0,0,0,0,0,0
osm:relation:10961996,Municipio Fernando de Peñalver,Anzoátegui,2026-09,CON,0,0,0,0,0,0,0,0,0
osm:relation:10961996,Municipio Fernando de Peñalver,Anzoátegui,2026-09,ELM,0,0,0,0,0,0,0,0,0
osm:relation:10961996,Municipio Fernando de Peñalver,Anzoátegui,2026-09,EXT,0,0,0,0,0,0,0,0,0
osm:relation:10961996,Municipio Fernando de Peñalver,Anzoátegui,2026-09,MAC,0,0,0,0,0,0,0,0,0
osm:relation:10961996,Municipio Fernando de Peñalver,Anzoátegui,2026-09,OIL,0,0,0,0,0,0,0,0,0
osm:relation:10961996,Municipio Fernando de Peñalver,Anzoátegui,2026-09,POL,0,0,0,0,0,0,0,0,0
osm:relation:10961996,Municipio Fernando de Peñalver,Anzoátegui,2026-09,SAN,0,0,0,0,0,0,0,0,0
osm:relation:10961996,Municipio Fernando de Peñalver,Anzoátegui,2026-09,SEC,0,0,0,0,0,0,0,0,0
osm:relation:10961997,Municipio Urbaneja,Anzoátegui,2024-09,CON,0,0,0,0,0,0,0,0,0
osm:relation:10961997,Municipio Urbaneja,Anzoátegui,2024-09,ELM,0,0,0,0,0,0,0,0,0
osm:relation:10961997,Municipio Urbaneja,Anzoátegui,2024-09,EXT,0,0,0,0,0,0,0,0,0
osm:relation:10961997,Municipio Urbaneja,Anzoátegui,2024-09,MAC,0,0,0,0,0,0,0,0,0
osm:relation:10961997,Municipio Urbaneja,Anzoátegui,2024-09,OIL,0,0,0,0,0,0,0,0,0
osm:relation:10961997,Municipio Urbaneja,Anzoátegui,2024-09,POL,0,0,0,0,0,0,0,0,0
osm:relation:10961997,Municipio Urbaneja,Anzoátegui,2024-09,SAN,0,0,0,0,0,0,0,0,0
osm:relation:10961997,Municipio Urbaneja,Anzoátegui,2024-09,SEC,0,0,0,0,0,0,0,0,0
osm:relation:10961997,Municipio Urbaneja,Anzoátegui,2024-10,CON,0,0,0,0,0,0,0,0,0
osm:relation:10961997,Municipio Urbaneja,Anzoátegui,2024-10,ELM,0,0,0,0,0,0,0,0,0
osm:relation:10961997,Municipio Urbaneja,Anzoátegui,2024-10,EXT,0,0,0,0,0,0,0,0,0
osm:relation:10961997,Municipio Urbaneja,Anzoátegui,2024-10,MAC,0,0,0,0,0,0,0,0,0
osm:relation:10961997,Municipio Urbaneja,Anzoátegui,2024-10,OIL,0,0,0,0,0,0,0,0,0
osm:relation:10961997,Municipio Urbaneja,Anzoátegui,2024-10,POL,0,0,0,0,0,0,0,0,0
osm:relation:10961997,Municipio Urbaneja,Anzoátegui,2024-10,SAN,0,0,0,0,0,0,0,0,0
osm:relation:10961997,Municipio Urbaneja,Anzoátegui,2024-10,SEC,0,0,0,0,0,0,0,0,0
osm:relation:10961997,Municipio Urbaneja,Anzoátegui,2024-11,CON,0,0,0,0,0,0,0,0,0
osm:relation:10961997,Municipio Urbaneja,Anzoátegui,2024-11,ELM,0,0,0,0,0,0,0,0,0
osm:relation:10961997,Municipio Urbaneja,Anzoátegui,2024-11,EXT,0,0,0,0,0,0,0,0,0
osm:relation:10961997,Municipio Urbaneja,Anzoátegui,2024-11,MAC,0,0,0,0,0,0,0,0,0
osm:relation:10961997,Municipio Urbaneja,Anzoátegui,2024-11,OIL,0,0,0,0,0,0,0,0,0
osm:relation:10961997,Municipio Urbaneja,Anzoátegui,2024-11,POL,0,0,0,0,0,0,0,0,0
osm:relation:10961997,Municipio Urbaneja,Anzoátegui,2024-11,SAN,0,0,0,0,0,0,0,0,0
osm:relation:10961997,Municipio Urbaneja,Anzoátegui,2024-11,SEC,0,0,0,0,0,0,0,0,0
osm:relation:10961997,Municipio Urbaneja,Anzoátegui,2024-12,CON,0,0,0,0,0,0,0,0,0
osm:relation:10961997,Municipio Urbaneja,Anzoátegui,2024-12,ELM,0,0,0,0,0,0,0,0,0
osm:relation:10961997,Municipio Urbaneja,Anzoátegui,2024-12,EXT,0,0,0,0,0,0,0,0,0
osm:relation:10961997,Municipio Urbaneja,Anzoátegui,2024-12,MAC,0,0,0,0,0,0,0,0,0
osm:relation:10961997,Municipio Urbaneja,Anzoátegui,2024-12,OIL,0,0,0,0,0,0,0,0,0
osm:relation:10961997,Municipio Urbaneja,Anzoátegui,2024-12,POL,0,0,0,0,0,0,0,0,0
osm:relation:10961997,Municipio Urbaneja,Anzoátegui,2024-12,SAN,0,0,0,0,0,0,0,0,0
osm:relation:10961997,Municipio Urbaneja,Anzoátegui,2024-12,SEC,0,0,0,0,0,0,0,0,0
osm:relation:10961997,Municipio Urbaneja,Anzoátegui,2025-01,CON,0,0,0,0,0,0,0,0,0
osm:relation:10961997,Municipio Urbaneja,Anzoátegui,2025-01,ELM,0,0,0,0,0,0,0,0,0
osm:relation:10961997,Municipio Urbaneja,Anzoátegui,2025-01,EXT,0,0,0,0,0,0,0,0,0
osm:relation:10961997,Municipio Urbaneja,Anzoátegui,2025-01,MAC,0,0,0,0,0,0,0,0,0
osm:relation:10961997,Municipio Urbaneja,Anzoátegui,2025-01,OIL,0,0,0,0,0,0,0,0,0
osm:relation:10961997,Municipio Urbaneja,Anzoátegui,2025-01,POL,0,0,0,0,0,0,0,0,0
osm:relation:10961997,Municipio Urbaneja,Anzoátegui,2025-01,SAN,0,0,0,0,0,0,0,0,0
osm:relation:10961997,Municipio Urbaneja,Anzoátegui,2025-01,SEC,0,0,0,0,0,0,0,0,0
osm:relation:10961997,Municipio Urbaneja,Anzoátegui,2025-02,CON,0,0,0,0,0,0,0,0,0
osm:relation:10961997,Municipio Urbaneja,Anzoátegui,2025-02,ELM,0,0,0,0,0,0,0,0,0
osm:relation:10961997,Municipio Urbaneja,Anzoátegui,2025-02,EXT,0,0,0,0,0,0,0,0,0
osm:relation:10961997,Municipio Urbaneja,Anzoátegui,2025-02,MAC,0,0,0,0,0,0,0,0,0
osm:relation:10961997,Municipio Urbaneja,Anzoátegui,2025-02,OIL,0,0,0,0,0,0,0,0,0
osm:relation:10961997,Municipio Urbaneja,Anzoátegui,2025-02,POL,0,0,0,0,0,0,0,0,0
osm:relation:10961997,Municipio Urbaneja,Anzoátegui,2025-02,SAN,0,0,0,0,0,0,0,0,0
osm:relation:10961997,Municipio Urbaneja,Anzoátegui,2025-02,SEC,0,0,0,0,0,0,0,0,0
osm:relation:10961997,Municipio Urbaneja,Anzoátegui,2025-03,CON,0,0,0,0,0,0,0,0,0
osm:relation:10961997,Municipio Urbaneja,Anzoátegui,2025-03,ELM,0,0,0,0,0,0,0,0,0
osm:relation:10961997,Municipio Urbaneja,Anzoátegui,2025-03,EXT,0,0,0,0,0,0,0,0,0
osm:relation:10961997,Municipio Urbaneja,Anzoátegui,2025-03,MAC,0,0,0,0,0,0,0,0,0
osm:relation:10961997,Municipio Urbaneja,Anzoátegui,2025-03,OIL,0,0,0,0,0,0,0,0,0
osm:relation:10961997,Municipio Urbaneja,Anzoátegui,2025-03,POL,0,0,0,0,0,0,0,0,0
osm:relation:10961997,Municipio Urbaneja,Anzoátegui,2025-03,SAN,0,0,0,0,0,0,0,0,0
osm:relation:10961997,Municipio Urbaneja,Anzoátegui,2025-03,SEC,0,0,0,0,0,0,0,0,0
osm:relation:10961997,Municipio Urbaneja,Anzoátegui,2025-04,CON,0,0,0,0,0,0,0,0,0
osm:relation:10961997,Municipio Urbaneja,Anzoátegui,2025-04,ELM,0,0,0,0,0,0,0,0,0
osm:relation:10961997,Municipio Urbaneja,Anzoátegui,2025-04,EXT,0,0,0,0,0,0,0,0,0
osm:relation:10961997,Municipio Urbaneja,Anzoátegui,2025-04,MAC,0,0,0,0,0,0,0,0,0
osm:relation:10961997,Municipio Urbaneja,Anzoátegui,2025-04,OIL,0,0,0,0,0,0,0,0,0
osm:relation:10961997,Municipio Urbaneja,Anzoátegui,2025-04,POL,0,0,0,0,0,0,0,0,0
osm:relation:10961997,Municipio Urbaneja,Anzoátegui,2025-04,SAN,0,0,0,0,0,0,0,0,0
osm:relation:10961997,Municipio Urbaneja,Anzoátegui,2025-04,SEC,0,0,0,0,0,0,0,0,0
osm:relation:10961997,Municipio Urbaneja,Anzoátegui,2025-05,CON,0,0,0,0,0,0,0,0,0
osm:relation:10961997,Municipio Urbaneja,Anzoátegui,2025-05,ELM,0,0,0,0,0,0,0,0,0
osm:relation:10961997,Municipio Urbaneja,Anzoátegui,2025-05,EXT,0,0,0,0,0,0,0,0,0
osm:relation:10961997,Municipio Urbaneja,Anzoátegui,2025-05,MAC,0,0,0,0,0,0,0,0,0
osm:relation:10961997,Municipio Urbaneja,Anzoátegui,2025-05,OIL,0,0,0,0,0,0,0,0,0
osm:relation:10961997,Municipio Urbaneja,Anzoátegui,2025-05,POL,0,0,0,0,0,0,0,0,0
osm:relation:10961997,Municipio Urbaneja,Anzoátegui,2025-05,SAN,0,0,0,0,0,0,0,0,0
osm:relation:10961997,Municipio Urbaneja,Anzoátegui,2025-05,SEC,1,1,0,0,0,0,0,0,1
osm:relation:10961997,Municipio Urbaneja,Anzoátegui,2025-06,CON,0,0,0,0,0,0,0,0,0
osm:relation:10961997,Municipio Urbaneja,Anzoátegui,2025-06,ELM,0,0,0,0,0,0,0,0,0
osm:relation:10961997,Municipio Urbaneja,Anzoátegui,2025-06,EXT,0,0,0,0,0,0,0,0,0
osm:relation:10961997,Municipio Urbaneja,Anzoátegui,2025-06,MAC,0,0,0,0,0,0,0,0,0
osm:relation:10961997,Municipio Urbaneja,Anzoátegui,2025-06,OIL,0,0,0,0,0,0,0,0,0
osm:relation:10961997,Municipio Urbaneja,Anzoátegui,2025-06,POL,1,1,0,0,0,0,0,0,1
osm:relation:10961997,Municipio Urbaneja,Anzoátegui,2025-06,SAN,0,0,0,0,0,0,0,0,0
osm:relation:10961997,Municipio Urbaneja,Anzoátegui,2025-06,SEC,0,0,0,0,0,0,0,0,0
osm:relation:10961997,Municipio Urbaneja,Anzoátegui,2025-07,CON,0,0,0,0,0,0,0,0,0
osm:relation:10961997,Municipio Urbaneja,Anzoátegui,2025-07,ELM,0,0,0,0,0,0,0,0,0
osm:relation:10961997,Municipio Urbaneja,Anzoátegui,2025-07,EXT,0,0,0,0,0,0,0,0,0
osm:relation:10961997,Municipio Urbaneja,Anzoátegui,2025-07,MAC,0,0,0,0,0,0,0,0,0
osm:relation:10961997,Municipio Urbaneja,Anzoátegui,2025-07,OIL,0,0,0,0,0,0,0,0,0
osm:relation:10961997,Municipio Urbaneja,Anzoátegui,2025-07,POL,0,0,0,0,0,0,0,0,0
osm:relation:10961997,Municipio Urbaneja,Anzoátegui,2025-07,SAN,0,0,0,0,0,0,0,0,0
osm:relation:10961997,Municipio Urbaneja,Anzoátegui,2025-07,SEC,0,0,0,0,0,0,0,0,0
osm:relation:10961997,Municipio Urbaneja,Anzoátegui,2025-08,CON,0,0,0,0,0,0,0,0,0
osm:relation:10961997,Municipio Urbaneja,Anzoátegui,2025-08,ELM,0,0,0,0,0,0,0,0,0
osm:relation:10961997,Municipio Urbaneja,Anzoátegui,2025-08,EXT,0,0,0,0,0,0,0,0,0
osm:relation:10961997,Municipio Urbaneja,Anzoátegui,2025-08,MAC,0,0,0,0,0,0,0,0,0
osm:relation:10961997,Municipio Urbaneja,Anzoátegui,2025-08,OIL,0,0,0,0,0,0,0,0,0
osm:relation:10961997,Municipio Urbaneja,Anzoátegui,2025-08,POL,0,0,0,0,0,0,0,0,0
osm:relation:10961997,Municipio Urbaneja,Anzoátegui,2025-08,SAN,0,0,0,0,0,0,0,0,0
osm:relation:10961997,Municipio Urbaneja,Anzoátegui,2025-08,SEC,0,0,0,0,0,0,0,0,0
osm:relation:10961997,Municipio Urbaneja,Anzoátegui,2025-09,CON,0,0,0,0,0,0,0,0,0
osm:relation:10961997,Municipio Urbaneja,Anzoátegui,2025-09,ELM,0,0,0,0,0,0,0,0,0
osm:relation:10961997,Municipio Urbaneja,Anzoátegui,2025-09,EXT,0,0,0,0,0,0,0,0,0
osm:relation:10961997,Municipio Urbaneja,Anzoátegui,2025-09,MAC,0,0,0,0,0,0,0,0,0
osm:relation:10961997,Municipio Urbaneja,Anzoátegui,2025-09,OIL,0,0,0,0,0,0,0,0,0
osm:relation:10961997,Municipio Urbaneja,Anzoátegui,2025-09,POL,0,0,0,0,0,0,0,0,0
osm:relation:10961997,Municipio Urbaneja,Anzoátegui,2025-09,SAN,0,0,0,0,0,0,0,0,0
osm:relation:10961997,Municipio Urbaneja,Anzoátegui,2025-09,SEC,0,0,0,0,0,0,0,0,0
osm:relation:10961997,Municipio Urbaneja,Anzoátegui,2025-10,CON,0,0,0,0,0,0,0,0,0
osm:relation:10961997,Municipio Urbaneja,Anzoátegui,2025-10,ELM,0,0,0,0,0,0,0,0,0
osm:relation:10961997,Municipio Urbaneja,Anzoátegui,2025-10,EXT,0,0,0,0,0,0,0,0,0
osm:relation:10961997,Municipio Urbaneja,Anzoátegui,2025-10,MAC,0,0,0,0,0,0,0,0,0
osm:relation:10961997,Municipio Urbaneja,Anzoátegui,2025-10,OIL,0,0,0,0,0,0,0,0,0
osm:relation:10961997,Municipio Urbaneja,Anzoátegui,2025-10,POL,0,0,0,0,0,0,0,0,0
osm:relation:10961997,Municipio Urbaneja,Anzoátegui,2025-10,SAN,0,0,0,0,0,0,0,0,0
osm:relation:10961997,Municipio Urbaneja,Anzoátegui,2025-10,SEC,0,0,0,0,0,0,0,0,0
osm:relation:10961997,Municipio Urbaneja,Anzoátegui,2025-11,CON,0,0,0,0,0,0,0,0,0
osm:relation:10961997,Municipio Urbaneja,Anzoátegui,2025-11,ELM,0,0,0,0,0,0,0,0,0
osm:relation:10961997,Municipio Urbaneja,Anzoátegui,2025-11,EXT,0,0,0,0,0,0,0,0,0
osm:relation:10961997,Municipio Urbaneja,Anzoátegui,2025-11,MAC,0,0,0,0,0,0,0,0,0
osm:relation:10961997,Municipio Urbaneja,Anzoátegui,2025-11,OIL,0,0,0,0,0,0,0,0,0
osm:relation:10961997,Municipio Urbaneja,Anzoátegui,2025-11,POL,0,0,0,0,0,0,0,0,0
osm:relation:10961997,Municipio Urbaneja,Anzoátegui,2025-11,SAN,0,0,0,0,0,0,0,0,0
osm:relation:10961997,Municipio Urbaneja,Anzoátegui,2025-11,SEC,0,0,0,0,0,0,0,0,0
osm:relation:10961997,Municipio Urbaneja,Anzoátegui,2025-12,CON,0,0,0,0,0,0,0,0,0
osm:relation:10961997,Municipio Urbaneja,Anzoátegui,2025-12,ELM,0,0,0,0,0,0,0,0,0
osm:relation:10961997,Municipio Urbaneja,Anzoátegui,2025-12,EXT,0,0,0,0,0,0,0,0,0
osm:relation:10961997,Municipio Urbaneja,Anzoátegui,2025-12,MAC,0,0,0,0,0,0,0,0,0
osm:relation:10961997,Municipio Urbaneja,Anzoátegui,2025-12,OIL,0,0,0,0,0,0,0,0,0
osm:relation:10961997,Municipio Urbaneja,Anzoátegui,2025-12,POL,0,0,0,0,0,0,0,0,0
osm:relation:10961997,Municipio Urbaneja,Anzoátegui,2025-12,SAN,0,0,0,0,0,0,0,0,0
osm:relation:10961997,Municipio Urbaneja,Anzoátegui,2025-12,SEC,0,0,0,0,0,0,0,0,0
osm:relation:10961997,Municipio Urbaneja,Anzoátegui,2026-01,CON,0,0,0,0,0,0,0,0,0
osm:relation:10961997,Municipio Urbaneja,Anzoátegui,2026-01,ELM,0,0,0,0,0,0,0,0,0
osm:relation:10961997,Municipio Urbaneja,Anzoátegui,2026-01,EXT,0,0,0,0,0,0,0,0,0
osm:relation:10961997,Municipio Urbaneja,Anzoátegui,2026-01,MAC,0,0,0,0,0,0,0,0,0
osm:relation:10961997,Municipio Urbaneja,Anzoátegui,2026-01,OIL,0,0,0,0,0,0,0,0,0
osm:relation:10961997,Municipio Urbaneja,Anzoátegui,2026-01,POL,0,0,0,0,0,0,0,0,0
osm:relation:10961997,Municipio Urbaneja,Anzoátegui,2026-01,SAN,0,0,0,0,0,0,0,0,0
osm:relation:10961997,Municipio Urbaneja,Anzoátegui,2026-01,SEC,0,0,0,0,0,0,0,0,0
osm:relation:10961997,Municipio Urbaneja,Anzoátegui,2026-02,CON,0,0,0,0,0,0,0,0,0
osm:relation:10961997,Municipio Urbaneja,Anzoátegui,2026-02,ELM,0,0,0,0,0,0,0,0,0
osm:relation:10961997,Municipio Urbaneja,Anzoátegui,2026-02,EXT,0,0,0,0,0,0,0,0,0
osm:relation:10961997,Municipio Urbaneja,Anzoátegui,2026-02,MAC,0,0,0,0,0,0,0,0,0
osm:relation:10961997,Municipio Urbaneja,Anzoátegui,2026-02,OIL,0,0,0,0,0,0,0,0,0
osm:relation:10961997,Municipio Urbaneja,Anzoátegui,2026-02,POL,0,0,0,0,0,0,0,0,0
osm:relation:10961997,Municipio Urbaneja,Anzoátegui,2026-02,SAN,0,0,0,0,0,0,0,0,0
osm:relation:10961997,Municipio Urbaneja,Anzoátegui,2026-02,SEC,0,0,0,0,0,0,0,0,0
osm:relation:10961997,Municipio Urbaneja,Anzoátegui,2026-03,CON,0,0,0,0,0,0,0,0,0
osm:relation:10961997,Municipio Urbaneja,Anzoátegui,2026-03,ELM,0,0,0,0,0,0,0,0,0
osm:relation:10961997,Municipio Urbaneja,Anzoátegui,2026-03,EXT,0,0,0,0,0,0,0,0,0
osm:relation:10961997,Municipio Urbaneja,Anzoátegui,2026-03,MAC,0,0,0,0,0,0,0,0,0
osm:relation:10961997,Municipio Urbaneja,Anzoátegui,2026-03,OIL,0,0,0,0,0,0,0,0,0
osm:relation:10961997,Municipio Urbaneja,Anzoátegui,2026-03,POL,0,0,0,0,0,0,0,0,0
osm:relation:10961997,Municipio Urbaneja,Anzoátegui,2026-03,SAN,0,0,0,0,0,0,0,0,0
osm:relation:10961997,Municipio Urbaneja,Anzoátegui,2026-03,SEC,0,0,0,0,0,0,0,0,0
osm:relation:10961997,Municipio Urbaneja,Anzoátegui,2026-04,CON,0,0,0,0,0,0,0,0,0
osm:relation:10961997,Municipio Urbaneja,Anzoátegui,2026-04,ELM,0,0,0,0,0,0,0,0,0
osm:relation:10961997,Municipio Urbaneja,Anzoátegui,2026-04,EXT,0,0,0,0,0,0,0,0,0
osm:relation:10961997,Municipio Urbaneja,Anzoátegui,2026-04,MAC,0,0,0,0,0,0,0,0,0
osm:relation:10961997,Municipio Urbaneja,Anzoátegui,2026-04,OIL,0,0,0,0,0,0,0,0,0
osm:relation:10961997,Municipio Urbaneja,Anzoátegui,2026-04,POL,0,0,0,0,0,0,0,0,0
osm:relation:10961997,Municipio Urbaneja,Anzoátegui,2026-04,SAN,0,0,0,0,0,0,0,0,0
osm:relation:10961997,Municipio Urbaneja,Anzoátegui,2026-04,SEC,0,0,0,0,0,0,0,0,0
osm:relation:10961997,Municipio Urbaneja,Anzoátegui,2026-05,CON,0,0,0,0,0,0,0,0,0
osm:relation:10961997,Municipio Urbaneja,Anzoátegui,2026-05,ELM,0,0,0,0,0,0,0,0,0
osm:relation:10961997,Municipio Urbaneja,Anzoátegui,2026-05,EXT,0,0,0,0,0,0,0,0,0
osm:relation:10961997,Municipio Urbaneja,Anzoátegui,2026-05,MAC,0,0,0,0,0,0,0,0,0
osm:relation:10961997,Municipio Urbaneja,Anzoátegui,2026-05,OIL,0,0,0,0,0,0,0,0,0
osm:relation:10961997,Municipio Urbaneja,Anzoátegui,2026-05,POL,0,0,0,0,0,0,0,0,0
osm:relation:10961997,Municipio Urbaneja,Anzoátegui,2026-05,SAN,0,0,0,0,0,0,0,0,0
osm:relation:10961997,Municipio Urbaneja,Anzoátegui,2026-05,SEC,0,0,0,0,0,0,0,0,0
osm:relation:10961997,Municipio Urbaneja,Anzoátegui,2026-06,CON,0,0,0,0,0,0,0,0,0
osm:relation:10961997,Municipio Urbaneja,Anzoátegui,2026-06,ELM,0,0,0,0,0,0,0,0,0
osm:relation:10961997,Municipio Urbaneja,Anzoátegui,2026-06,EXT,0,0,0,0,0,0,0,0,0
osm:relation:10961997,Municipio Urbaneja,Anzoátegui,2026-06,MAC,0,0,0,0,0,0,0,0,0
osm:relation:10961997,Municipio Urbaneja,Anzoátegui,2026-06,OIL,0,0,0,0,0,0,0,0,0
osm:relation:10961997,Municipio Urbaneja,Anzoátegui,2026-06,POL,0,0,0,0,0,0,0,0,0
osm:relation:10961997,Municipio Urbaneja,Anzoátegui,2026-06,SAN,0,0,0,0,0,0,0,0,0
osm:relation:10961997,Municipio Urbaneja,Anzoátegui,2026-06,SEC,0,0,0,0,0,0,0,0,0
osm:relation:10961997,Municipio Urbaneja,Anzoátegui,2026-07,CON,0,0,0,0,0,0,0,0,0
osm:relation:10961997,Municipio Urbaneja,Anzoátegui,2026-07,ELM,0,0,0,0,0,0,0,0,0
osm:relation:10961997,Municipio Urbaneja,Anzoátegui,2026-07,EXT,0,0,0,0,0,0,0,0,0
osm:relation:10961997,Municipio Urbaneja,Anzoátegui,2026-07,MAC,0,0,0,0,0,0,0,0,0
osm:relation:10961997,Municipio Urbaneja,Anzoátegui,2026-07,OIL,0,0,0,0,0,0,0,0,0
osm:relation:10961997,Municipio Urbaneja,Anzoátegui,2026-07,POL,0,0,0,0,0,0,0,0,0
osm:relation:10961997,Municipio Urbaneja,Anzoátegui,2026-07,SAN,0,0,0,0,0,0,0,0,0
osm:relation:10961997,Municipio Urbaneja,Anzoátegui,2026-07,SEC,0,0,0,0,0,0,0,0,0
osm:relation:10961997,Municipio Urbaneja,Anzoátegui,2026-08,CON,0,0,0,0,0,0,0,0,0
osm:relation:10961997,Municipio Urbaneja,Anzoátegui,2026-08,ELM,0,0,0,0,0,0,0,0,0
osm:relation:10961997,Municipio Urbaneja,Anzoátegui,2026-08,EXT,0,0,0,0,0,0,0,0,0
osm:relation:10961997,Municipio Urbaneja,Anzoátegui,2026-08,MAC,0,0,0,0,0,0,0,0,0
osm:relation:10961997,Municipio Urbaneja,Anzoátegui,2026-08,OIL,0,0,0,0,0,0,0,0,0
osm:relation:10961997,Municipio Urbaneja,Anzoátegui,2026-08,POL,0,0,0,0,0,0,0,0,0
osm:relation:10961997,Municipio Urbaneja,Anzoátegui,2026-08,SAN,0,0,0,0,0,0,0,0,0
osm:relation:10961997,Municipio Urbaneja,Anzoátegui,2026-08,SEC,0,0,0,0,0,0,0,0,0
osm:relation:10961997,Municipio Urbaneja,Anzoátegui,2026-09,CON,0,0,0,0,0,0,0,0,0
osm:relation:10961997,Municipio Urbaneja,Anzoátegui,2026-09,ELM,0,0,0,0,0,0,0,0,0
osm:relation:10961997,Municipio Urbaneja,Anzoátegui,2026-09,EXT,0,0,0,0,0,0,0,0,0
osm:relation:10961997,Municipio Urbaneja,Anzoátegui,2026-09,MAC,0,0,0,0,0,0,0,0,0
osm:relation:10961997,Municipio Urbaneja,Anzoátegui,2026-09,OIL,0,0,0,0,0,0,0,0,0
osm:relation:10961997,Municipio Urbaneja,Anzoátegui,2026-09,POL,0,0,0,0,0,0,0,0,0
osm:relation:10961997,Municipio Urbaneja,Anzoátegui,2026-09,SAN,0,0,0,0,0,0,0,0,0
osm:relation:10961997,Municipio Urbaneja,Anzoátegui,2026-09,SEC,0,0,0,0,0,0,0,0,0
osm:relation:10961998,Municipio Guanta,Anzoátegui,2024-09,CON,0,0,0,0,0,0,0,0,0
osm:relation:10961998,Municipio Guanta,Anzoátegui,2024-09,ELM,0,0,0,0,0,0,0,0,0
osm:relation:10961998,Municipio Guanta,Anzoátegui,2024-09,EXT,0,0,0,0,0,0,0,0,0
osm:relation:10961998,Municipio Guanta,Anzoátegui,2024-09,MAC,0,0,0,0,0,0,0,0,0
osm:relation:10961998,Municipio Guanta,Anzoátegui,2024-09,OIL,0,0,0,0,0,0,0,0,0
osm:relation:10961998,Municipio Guanta,Anzoátegui,2024-09,POL,0,0,0,0,0,0,0,0,0
osm:relation:10961998,Municipio Guanta,Anzoátegui,2024-09,SAN,0,0,0,0,0,0,0,0,0
osm:relation:10961998,Municipio Guanta,Anzoátegui,2024-09,SEC,0,0,0,0,0,0,0,0,0
osm:relation:10961998,Municipio Guanta,Anzoátegui,2024-10,CON,0,0,0,0,0,0,0,0,0
osm:relation:10961998,Municipio Guanta,Anzoátegui,2024-10,ELM,0,0,0,0,0,0,0,0,0
osm:relation:10961998,Municipio Guanta,Anzoátegui,2024-10,EXT,0,0,0,0,0,0,0,0,0
osm:relation:10961998,Municipio Guanta,Anzoátegui,2024-10,MAC,0,0,0,0,0,0,0,0,0
osm:relation:10961998,Municipio Guanta,Anzoátegui,2024-10,OIL,0,0,0,0,0,0,0,0,0
osm:relation:10961998,Municipio Guanta,Anzoátegui,2024-10,POL,0,0,0,0,0,0,0,0,0
osm:relation:10961998,Municipio Guanta,Anzoátegui,2024-10,SAN,1,1,0,0,0,0,0,0,1
osm:relation:10961998,Municipio Guanta,Anzoátegui,2024-10,SEC,0,0,0,0,0,0,0,0,0
osm:relation:10961998,Municipio Guanta,Anzoátegui,2024-11,CON,0,0,0,0,0,0,0,0,0
osm:relation:10961998,Municipio Guanta,Anzoátegui,2024-11,ELM,0,0,0,0,0,0,0,0,0
osm:relation:10961998,Municipio Guanta,Anzoátegui,2024-11,EXT,0,0,0,0,0,0,0,0,0
osm:relation:10961998,Municipio Guanta,Anzoátegui,2024-11,MAC,0,0,0,0,0,0,0,0,0
osm:relation:10961998,Municipio Guanta,Anzoátegui,2024-11,OIL,0,0,0,0,0,0,0,0,0
osm:relation:10961998,Municipio Guanta,Anzoátegui,2024-11,POL,0,0,0,0,0,0,0,0,0
osm:relation:10961998,Municipio Guanta,Anzoátegui,2024-11,SAN,0,0,0,0,0,0,0,0,0
osm:relation:10961998,Municipio Guanta,Anzoátegui,2024-11,SEC,0,0,0,0,0,0,0,0,0
osm:relation:10961998,Municipio Guanta,Anzoátegui,2024-12,CON,0,0,0,0,0,0,0,0,0
osm:relation:10961998,Municipio Guanta,Anzoátegui,2024-12,ELM,0,0,0,0,0,0,0,0,0
osm:relation:10961998,Municipio Guanta,Anzoátegui,2024-12,EXT,0,0,0,0,0,0,0,0,0
osm:relation:10961998,Municipio Guanta,Anzoátegui,2024-12,MAC,0,0,0,0,0,0,0,0,0
osm:relation:10961998,Municipio Guanta,Anzoátegui,2024-12,OIL,0,0,0,0,0,0,0,0,0
osm:relation:10961998,Municipio Guanta,Anzoátegui,2024-12,POL,0,0,0,0,0,0,0,0,0
osm:relation:10961998,Municipio Guanta,Anzoátegui,2024-12,SAN,0,0,0,0,0,0,0,0,0
osm:relation:10961998,Municipio Guanta,Anzoátegui,2024-12,SEC,0,0,0,0,0,0,0,0,0
osm:relation:10961998,Municipio Guanta,Anzoátegui,2025-01,CON,0,0,0,0,0,0,0,0,0
osm:relation:10961998,Municipio Guanta,Anzoátegui,2025-01,ELM,0,0,0,0,0,0,0,0,0
osm:relation:10961998,Municipio Guanta,Anzoátegui,2025-01,EXT,0,0,0,0,0,0,0,0,0
osm:relation:10961998,Municipio Guanta,Anzoátegui,2025-01,MAC,0,0,0,0,0,0,0,0,0
osm:relation:10961998,Municipio Guanta,Anzoátegui,2025-01,OIL,0,0,0,0,0,0,0,0,0
osm:relation:10961998,Municipio Guanta,Anzoátegui,2025-01,POL,0,0,0,0,0,0,0,0,0
osm:relation:10961998,Municipio Guanta,Anzoátegui,2025-01,SAN,0,0,0,0,0,0,0,0,0
osm:relation:10961998,Municipio Guanta,Anzoátegui,2025-01,SEC,0,0,0,0,0,0,0,0,0
osm:relation:10961998,Municipio Guanta,Anzoátegui,2025-02,CON,0,0,0,0,0,0,0,0,0
osm:relation:10961998,Municipio Guanta,Anzoátegui,2025-02,ELM,0,0,0,0,0,0,0,0,0
osm:relation:10961998,Municipio Guanta,Anzoátegui,2025-02,EXT,0,0,0,0,0,0,0,0,0
osm:relation:10961998,Municipio Guanta,Anzoátegui,2025-02,MAC,0,0,0,0,0,0,0,0,0
osm:relation:10961998,Municipio Guanta,Anzoátegui,2025-02,OIL,0,0,0,0,0,0,0,0,0
osm:relation:10961998,Municipio Guanta,Anzoátegui,2025-02,POL,0,0,0,0,0,0,0,0,0
osm:relation:10961998,Municipio Guanta,Anzoátegui,2025-02,SAN,0,0,0,0,0,0,0,0,0
osm:relation:10961998,Municipio Guanta,Anzoátegui,2025-02,SEC,0,0,0,0,0,0,0,0,0
osm:relation:10961998,Municipio Guanta,Anzoátegui,2025-03,CON,0,0,0,0,0,0,0,0,0
osm:relation:10961998,Municipio Guanta,Anzoátegui,2025-03,ELM,0,0,0,0,0,0,0,0,0
osm:relation:10961998,Municipio Guanta,Anzoátegui,2025-03,EXT,0,0,0,0,0,0,0,0,0
osm:relation:10961998,Municipio Guanta,Anzoátegui,2025-03,MAC,0,0,0,0,0,0,0,0,0
osm:relation:10961998,Municipio Guanta,Anzoátegui,2025-03,OIL,0,0,0,0,0,0,0,0,0
osm:relation:10961998,Municipio Guanta,Anzoátegui,2025-03,POL,0,0,0,0,0,0,0,0,0
osm:relation:10961998,Municipio Guanta,Anzoátegui,2025-03,SAN,0,0,0,0,0,0,0,0,0
osm:relation:10961998,Municipio Guanta,Anzoátegui,2025-03,SEC,0,0,0,0,0,0,0,0,0
osm:relation:10961998,Municipio Guanta,Anzoátegui,2025-04,CON,0,0,0,0,0,0,0,0,0
osm:relation:10961998,Municipio Guanta,Anzoátegui,2025-04,ELM,0,0,0,0,0,0,0,0,0
osm:relation:10961998,Municipio Guanta,Anzoátegui,2025-04,EXT,0,0,0,0,0,0,0,0,0
osm:relation:10961998,Municipio Guanta,Anzoátegui,2025-04,MAC,0,0,0,0,0,0,0,0,0
osm:relation:10961998,Municipio Guanta,Anzoátegui,2025-04,OIL,0,0,0,0,0,0,0,0,0
osm:relation:10961998,Municipio Guanta,Anzoátegui,2025-04,POL,0,0,0,0,0,0,0,0,0
osm:relation:10961998,Municipio Guanta,Anzoátegui,2025-04,SAN,0,0,0,0,0,0,0,0,0
osm:relation:10961998,Municipio Guanta,Anzoátegui,2025-04,SEC,0,0,0,0,0,0,0,0,0
osm:relation:10961998,Municipio Guanta,Anzoátegui,2025-05,CON,0,0,0,0,0,0,0,0,0
osm:relation:10961998,Municipio Guanta,Anzoátegui,2025-05,ELM,0,0,0,0,0,0,0,0,0
osm:relation:10961998,Municipio Guanta,Anzoátegui,2025-05,EXT,0,0,0,0,0,0,0,0,0
osm:relation:10961998,Municipio Guanta,Anzoátegui,2025-05,MAC,0,0,0,0,0,0,0,0,0
osm:relation:10961998,Municipio Guanta,Anzoátegui,2025-05,OIL,0,0,0,0,0,0,0,0,0
osm:relation:10961998,Municipio Guanta,Anzoátegui,2025-05,POL,0,0,0,0,0,0,0,0,0
osm:relation:10961998,Municipio Guanta,Anzoátegui,2025-05,SAN,0,0,0,0,0,0,0,0,0
osm:relation:10961998,Municipio Guanta,Anzoátegui,2025-05,SEC,0,0,0,0,0,0,0,0,0
osm:relation:10961998,Municipio Guanta,Anzoátegui,2025-06,CON,0,0,0,0,0,0,0,0,0
osm:relation:10961998,Municipio Guanta,Anzoátegui,2025-06,ELM,0,0,0,0,0,0,0,0,0
osm:relation:10961998,Municipio Guanta,Anzoátegui,2025-06,EXT,0,0,0,0,0,0,0,0,0
osm:relation:10961998,Municipio Guanta,Anzoátegui,2025-06,MAC,0,0,0,0,0,0,0,0,0
osm:relation:10961998,Municipio Guanta,Anzoátegui,2025-06,OIL,0,0,0,0,0,0,0,0,0
osm:relation:10961998,Municipio Guanta,Anzoátegui,2025-06,POL,0,0,0,0,0,0,0,0,0
osm:relation:10961998,Municipio Guanta,Anzoátegui,2025-06,SAN,0,0,0,0,0,0,0,0,0
osm:relation:10961998,Municipio Guanta,Anzoátegui,2025-06,SEC,0,0,0,0,0,0,0,0,0
osm:relation:10961998,Municipio Guanta,Anzoátegui,2025-07,CON,0,0,0,0,0,0,0,0,0
osm:relation:10961998,Municipio Guanta,Anzoátegui,2025-07,ELM,0,0,0,0,0,0,0,0,0
osm:relation:10961998,Municipio Guanta,Anzoátegui,2025-07,EXT,0,0,0,0,0,0,0,0,0
osm:relation:10961998,Municipio Guanta,Anzoátegui,2025-07,MAC,0,0,0,0,0,0,0,0,0
osm:relation:10961998,Municipio Guanta,Anzoátegui,2025-07,OIL,0,0,0,0,0,0,0,0,0
osm:relation:10961998,Municipio Guanta,Anzoátegui,2025-07,POL,0,0,0,0,0,0,0,0,0
osm:relation:10961998,Municipio Guanta,Anzoátegui,2025-07,SAN,0,0,0,0,0,0,0,0,0
osm:relation:10961998,Municipio Guanta,Anzoátegui,2025-07,SEC,0,0,0,0,0,0,0,0,0
osm:relation:10961998,Municipio Guanta,Anzoátegui,2025-08,CON,0,0,0,0,0,0,0,0,0
osm:relation:10961998,Municipio Guanta,Anzoátegui,2025-08,ELM,0,0,0,0,0,0,0,0,0
osm:relation:10961998,Municipio Guanta,Anzoátegui,2025-08,EXT,0,0,0,0,0,0,0,0,0
osm:relation:10961998,Municipio Guanta,Anzoátegui,2025-08,MAC,0,0,0,0,0,0,0,0,0
osm:relation:10961998,Municipio Guanta,Anzoátegui,2025-08,OIL,0,0,0,0,0,0,0,0,0
osm:relation:10961998,Municipio Guanta,Anzoátegui,2025-08,POL,0,0,0,0,0,0,0,0,0
osm:relation:10961998,Municipio Guanta,Anzoátegui,2025-08,SAN,0,0,0,0,0,0,0,0,0
osm:relation:10961998,Municipio Guanta,Anzoátegui,2025-08,SEC,0,0,0,0,0,0,0,0,0
osm:relation:10961998,Municipio Guanta,Anzoátegui,2025-09,CON,0,0,0,0,0,0,0,0,0
osm:relation:10961998,Municipio Guanta,Anzoátegui,2025-09,ELM,0,0,0,0,0,0,0,0,0
osm:relation:10961998,Municipio Guanta,Anzoátegui,2025-09,EXT,0,0,0,0,0,0,0,0,0
osm:relation:10961998,Municipio Guanta,Anzoátegui,2025-09,MAC,0,0,0,0,0,0,0,0,0
osm:relation:10961998,Municipio Guanta,Anzoátegui,2025-09,OIL,0,0,0,0,0,0,0,0,0
osm:relation:10961998,Municipio Guanta,Anzoátegui,2025-09,POL,0,0,0,0,0,0,0,0,0
osm:relation:10961998,Municipio Guanta,Anzoátegui,2025-09,SAN,0,0,0,0,0,0,0,0,0
osm:relation:10961998,Municipio Guanta,Anzoátegui,2025-09,SEC,0,0,0,0,0,0,0,0,0
osm:relation:10961998,Municipio Guanta,Anzoátegui,2025-10,CON,0,0,0,0,0,0,0,0,0
osm:relation:10961998,Municipio Guanta,Anzoátegui,2025-10,ELM,0,0,0,0,0,0,0,0,0
osm:relation:10961998,Municipio Guanta,Anzoátegui,2025-10,EXT,0,0,0,0,0,0,0,0,0
osm:relation:10961998,Municipio Guanta,Anzoátegui,2025-10,MAC,0,0,0,0,0,0,0,0,0
osm:relation:10961998,Municipio Guanta,Anzoátegui,2025-10,OIL,0,0,0,0,0,0,0,0,0
osm:relation:10961998,Municipio Guanta,Anzoátegui,2025-10,POL,0,0,0,0,0,0,0,0,0
osm:relation:10961998,Municipio Guanta,Anzoátegui,2025-10,SAN,0,0,0,0,0,0,0,0,0
osm:relation:10961998,Municipio Guanta,Anzoátegui,2025-10,SEC,0,0,0,0,0,0,0,0,0
osm:relation:10961998,Municipio Guanta,Anzoátegui,2025-11,CON,0,0,0,0,0,0,0,0,0
osm:relation:10961998,Municipio Guanta,Anzoátegui,2025-11,ELM,0,0,0,0,0,0,0,0,0
osm:relation:10961998,Municipio Guanta,Anzoátegui,2025-11,EXT,0,0,0,0,0,0,0,0,0
osm:relation:10961998,Municipio Guanta,Anzoátegui,2025-11,MAC,0,0,0,0,0,0,0,0,0
osm:relation:10961998,Municipio Guanta,Anzoátegui,2025-11,OIL,0,0,0,0,0,0,0,0,0
osm:relation:10961998,Municipio Guanta,Anzoátegui,2025-11,POL,0,0,0,0,0,0,0,0,0
osm:relation:10961998,Municipio Guanta,Anzoátegui,2025-11,SAN,0,0,0,0,0,0,0,0,0
osm:relation:10961998,Municipio Guanta,Anzoátegui,2025-11,SEC,0,0,0,0,0,0,0,0,0
osm:relation:10961998,Municipio Guanta,Anzoátegui,2025-12,CON,0,0,0,0,0,0,0,0,0
osm:relation:10961998,Municipio Guanta,Anzoátegui,2025-12,ELM,0,0,0,0,0,0,0,0,0
osm:relation:10961998,Municipio Guanta,Anzoátegui,2025-12,EXT,0,0,0,0,0,0,0,0,0
osm:relation:10961998,Municipio Guanta,Anzoátegui,2025-12,MAC,0,0,0,0,0,0,0,0,0
osm:relation:10961998,Municipio Guanta,Anzoátegui,2025-12,OIL,0,0,0,0,0,0,0,0,0
osm:relation:10961998,Municipio Guanta,Anzoátegui,2025-12,POL,0,0,0,0,0,0,0,0,0
osm:relation:10961998,Municipio Guanta,Anzoátegui,2025-12,SAN,0,0,0,0,0,0,0,0,0
osm:relation:10961998,Municipio Guanta,Anzoátegui,2025-12,SEC,0,0,0,0,0,0,0,0,0
osm:relation:10961998,Municipio Guanta,Anzoátegui,2026-01,CON,0,0,0,0,0,0,0,0,0
osm:relation:10961998,Municipio Guanta,Anzoátegui,2026-01,ELM,0,0,0,0,0,0,0,0,0
osm:relation:10961998,Municipio Guanta,Anzoátegui,2026-01,EXT,0,0,0,0,0,0,0,0,0
osm:relation:10961998,Municipio Guanta,Anzoátegui,2026-01,MAC,0,0,0,0,0,0,0,0,0
osm:relation:10961998,Municipio Guanta,Anzoátegui,2026-01,OIL,0,0,0,0,0,0,0,0,0
osm:relation:10961998,Municipio Guanta,Anzoátegui,2026-01,POL,0,0,0,0,0,0,0,0,0
osm:relation:10961998,Municipio Guanta,Anzoátegui,2026-01,SAN,0,0,0,0,0,0,0,0,0
osm:relation:10961998,Municipio Guanta,Anzoátegui,2026-01,SEC,0,0,0,0,0,0,0,0,0
osm:relation:10961998,Municipio Guanta,Anzoátegui,2026-02,CON,0,0,0,0,0,0,0,0,0
osm:relation:10961998,Municipio Guanta,Anzoátegui,2026-02,ELM,0,0,0,0,0,0,0,0,0
osm:relation:10961998,Municipio Guanta,Anzoátegui,2026-02,EXT,0,0,0,0,0,0,0,0,0
osm:relation:10961998,Municipio Guanta,Anzoátegui,2026-02,MAC,0,0,0,0,0,0,0,0,0
osm:relation:10961998,Municipio Guanta,Anzoátegui,2026-02,OIL,0,0,0,0,0,0,0,0,0
osm:relation:10961998,Municipio Guanta,Anzoátegui,2026-02,POL,0,0,0,0,0,0,0,0,0
osm:relation:10961998,Municipio Guanta,Anzoátegui,2026-02,SAN,0,0,0,0,0,0,0,0,0
osm:relation:10961998,Municipio Guanta,Anzoátegui,2026-02,SEC,0,0,0,0,0,0,0,0,0
osm:relation:10961998,Municipio Guanta,Anzoátegui,2026-03,CON,0,0,0,0,0,0,0,0,0
osm:relation:10961998,Municipio Guanta,Anzoátegui,2026-03,ELM,0,0,0,0,0,0,0,0,0
osm:relation:10961998,Municipio Guanta,Anzoátegui,2026-03,EXT,0,0,0,0,0,0,0,0,0
osm:relation:10961998,Municipio Guanta,Anzoátegui,2026-03,MAC,0,0,0,0,0,0,0,0,0
osm:relation:10961998,Municipio Guanta,Anzoátegui,2026-03,OIL,0,0,0,0,0,0,0,0,0
osm:relation:10961998,Municipio Guanta,Anzoátegui,2026-03,POL,0,0,0,0,0,0,0,0,0
osm:relation:10961998,Municipio Guanta,Anzoátegui,2026-03,SAN,0,0,0,0,0,0,0,0,0
osm:relation:10961998,Municipio Guanta,Anzoátegui,2026-03,SEC,2,2,0,0,0,0,0,0,2
osm:relation:10961998,Municipio Guanta,Anzoátegui,2026-04,CON,0,0,0,0,0,0,0,0,0
osm:relation:10961998,Municipio Guanta,Anzoátegui,2026-04,ELM,0,0,0,0,0,0,0,0,0
osm:relation:10961998,Municipio Guanta,Anzoátegui,2026-04,EXT,0,0,0,0,0,0,0,0,0
osm:relation:10961998,Municipio Guanta,Anzoátegui,2026-04,MAC,0,0,0,0,0,0,0,0,0
osm:relation:10961998,Municipio Guanta,Anzoátegui,2026-04,OIL,0,0,0,0,0,0,0,0,0
osm:relation:10961998,Municipio Guanta,Anzoátegui,2026-04,POL,0,0,0,0,0,0,0,0,0
osm:relation:10961998,Municipio Guanta,Anzoátegui,2026-04,SAN,0,0,0,0,0,0,0,0,0
osm:relation:10961998,Municipio Guanta,Anzoátegui,2026-04,SEC,0,0,0,0,0,0,0,0,0
osm:relation:10961998,Municipio Guanta,Anzoátegui,2026-05,CON,0,0,0,0,0,0,0,0,0
osm:relation:10961998,Municipio Guanta,Anzoátegui,2026-05,ELM,0,0,0,0,0,0,0,0,0
osm:relation:10961998,Municipio Guanta,Anzoátegui,2026-05,EXT,0,0,0,0,0,0,0,0,0
osm:relation:10961998,Municipio Guanta,Anzoátegui,2026-05,MAC,0,0,0,0,0,0,0,0,0
osm:relation:10961998,Municipio Guanta,Anzoátegui,2026-05,OIL,0,0,0,0,0,0,0,0,0
osm:relation:10961998,Municipio Guanta,Anzoátegui,2026-05,POL,0,0,0,0,0,0,0,0,0
osm:relation:10961998,Municipio Guanta,Anzoátegui,2026-05,SAN,0,0,0,0,0,0,0,0,0
osm:relation:10961998,Municipio Guanta,Anzoátegui,2026-05,SEC,0,0,0,0,0,0,0,0,0
osm:relation:10961998,Municipio Guanta,Anzoátegui,2026-06,CON,0,0,0,0,0,0,0,0,0
osm:relation:10961998,Municipio Guanta,Anzoátegui,2026-06,ELM,0,0,0,0,0,0,0,0,0
osm:relation:10961998,Municipio Guanta,Anzoátegui,2026-06,EXT,0,0,0,0,0,0,0,0,0
osm:relation:10961998,Municipio Guanta,Anzoátegui,2026-06,MAC,0,0,0,0,0,0,0,0,0
osm:relation:10961998,Municipio Guanta,Anzoátegui,2026-06,OIL,0,0,0,0,0,0,0,0,0
osm:relation:10961998,Municipio Guanta,Anzoátegui,2026-06,POL,0,0,0,0,0,0,0,0,0
osm:relation:10961998,Municipio Guanta,Anzoátegui,2026-06,SAN,0,0,0,0,0,0,0,0,0
osm:relation:10961998,Municipio Guanta,Anzoátegui,2026-06,SEC,0,0,0,0,0,0,0,0,0
osm:relation:10961998,Municipio Guanta,Anzoátegui,2026-07,CON,0,0,0,0,0,0,0,0,0
osm:relation:10961998,Municipio Guanta,Anzoátegui,2026-07,ELM,0,0,0,0,0,0,0,0,0
osm:relation:10961998,Municipio Guanta,Anzoátegui,2026-07,EXT,0,0,0,0,0,0,0,0,0
osm:relation:10961998,Municipio Guanta,Anzoátegui,2026-07,MAC,0,0,0,0,0,0,0,0,0
osm:relation:10961998,Municipio Guanta,Anzoátegui,2026-07,OIL,1,1,0,0,0,0,0,0,1
osm:relation:10961998,Municipio Guanta,Anzoátegui,2026-07,POL,0,0,0,0,0,0,0,0,0
osm:relation:10961998,Municipio Guanta,Anzoátegui,2026-07,SAN,0,0,0,0,0,0,0,0,0
osm:relation:10961998,Municipio Guanta,Anzoátegui,2026-07,SEC,0,0,0,0,0,0,0,0,0
osm:relation:10961998,Municipio Guanta,Anzoátegui,2026-08,CON,0,0,0,0,0,0,0,0,0
osm:relation:10961998,Municipio Guanta,Anzoátegui,2026-08,ELM,0,0,0,0,0,0,0,0,0
osm:relation:10961998,Municipio Guanta,Anzoátegui,2026-08,EXT,0,0,0,0,0,0,0,0,0
osm:relation:10961998,Municipio Guanta,Anzoátegui,2026-08,MAC,0,0,0,0,0,0,0,0,0
osm:relation:10961998,Municipio Guanta,Anzoátegui,2026-08,OIL,0,0,0,0,0,0,0,0,0
osm:relation:10961998,Municipio Guanta,Anzoátegui,2026-08,POL,0,0,0,0,0,0,0,0,0
osm:relation:10961998,Municipio Guanta,Anzoátegui,2026-08,SAN,0,0,0,0,0,0,0,0,0
osm:relation:10961998,Municipio Guanta,Anzoátegui,2026-08,SEC,0,0,0,0,0,0,0,0,0
osm:relation:10961998,Municipio Guanta,Anzoátegui,2026-09,CON,0,0,0,0,0,0,0,0,0
osm:relation:10961998,Municipio Guanta,Anzoátegui,2026-09,ELM,0,0,0,0,0,0,0,0,0
osm:relation:10961998,Municipio Guanta,Anzoátegui,2026-09,EXT,0,0,0,0,0,0,0,0,0
osm:relation:10961998,Municipio Guanta,Anzoátegui,2026-09,MAC,0,0,0,0,0,0,0,0,0
osm:relation:10961998,Municipio Guanta,Anzoátegui,2026-09,OIL,0,0,0,0,0,0,0,0,0
osm:relation:10961998,Municipio Guanta,Anzoátegui,2026-09,POL,0,0,0,0,0,0,0,0,0
osm:relation:10961998,Municipio Guanta,Anzoátegui,2026-09,SAN,0,0,0,0,0,0,0,0,0
osm:relation:10961998,Municipio Guanta,Anzoátegui,2026-09,SEC,0,0,0,0,0,0,0,0,0
osm:relation:10961999,Municipio Sotillo,Anzoátegui,2024-09,CON,0,0,0,0,0,0,0,0,0
osm:relation:10961999,Municipio Sotillo,Anzoátegui,2024-09,ELM,0,0,0,0,0,0,0,0,0
osm:relation:10961999,Municipio Sotillo,Anzoátegui,2024-09,EXT,0,0,0,0,0,0,0,0,0
osm:relation:10961999,Municipio Sotillo,Anzoátegui,2024-09,MAC,0,0,0,0,0,0,0,0,0
osm:relation:10961999,Municipio Sotillo,Anzoátegui,2024-09,OIL,0,0,0,0,0,0,0,0,0
osm:relation:10961999,Municipio Sotillo,Anzoátegui,2024-09,POL,0,0,0,0,0,0,0,0,0
osm:relation:10961999,Municipio Sotillo,Anzoátegui,2024-09,SAN,0,0,0,0,0,0,0,0,0
osm:relation:10961999,Municipio Sotillo,Anzoátegui,2024-09,SEC,0,0,0,0,0,0,0,0,0
osm:relation:10961999,Municipio Sotillo,Anzoátegui,2024-10,CON,0,0,0,0,0,0,0,0,0
osm:relation:10961999,Municipio Sotillo,Anzoátegui,2024-10,ELM,0,0,0,0,0,0,0,0,0
osm:relation:10961999,Municipio Sotillo,Anzoátegui,2024-10,EXT,0,0,0,0,0,0,0,0,0
osm:relation:10961999,Municipio Sotillo,Anzoátegui,2024-10,MAC,0,0,0,0,0,0,0,0,0
osm:relation:10961999,Municipio Sotillo,Anzoátegui,2024-10,OIL,0,0,0,0,0,0,0,0,0
osm:relation:10961999,Municipio Sotillo,Anzoátegui,2024-10,POL,0,0,0,0,0,0,0,0,0
osm:relation:10961999,Municipio Sotillo,Anzoátegui,2024-10,SAN,0,0,0,0,0,0,0,0,0
osm:relation:10961999,Municipio Sotillo,Anzoátegui,2024-10,SEC,0,0,0,0,0,0,0,0,0
osm:relation:10961999,Municipio Sotillo,Anzoátegui,2024-11,CON,0,0,0,0,0,0,0,0,0
osm:relation:10961999,Municipio Sotillo,Anzoátegui,2024-11,ELM,0,0,0,0,0,0,0,0,0
osm:relation:10961999,Municipio Sotillo,Anzoátegui,2024-11,EXT,0,0,0,0,0,0,0,0,0
osm:relation:10961999,Municipio Sotillo,Anzoátegui,2024-11,MAC,0,0,0,0,0,0,0,0,0
osm:relation:10961999,Municipio Sotillo,Anzoátegui,2024-11,OIL,0,0,0,0,0,0,0,0,0
osm:relation:10961999,Municipio Sotillo,Anzoátegui,2024-11,POL,0,0,0,0,0,0,0,0,0
osm:relation:10961999,Municipio Sotillo,Anzoátegui,2024-11,SAN,0,0,0,0,0,0,0,0,0
osm:relation:10961999,Municipio Sotillo,Anzoátegui,2024-11,SEC,0,0,0,0,0,0,0,0,0
osm:relation:10961999,Municipio Sotillo,Anzoátegui,2024-12,CON,0,0,0,0,0,0,0,0,0
osm:relation:10961999,Municipio Sotillo,Anzoátegui,2024-12,ELM,0,0,0,0,0,0,0,0,0
osm:relation:10961999,Municipio Sotillo,Anzoátegui,2024-12,EXT,0,0,0,0,0,0,0,0,0
osm:relation:10961999,Municipio Sotillo,Anzoátegui,2024-12,MAC,0,0,0,0,0,0,0,0,0
osm:relation:10961999,Municipio Sotillo,Anzoátegui,2024-12,OIL,0,0,0,0,0,0,0,0,0
osm:relation:10961999,Municipio Sotillo,Anzoátegui,2024-12,POL,0,0,0,0,0,0,0,0,0
osm:relation:10961999,Municipio Sotillo,Anzoátegui,2024-12,SAN,0,0,0,0,0,0,0,0,0
osm:relation:10961999,Municipio Sotillo,Anzoátegui,2024-12,SEC,0,0,0,0,0,0,0,0,0
osm:relation:10961999,Municipio Sotillo,Anzoátegui,2025-01,CON,0,0,0,0,0,0,0,0,0
osm:relation:10961999,Municipio Sotillo,Anzoátegui,2025-01,ELM,0,0,0,0,0,0,0,0,0
osm:relation:10961999,Municipio Sotillo,Anzoátegui,2025-01,EXT,0,0,0,0,0,0,0,0,0
osm:relation:10961999,Municipio Sotillo,Anzoátegui,2025-01,MAC,0,0,0,0,0,0,0,0,0
osm:relation:10961999,Municipio Sotillo,Anzoátegui,2025-01,OIL,0,0,0,0,0,0,0,0,0
osm:relation:10961999,Municipio Sotillo,Anzoátegui,2025-01,POL,0,0,0,0,0,0,0,0,0
osm:relation:10961999,Municipio Sotillo,Anzoátegui,2025-01,SAN,0,0,0,0,0,0,0,0,0
osm:relation:10961999,Municipio Sotillo,Anzoátegui,2025-01,SEC,0,0,0,0,0,0,0,0,0
osm:relation:10961999,Municipio Sotillo,Anzoátegui,2025-02,CON,0,0,0,0,0,0,0,0,0
osm:relation:10961999,Municipio Sotillo,Anzoátegui,2025-02,ELM,0,0,0,0,0,0,0,0,0
osm:relation:10961999,Municipio Sotillo,Anzoátegui,2025-02,EXT,0,0,0,0,0,0,0,0,0
osm:relation:10961999,Municipio Sotillo,Anzoátegui,2025-02,MAC,0,0,0,0,0,0,0,0,0
osm:relation:10961999,Municipio Sotillo,Anzoátegui,2025-02,OIL,0,0,0,0,0,0,0,0,0
osm:relation:10961999,Municipio Sotillo,Anzoátegui,2025-02,POL,0,0,0,0,0,0,0,0,0
osm:relation:10961999,Municipio Sotillo,Anzoátegui,2025-02,SAN,0,0,0,0,0,0,0,0,0
osm:relation:10961999,Municipio Sotillo,Anzoátegui,2025-02,SEC,0,0,0,0,0,0,0,0,0
osm:relation:10961999,Municipio Sotillo,Anzoátegui,2025-03,CON,0,0,0,0,0,0,0,0,0
osm:relation:10961999,Municipio Sotillo,Anzoátegui,2025-03,ELM,0,0,0,0,0,0,0,0,0
osm:relation:10961999,Municipio Sotillo,Anzoátegui,2025-03,EXT,0,0,0,0,0,0,0,0,0
osm:relation:10961999,Municipio Sotillo,Anzoátegui,2025-03,MAC,0,0,0,0,0,0,0,0,0
osm:relation:10961999,Municipio Sotillo,Anzoátegui,2025-03,OIL,0,0,0,0,0,0,0,0,0
osm:relation:10961999,Municipio Sotillo,Anzoátegui,2025-03,POL,0,0,0,0,0,0,0,0,0
osm:relation:10961999,Municipio Sotillo,Anzoátegui,2025-03,SAN,0,0,0,0,0,0,0,0,0
osm:relation:10961999,Municipio Sotillo,Anzoátegui,2025-03,SEC,0,0,0,0,0,0,0,0,0
osm:relation:10961999,Municipio Sotillo,Anzoátegui,2025-04,CON,0,0,0,0,0,0,0,0,0
osm:relation:10961999,Municipio Sotillo,Anzoátegui,2025-04,ELM,0,0,0,0,0,0,0,0,0
osm:relation:10961999,Municipio Sotillo,Anzoátegui,2025-04,EXT,0,0,0,0,0,0,0,0,0
osm:relation:10961999,Municipio Sotillo,Anzoátegui,2025-04,MAC,0,0,0,0,0,0,0,0,0
osm:relation:10961999,Municipio Sotillo,Anzoátegui,2025-04,OIL,0,0,0,0,0,0,0,0,0
osm:relation:10961999,Municipio Sotillo,Anzoátegui,2025-04,POL,0,0,0,0,0,0,0,0,0
osm:relation:10961999,Municipio Sotillo,Anzoátegui,2025-04,SAN,0,0,0,0,0,0,0,0,0
osm:relation:10961999,Municipio Sotillo,Anzoátegui,2025-04,SEC,1,1,0,0,0,0,0,0,1
osm:relation:10961999,Municipio Sotillo,Anzoátegui,2025-05,CON,0,0,0,0,0,0,0,0,0
osm:relation:10961999,Municipio Sotillo,Anzoátegui,2025-05,ELM,0,0,0,0,0,0,0,0,0
osm:relation:10961999,Municipio Sotillo,Anzoátegui,2025-05,EXT,0,0,0,0,0,0,0,0,0
osm:relation:10961999,Municipio Sotillo,Anzoátegui,2025-05,MAC,0,0,0,0,0,0,0,0,0
osm:relation:10961999,Municipio Sotillo,Anzoátegui,2025-05,OIL,0,0,0,0,0,0,0,0,0
osm:relation:10961999,Municipio Sotillo,Anzoátegui,2025-05,POL,0,0,0,0,0,0,0,0,0
osm:relation:10961999,Municipio Sotillo,Anzoátegui,2025-05,SAN,0,0,0,0,0,0,0,0,0
osm:relation:10961999,Municipio Sotillo,Anzoátegui,2025-05,SEC,0,0,0,0,0,0,0,0,0
osm:relation:10961999,Municipio Sotillo,Anzoátegui,2025-06,CON,0,0,0,0,0,0,0,0,0
osm:relation:10961999,Municipio Sotillo,Anzoátegui,2025-06,ELM,0,0,0,0,0,0,0,0,0
osm:relation:10961999,Municipio Sotillo,Anzoátegui,2025-06,EXT,0,0,0,0,0,0,0,0,0
osm:relation:10961999,Municipio Sotillo,Anzoátegui,2025-06,MAC,0,0,0,0,0,0,0,0,0
osm:relation:10961999,Municipio Sotillo,Anzoátegui,2025-06,OIL,0,0,0,0,0,0,0,0,0
osm:relation:10961999,Municipio Sotillo,Anzoátegui,2025-06,POL,0,0,0,0,0,0,0,0,0
osm:relation:10961999,Municipio Sotillo,Anzoátegui,2025-06,SAN,0,0,0,0,0,0,0,0,0
osm:relation:10961999,Municipio Sotillo,Anzoátegui,2025-06,SEC,0,0,0,0,0,0,0,0,0
osm:relation:10961999,Municipio Sotillo,Anzoátegui,2025-07,CON,0,0,0,0,0,0,0,0,0
osm:relation:10961999,Municipio Sotillo,Anzoátegui,2025-07,ELM,0,0,0,0,0,0,0,0,0
osm:relation:10961999,Municipio Sotillo,Anzoátegui,2025-07,EXT,0,0,0,0,0,0,0,0,0
osm:relation:10961999,Municipio Sotillo,Anzoátegui,2025-07,MAC,0,0,0,0,0,0,0,0,0
osm:relation:10961999,Municipio Sotillo,Anzoátegui,2025-07,OIL,0,0,0,0,0,0,0,0,0
osm:relation:10961999,Municipio Sotillo,Anzoátegui,2025-07,POL,0,0,0,0,0,0,0,0,0
osm:relation:10961999,Municipio Sotillo,Anzoátegui,2025-07,SAN,0,0,0,0,0,0,0,0,0
osm:relation:10961999,Municipio Sotillo,Anzoátegui,2025-07,SEC,0,0,0,0,0,0,0,0,0
osm:relation:10961999,Municipio Sotillo,Anzoátegui,2025-08,CON,0,0,0,0,0,0,0,0,0
osm:relation:10961999,Municipio Sotillo,Anzoátegui,2025-08,ELM,0,0,0,0,0,0,0,0,0
osm:relation:10961999,Municipio Sotillo,Anzoátegui,2025-08,EXT,0,0,0,0,0,0,0,0,0
osm:relation:10961999,Municipio Sotillo,Anzoátegui,2025-08,MAC,0,0,0,0,0,0,0,0,0
osm:relation:10961999,Municipio Sotillo,Anzoátegui,2025-08,OIL,0,0,0,0,0,0,0,0,0
osm:relation:10961999,Municipio Sotillo,Anzoátegui,2025-08,POL,0,0,0,0,0,0,0,0,0
osm:relation:10961999,Municipio Sotillo,Anzoátegui,2025-08,SAN,0,0,0,0,0,0,0,0,0
osm:relation:10961999,Municipio Sotillo,Anzoátegui,2025-08,SEC,0,0,0,0,0,0,0,0,0
osm:relation:10961999,Municipio Sotillo,Anzoátegui,2025-09,CON,0,0,0,0,0,0,0,0,0
osm:relation:10961999,Municipio Sotillo,Anzoátegui,2025-09,ELM,0,0,0,0,0,0,0,0,0
osm:relation:10961999,Municipio Sotillo,Anzoátegui,2025-09,EXT,0,0,0,0,0,0,0,0,0
osm:relation:10961999,Municipio Sotillo,Anzoátegui,2025-09,MAC,0,0,0,0,0,0,0,0,0
osm:relation:10961999,Municipio Sotillo,Anzoátegui,2025-09,OIL,0,0,0,0,0,0,0,0,0
osm:relation:10961999,Municipio Sotillo,Anzoátegui,2025-09,POL,0,0,0,0,0,0,0,0,0
osm:relation:10961999,Municipio Sotillo,Anzoátegui,2025-09,SAN,0,0,0,0,0,0,0,0,0
osm:relation:10961999,Municipio Sotillo,Anzoátegui,2025-09,SEC,0,0,0,0,0,0,0,0,0
osm:relation:10961999,Municipio Sotillo,Anzoátegui,2025-10,CON,0,0,0,0,0,0,0,0,0
osm:relation:10961999,Municipio Sotillo,Anzoátegui,2025-10,ELM,0,0,0,0,0,0,0,0,0
osm:relation:10961999,Municipio Sotillo,Anzoátegui,2025-10,EXT,0,0,0,0,0,0,0,0,0
osm:relation:10961999,Municipio Sotillo,Anzoátegui,2025-10,MAC,0,0,0,0,0,0,0,0,0
osm:relation:10961999,Municipio Sotillo,Anzoátegui,2025-10,OIL,0,0,0,0,0,0,0,0,0
osm:relation:10961999,Municipio Sotillo,Anzoátegui,2025-10,POL,0,0,0,0,0,0,0,0,0
osm:relation:10961999,Municipio Sotillo,Anzoátegui,2025-10,SAN,0,0,0,0,0,0,0,0,0
osm:relation:10961999,Municipio Sotillo,Anzoátegui,2025-10,SEC,0,0,0,0,0,0,0,0,0
osm:relation:10961999,Municipio Sotillo,Anzoátegui,2025-11,CON,0,0,0,0,0,0,0,0,0
osm:relation:10961999,Municipio Sotillo,Anzoátegui,2025-11,ELM,0,0,0,0,0,0,0,0,0
osm:relation:10961999,Municipio Sotillo,Anzoátegui,2025-11,EXT,0,0,0,0,0,0,0,0,0
osm:relation:10961999,Municipio Sotillo,Anzoátegui,2025-11,MAC,0,0,0,0,0,0,0,0,0
osm:relation:10961999,Municipio Sotillo,Anzoátegui,2025-11,OIL,0,0,0,0,0,0,0,0,0
osm:relation:10961999,Municipio Sotillo,Anzoátegui,2025-11,POL,0,0,0,0,0,0,0,0,0
osm:relation:10961999,Municipio Sotillo,Anzoátegui,2025-11,SAN,0,0,0,0,0,0,0,0,0
osm:relation:10961999,Municipio Sotillo,Anzoátegui,2025-11,SEC,0,0,0,0,0,0,0,0,0
osm:relation:10961999,Municipio Sotillo,Anzoátegui,2025-12,CON,0,0,0,0,0,0,0,0,0
osm:relation:10961999,Municipio Sotillo,Anzoátegui,2025-12,ELM,0,0,0,0,0,0,0,0,0
osm:relation:10961999,Municipio Sotillo,Anzoátegui,2025-12,EXT,0,0,0,0,0,0,0,0,0
osm:relation:10961999,Municipio Sotillo,Anzoátegui,2025-12,MAC,0,0,0,0,0,0,0,0,0
osm:relation:10961999,Municipio Sotillo,Anzoátegui,2025-12,OIL,0,0,0,0,0,0,0,0,0
osm:relation:10961999,Municipio Sotillo,Anzoátegui,2025-12,POL,0,0,0,0,0,0,0,0,0
osm:relation:10961999,Municipio Sotillo,Anzoátegui,2025-12,SAN,0,0,0,0,0,0,0,0,0
osm:relation:10961999,Municipio Sotillo,Anzoátegui,2025-12,SEC,0,0,0,0,0,0,0,0,0
osm:relation:10961999,Municipio Sotillo,Anzoátegui,2026-01,CON,2,2,0,0,0,0,0,0,2
osm:relation:10961999,Municipio Sotillo,Anzoátegui,2026-01,ELM,1,1,0,0,0,0,0,0,1
osm:relation:10961999,Municipio Sotillo,Anzoátegui,2026-01,EXT,0,0,0,0,0,0,0,0,0
osm:relation:10961999,Municipio Sotillo,Anzoátegui,2026-01,MAC,0,0,0,0,0,0,0,0,0
osm:relation:10961999,Municipio Sotillo,Anzoátegui,2026-01,OIL,1,1,0,0,0,0,0,0,1
osm:relation:10961999,Municipio Sotillo,Anzoátegui,2026-01,POL,5,4,1,0,0,0,0,0,5
osm:relation:10961999,Municipio Sotillo,Anzoátegui,2026-01,SAN,0,0,0,0,0,0,0,0,0
osm:relation:10961999,Municipio Sotillo,Anzoátegui,2026-01,SEC,0,0,0,0,0,0,0,0,0
osm:relation:10961999,Municipio Sotillo,Anzoátegui,2026-02,CON,0,0,0,0,0,0,0,0,0
osm:relation:10961999,Municipio Sotillo,Anzoátegui,2026-02,ELM,0,0,0,0,0,0,0,0,0
osm:relation:10961999,Municipio Sotillo,Anzoátegui,2026-02,EXT,0,0,0,0,0,0,0,0,0
osm:relation:10961999,Municipio Sotillo,Anzoátegui,2026-02,MAC,0,0,0,0,0,0,0,0,0
osm:relation:10961999,Municipio Sotillo,Anzoátegui,2026-02,OIL,0,0,0,0,0,0,0,0,0
osm:relation:10961999,Municipio Sotillo,Anzoátegui,2026-02,POL,0,0,0,0,0,0,0,0,0
osm:relation:10961999,Municipio Sotillo,Anzoátegui,2026-02,SAN,0,0,0,0,0,0,0,0,0
osm:relation:10961999,Municipio Sotillo,Anzoátegui,2026-02,SEC,0,0,0,0,0,0,0,0,0
osm:relation:10961999,Municipio Sotillo,Anzoátegui,2026-03,CON,0,0,0,0,0,0,0,0,0
osm:relation:10961999,Municipio Sotillo,Anzoátegui,2026-03,ELM,0,0,0,0,0,0,0,0,0
osm:relation:10961999,Municipio Sotillo,Anzoátegui,2026-03,EXT,0,0,0,0,0,0,0,0,0
osm:relation:10961999,Municipio Sotillo,Anzoátegui,2026-03,MAC,0,0,0,0,0,0,0,0,0
osm:relation:10961999,Municipio Sotillo,Anzoátegui,2026-03,OIL,0,0,0,0,0,0,0,0,0
osm:relation:10961999,Municipio Sotillo,Anzoátegui,2026-03,POL,0,0,0,0,0,0,0,0,0
osm:relation:10961999,Municipio Sotillo,Anzoátegui,2026-03,SAN,0,0,0,0,0,0,0,0,0
osm:relation:10961999,Municipio Sotillo,Anzoátegui,2026-03,SEC,0,0,0,0,0,0,0,0,0
osm:relation:10961999,Municipio Sotillo,Anzoátegui,2026-04,CON,0,0,0,0,0,0,0,0,0
osm:relation:10961999,Municipio Sotillo,Anzoátegui,2026-04,ELM,0,0,0,0,0,0,0,0,0
osm:relation:10961999,Municipio Sotillo,Anzoátegui,2026-04,EXT,0,0,0,0,0,0,0,0,0
osm:relation:10961999,Municipio Sotillo,Anzoátegui,2026-04,MAC,0,0,0,0,0,0,0,0,0
osm:relation:10961999,Municipio Sotillo,Anzoátegui,2026-04,OIL,0,0,0,0,0,0,0,0,0
osm:relation:10961999,Municipio Sotillo,Anzoátegui,2026-04,POL,0,0,0,0,0,0,0,0,0
osm:relation:10961999,Municipio Sotillo,Anzoátegui,2026-04,SAN,0,0,0,0,0,0,0,0,0
osm:relation:10961999,Municipio Sotillo,Anzoátegui,2026-04,SEC,0,0,0,0,0,0,0,0,0
osm:relation:10961999,Municipio Sotillo,Anzoátegui,2026-05,CON,0,0,0,0,0,0,0,0,0
osm:relation:10961999,Municipio Sotillo,Anzoátegui,2026-05,ELM,0,0,0,0,0,0,0,0,0
osm:relation:10961999,Municipio Sotillo,Anzoátegui,2026-05,EXT,0,0,0,0,0,0,0,0,0
osm:relation:10961999,Municipio Sotillo,Anzoátegui,2026-05,MAC,0,0,0,0,0,0,0,0,0
osm:relation:10961999,Municipio Sotillo,Anzoátegui,2026-05,OIL,0,0,0,0,0,0,0,0,0
osm:relation:10961999,Municipio Sotillo,Anzoátegui,2026-05,POL,0,0,0,0,0,0,0,0,0
osm:relation:10961999,Municipio Sotillo,Anzoátegui,2026-05,SAN,0,0,0,0,0,0,0,0,0
osm:relation:10961999,Municipio Sotillo,Anzoátegui,2026-05,SEC,0,0,0,0,0,0,0,0,0
osm:relation:10961999,Municipio Sotillo,Anzoátegui,2026-06,CON,0,0,0,0,0,0,0,0,0
osm:relation:10961999,Municipio Sotillo,Anzoátegui,2026-06,ELM,0,0,0,0,0,0,0,0,0
osm:relation:10961999,Municipio Sotillo,Anzoátegui,2026-06,EXT,0,0,0,0,0,0,0,0,0
osm:relation:10961999,Municipio Sotillo,Anzoátegui,2026-06,MAC,0,0,0,0,0,0,0,0,0
osm:relation:10961999,Municipio Sotillo,Anzoátegui,2026-06,OIL,0,0,0,0,0,0,0,0,0
osm:relation:10961999,Municipio Sotillo,Anzoátegui,2026-06,POL,0,0,0,0,0,0,0,0,0
osm:relation:10961999,Municipio Sotillo,Anzoátegui,2026-06,SAN,0,0,0,0,0,0,0,0,0
osm:relation:10961999,Municipio Sotillo,Anzoátegui,2026-06,SEC,0,0,0,0,0,0,0,0,0
osm:relation:10961999,Municipio Sotillo,Anzoátegui,2026-07,CON,0,0,0,0,0,0,0,0,0
osm:relation:10961999,Municipio Sotillo,Anzoátegui,2026-07,ELM,0,0,0,0,0,0,0,0,0
osm:relation:10961999,Municipio Sotillo,Anzoátegui,2026-07,EXT,0,0,0,0,0,0,0,0,0
osm:relation:10961999,Municipio Sotillo,Anzoátegui,2026-07,MAC,0,0,0,0,0,0,0,0,0
osm:relation:10961999,Municipio Sotillo,Anzoátegui,2026-07,OIL,2,2,0,0,0,0,0,0,2
osm:relation:10961999,Municipio Sotillo,Anzoátegui,2026-07,POL,0,0,0,0,0,0,0,0,0
osm:relation:10961999,Municipio Sotillo,Anzoátegui,2026-07,SAN,0,0,0,0,0,0,0,0,0
osm:relation:10961999,Municipio Sotillo,Anzoátegui,2026-07,SEC,0,0,0,0,0,0,0,0,0
osm:relation:10961999,Municipio Sotillo,Anzoátegui,2026-08,CON,0,0,0,0,0,0,0,0,0
osm:relation:10961999,Municipio Sotillo,Anzoátegui,2026-08,ELM,0,0,0,0,0,0,0,0,0
osm:relation:10961999,Municipio Sotillo,Anzoátegui,2026-08,EXT,0,0,0,0,0,0,0,0,0
osm:relation:10961999,Municipio Sotillo,Anzoátegui,2026-08,MAC,0,0,0,0,0,0,0,0,0
osm:relation:10961999,Municipio Sotillo,Anzoátegui,2026-08,OIL,0,0,0,0,0,0,0,0,0
osm:relation:10961999,Municipio Sotillo,Anzoátegui,2026-08,POL,0,0,0,0,0,0,0,0,0
osm:relation:10961999,Municipio Sotillo,Anzoátegui,2026-08,SAN,0,0,0,0,0,0,0,0,0
osm:relation:10961999,Municipio Sotillo,Anzoátegui,2026-08,SEC,6,6,0,0,0,0,0,0,6
osm:relation:10961999,Municipio Sotillo,Anzoátegui,2026-09,CON,0,0,0,0,0,0,0,0,0
osm:relation:10961999,Municipio Sotillo,Anzoátegui,2026-09,ELM,0,0,0,0,0,0,0,0,0
osm:relation:10961999,Municipio Sotillo,Anzoátegui,2026-09,EXT,0,0,0,0,0,0,0,0,0
osm:relation:10961999,Municipio Sotillo,Anzoátegui,2026-09,MAC,0,0,0,0,0,0,0,0,0
osm:relation:10961999,Municipio Sotillo,Anzoátegui,2026-09,OIL,0,0,0,0,0,0,0,0,0
osm:relation:10961999,Municipio Sotillo,Anzoátegui,2026-09,POL,0,0,0,0,0,0,0,0,0
osm:relation:10961999,Municipio Sotillo,Anzoátegui,2026-09,SAN,0,0,0,0,0,0,0,0,0
osm:relation:10961999,Municipio Sotillo,Anzoátegui,2026-09,SEC,0,0,0,0,0,0,0,0,0
osm:relation:10962000,Municipio Simón Bolívar,Anzoátegui,2024-09,CON,0,0,0,0,0,0,0,0,0
osm:relation:10962000,Municipio Simón Bolívar,Anzoátegui,2024-09,ELM,0,0,0,0,0,0,0,0,0
osm:relation:10962000,Municipio Simón Bolívar,Anzoátegui,2024-09,EXT,0,0,0,0,0,0,0,0,0
osm:relation:10962000,Municipio Simón Bolívar,Anzoátegui,2024-09,MAC,0,0,0,0,0,0,0,0,0
osm:relation:10962000,Municipio Simón Bolívar,Anzoátegui,2024-09,OIL,0,0,0,0,0,0,0,0,0
osm:relation:10962000,Municipio Simón Bolívar,Anzoátegui,2024-09,POL,1,1,0,0,0,0,0,0,1
osm:relation:10962000,Municipio Simón Bolívar,Anzoátegui,2024-09,SAN,0,0,0,0,0,0,0,0,0
osm:relation:10962000,Municipio Simón Bolívar,Anzoátegui,2024-09,SEC,0,0,0,0,0,0,0,0,0
osm:relation:10962000,Municipio Simón Bolívar,Anzoátegui,2024-10,CON,0,0,0,0,0,0,0,0,0
osm:relation:10962000,Municipio Simón Bolívar,Anzoátegui,2024-10,ELM,0,0,0,0,0,0,0,0,0
osm:relation:10962000,Municipio Simón Bolívar,Anzoátegui,2024-10,EXT,0,0,0,0,0,0,0,0,0
osm:relation:10962000,Municipio Simón Bolívar,Anzoátegui,2024-10,MAC,0,0,0,0,0,0,0,0,0
osm:relation:10962000,Municipio Simón Bolívar,Anzoátegui,2024-10,OIL,0,0,0,0,0,0,0,0,0
osm:relation:10962000,Municipio Simón Bolívar,Anzoátegui,2024-10,POL,0,0,0,0,0,0,0,0,0
osm:relation:10962000,Municipio Simón Bolívar,Anzoátegui,2024-10,SAN,0,0,0,0,0,0,0,0,0
osm:relation:10962000,Municipio Simón Bolívar,Anzoátegui,2024-10,SEC,0,0,0,0,0,0,0,0,0
osm:relation:10962000,Municipio Simón Bolívar,Anzoátegui,2024-11,CON,0,0,0,0,0,0,0,0,0
osm:relation:10962000,Municipio Simón Bolívar,Anzoátegui,2024-11,ELM,0,0,0,0,0,0,0,0,0
osm:relation:10962000,Municipio Simón Bolívar,Anzoátegui,2024-11,EXT,0,0,0,0,0,0,0,0,0
osm:relation:10962000,Municipio Simón Bolívar,Anzoátegui,2024-11,MAC,0,0,0,0,0,0,0,0,0
osm:relation:10962000,Municipio Simón Bolívar,Anzoátegui,2024-11,OIL,0,0,0,0,0,0,0,0,0
osm:relation:10962000,Municipio Simón Bolívar,Anzoátegui,2024-11,POL,2,2,0,0,0,0,0,0,2
osm:relation:10962000,Municipio Simón Bolívar,Anzoátegui,2024-11,SAN,0,0,0,0,0,0,0,0,0
osm:relation:10962000,Municipio Simón Bolívar,Anzoátegui,2024-11,SEC,0,0,0,0,0,0,0,0,0
osm:relation:10962000,Municipio Simón Bolívar,Anzoátegui,2024-12,CON,0,0,0,0,0,0,0,0,0
osm:relation:10962000,Municipio Simón Bolívar,Anzoátegui,2024-12,ELM,0,0,0,0,0,0,0,0,0
osm:relation:10962000,Municipio Simón Bolívar,Anzoátegui,2024-12,EXT,0,0,0,0,0,0,0,0,0
osm:relation:10962000,Municipio Simón Bolívar,Anzoátegui,2024-12,MAC,0,0,0,0,0,0,0,0,0
osm:relation:10962000,Municipio Simón Bolívar,Anzoátegui,2024-12,OIL,0,0,0,0,0,0,0,0,0
osm:relation:10962000,Municipio Simón Bolívar,Anzoátegui,2024-12,POL,1,1,0,0,0,0,0,0,1
osm:relation:10962000,Municipio Simón Bolívar,Anzoátegui,2024-12,SAN,0,0,0,0,0,0,0,0,0
osm:relation:10962000,Municipio Simón Bolívar,Anzoátegui,2024-12,SEC,0,0,0,0,0,0,0,0,0
osm:relation:10962000,Municipio Simón Bolívar,Anzoátegui,2025-01,CON,0,0,0,0,0,0,0,0,0
osm:relation:10962000,Municipio Simón Bolívar,Anzoátegui,2025-01,ELM,1,1,0,0,0,0,0,0,1
osm:relation:10962000,Municipio Simón Bolívar,Anzoátegui,2025-01,EXT,0,0,0,0,0,0,0,0,0
osm:relation:10962000,Municipio Simón Bolívar,Anzoátegui,2025-01,MAC,0,0,0,0,0,0,0,0,0
osm:relation:10962000,Municipio Simón Bolívar,Anzoátegui,2025-01,OIL,0,0,0,0,0,0,0,0,0
osm:relation:10962000,Municipio Simón Bolívar,Anzoátegui,2025-01,POL,1,1,0,0,0,0,0,0,1
osm:relation:10962000,Municipio Simón Bolívar,Anzoátegui,2025-01,SAN,0,0,0,0,0,0,0,0,0
osm:relation:10962000,Municipio Simón Bolívar,Anzoátegui,2025-01,SEC,1,1,0,0,0,0,0,0,1
osm:relation:10962000,Municipio Simón Bolívar,Anzoátegui,2025-02,CON,0,0,0,0,0,0,0,0,0
osm:relation:10962000,Municipio Simón Bolívar,Anzoátegui,2025-02,ELM,0,0,0,0,0,0,0,0,0
osm:relation:10962000,Municipio Simón Bolívar,Anzoátegui,2025-02,EXT,0,0,0,0,0,0,0,0,0
osm:relation:10962000,Municipio Simón Bolívar,Anzoátegui,2025-02,MAC,0,0,0,0,0,0,0,0,0
osm:relation:10962000,Municipio Simón Bolívar,Anzoátegui,2025-02,OIL,4,4,0,0,0,0,0,0,4
osm:relation:10962000,Municipio Simón Bolívar,Anzoátegui,2025-02,POL,1,1,0,0,0,0,0,0,1
osm:relation:10962000,Municipio Simón Bolívar,Anzoátegui,2025-02,SAN,0,0,0,0,0,0,0,0,0
osm:relation:10962000,Municipio Simón Bolívar,Anzoátegui,2025-02,SEC,1,1,0,0,0,0,0,0,1
osm:relation:10962000,Municipio Simón Bolívar,Anzoátegui,2025-03,CON,0,0,0,0,0,0,0,0,0
osm:relation:10962000,Municipio Simón Bolívar,Anzoátegui,2025-03,ELM,0,0,0,0,0,0,0,0,0
osm:relation:10962000,Municipio Simón Bolívar,Anzoátegui,2025-03,EXT,0,0,0,0,0,0,0,0,0
osm:relation:10962000,Municipio Simón Bolívar,Anzoátegui,2025-03,MAC,0,0,0,0,0,0,0,0,0
osm:relation:10962000,Municipio Simón Bolívar,Anzoátegui,2025-03,OIL,0,0,0,0,0,0,0,0,0
osm:relation:10962000,Municipio Simón Bolívar,Anzoátegui,2025-03,POL,0,0,0,0,0,0,0,0,0
osm:relation:10962000,Municipio Simón Bolívar,Anzoátegui,2025-03,SAN,0,0,0,0,0,0,0,0,0
osm:relation:10962000,Municipio Simón Bolívar,Anzoátegui,2025-03,SEC,0,0,0,0,0,0,0,0,0
osm:relation:10962000,Municipio Simón Bolívar,Anzoátegui,2025-04,CON,0,0,0,0,0,0,0,0,0
osm:relation:10962000,Municipio Simón Bolívar,Anzoátegui,2025-04,ELM,0,0,0,0,0,0,0,0,0
osm:relation:10962000,Municipio Simón Bolívar,Anzoátegui,2025-04,EXT,0,0,0,0,0,0,0,0,0
osm:relation:10962000,Municipio Simón Bolívar,Anzoátegui,2025-04,MAC,0,0,0,0,0,0,0,0,0
osm:relation:10962000,Municipio Simón Bolívar,Anzoátegui,2025-04,OIL,0,0,0,0,0,0,0,0,0
osm:relation:10962000,Municipio Simón Bolívar,Anzoátegui,2025-04,POL,0,0,0,0,0,0,0,0,0
osm:relation:10962000,Municipio Simón Bolívar,Anzoátegui,2025-04,SAN,0,0,0,0,0,0,0,0,0
osm:relation:10962000,Municipio Simón Bolívar,Anzoátegui,2025-04,SEC,0,0,0,0,0,0,0,0,0
osm:relation:10962000,Municipio Simón Bolívar,Anzoátegui,2025-05,CON,0,0,0,0,0,0,0,0,0
osm:relation:10962000,Municipio Simón Bolívar,Anzoátegui,2025-05,ELM,0,0,0,0,0,0,0,0,0
osm:relation:10962000,Municipio Simón Bolívar,Anzoátegui,2025-05,EXT,0,0,0,0,0,0,0,0,0
osm:relation:10962000,Municipio Simón Bolívar,Anzoátegui,2025-05,MAC,0,0,0,0,0,0,0,0,0
osm:relation:10962000,Municipio Simón Bolívar,Anzoátegui,2025-05,OIL,2,2,0,0,0,0,0,0,2
osm:relation:10962000,Municipio Simón Bolívar,Anzoátegui,2025-05,POL,2,2,0,0,0,0,0,0,2
osm:relation:10962000,Municipio Simón Bolívar,Anzoátegui,2025-05,SAN,0,0,0,0,0,0,0,0,0
osm:relation:10962000,Municipio Simón Bolívar,Anzoátegui,2025-05,SEC,0,0,0,0,0,0,0,0,0
osm:relation:10962000,Municipio Simón Bolívar,Anzoátegui,2025-06,CON,0,0,0,0,0,0,0,0,0
osm:relation:10962000,Municipio Simón Bolívar,Anzoátegui,2025-06,ELM,0,0,0,0,0,0,0,0,0
osm:relation:10962000,Municipio Simón Bolívar,Anzoátegui,2025-06,EXT,0,0,0,0,0,0,0,0,0
osm:relation:10962000,Municipio Simón Bolívar,Anzoátegui,2025-06,MAC,0,0,0,0,0,0,0,0,0
osm:relation:10962000,Municipio Simón Bolívar,Anzoátegui,2025-06,OIL,0,0,0,0,0,0,0,0,0
osm:relation:10962000,Municipio Simón Bolívar,Anzoátegui,2025-06,POL,0,0,0,0,0,0,0,0,0
osm:relation:10962000,Municipio Simón Bolívar,Anzoátegui,2025-06,SAN,0,0,0,0,0,0,0,0,0
osm:relation:10962000,Municipio Simón Bolívar,Anzoátegui,2025-06,SEC,0,0,0,0,0,0,0,0,0
osm:relation:10962000,Municipio Simón Bolívar,Anzoátegui,2025-07,CON,0,0,0,0,0,0,0,0,0
osm:relation:10962000,Municipio Simón Bolívar,Anzoátegui,2025-07,ELM,0,0,0,0,0,0,0,0,0
osm:relation:10962000,Municipio Simón Bolívar,Anzoátegui,2025-07,EXT,0,0,0,0,0,0,0,0,0
osm:relation:10962000,Municipio Simón Bolívar,Anzoátegui,2025-07,MAC,0,0,0,0,0,0,0,0,0
osm:relation:10962000,Municipio Simón Bolívar,Anzoátegui,2025-07,OIL,0,0,0,0,0,0,0,0,0
osm:relation:10962000,Municipio Simón Bolívar,Anzoátegui,2025-07,POL,1,1,0,0,0,0,0,0,1
osm:relation:10962000,Municipio Simón Bolívar,Anzoátegui,2025-07,SAN,0,0,0,0,0,0,0,0,0
osm:relation:10962000,Municipio Simón Bolívar,Anzoátegui,2025-07,SEC,0,0,0,0,0,0,0,0,0
osm:relation:10962000,Municipio Simón Bolívar,Anzoátegui,2025-08,CON,0,0,0,0,0,0,0,0,0
osm:relation:10962000,Municipio Simón Bolívar,Anzoátegui,2025-08,ELM,0,0,0,0,0,0,0,0,0
osm:relation:10962000,Municipio Simón Bolívar,Anzoátegui,2025-08,EXT,0,0,0,0,0,0,0,0,0
osm:relation:10962000,Municipio Simón Bolívar,Anzoátegui,2025-08,MAC,0,0,0,0,0,0,0,0,0
osm:relation:10962000,Municipio Simón Bolívar,Anzoátegui,2025-08,OIL,1,1,0,0,0,0,0,0,1
osm:relation:10962000,Municipio Simón Bolívar,Anzoátegui,2025-08,POL,0,0,0,0,0,0,0,0,0
osm:relation:10962000,Municipio Simón Bolívar,Anzoátegui,2025-08,SAN,1,1,0,0,0,0,0,0,1
osm:relation:10962000,Municipio Simón Bolívar,Anzoátegui,2025-08,SEC,0,0,0,0,0,0,0,0,0
osm:relation:10962000,Municipio Simón Bolívar,Anzoátegui,2025-09,CON,0,0,0,0,0,0,0,0,0
osm:relation:10962000,Municipio Simón Bolívar,Anzoátegui,2025-09,ELM,1,1,0,0,0,0,0,0,1
osm:relation:10962000,Municipio Simón Bolívar,Anzoátegui,2025-09,EXT,0,0,0,0,0,0,0,0,0
osm:relation:10962000,Municipio Simón Bolívar,Anzoátegui,2025-09,MAC,0,0,0,0,0,0,0,0,0
osm:relation:10962000,Municipio Simón Bolívar,Anzoátegui,2025-09,OIL,1,1,0,0,0,0,0,0,1
osm:relation:10962000,Municipio Simón Bolívar,Anzoátegui,2025-09,POL,1,1,0,0,0,0,0,0,1
osm:relation:10962000,Municipio Simón Bolívar,Anzoátegui,2025-09,SAN,1,1,0,0,0,0,0,0,1
osm:relation:10962000,Municipio Simón Bolívar,Anzoátegui,2025-09,SEC,1,1,0,0,0,0,0,0,1
osm:relation:10962000,Municipio Simón Bolívar,Anzoátegui,2025-10,CON,0,0,0,0,0,0,0,0,0
osm:relation:10962000,Municipio Simón Bolívar,Anzoátegui,2025-10,ELM,2,2,0,0,0,0,0,0,2
osm:relation:10962000,Municipio Simón Bolívar,Anzoátegui,2025-10,EXT,0,0,0,0,0,0,0,0,0
osm:relation:10962000,Municipio Simón Bolívar,Anzoátegui,2025-10,MAC,0,0,0,0,0,0,0,0,0
osm:relation:10962000,Municipio Simón Bolívar,Anzoátegui,2025-10,OIL,1,1,0,0,0,0,0,0,1
osm:relation:10962000,Municipio Simón Bolívar,Anzoátegui,2025-10,POL,0,0,0,0,0,0,0,0,0
osm:relation:10962000,Municipio Simón Bolívar,Anzoátegui,2025-10,SAN,0,0,0,0,0,0,0,0,0
osm:relation:10962000,Municipio Simón Bolívar,Anzoátegui,2025-10,SEC,1,1,0,0,0,0,0,0,1
osm:relation:10962000,Municipio Simón Bolívar,Anzoátegui,2025-11,CON,0,0,0,0,0,0,0,0,0
osm:relation:10962000,Municipio Simón Bolívar,Anzoátegui,2025-11,ELM,0,0,0,0,0,0,0,0,0
osm:relation:10962000,Municipio Simón Bolívar,Anzoátegui,2025-11,EXT,0,0,0,0,0,0,0,0,0
osm:relation:10962000,Municipio Simón Bolívar,Anzoátegui,2025-11,MAC,0,0,0,0,0,0,0,0,0
osm:relation:10962000,Municipio Simón Bolívar,Anzoátegui,2025-11,OIL,2,0,2,0,0,0,0,0,2
osm:relation:10962000,Municipio Simón Bolívar,Anzoátegui,2025-11,POL,0,0,0,0,0,0,0,0,0
osm:relation:10962000,Municipio Simón Bolívar,Anzoátegui,2025-11,SAN,0,0,0,0,0,0,0,0,0
osm:relation:10962000,Municipio Simón Bolívar,Anzoátegui,2025-11,SEC,0,0,0,0,0,0,0,0,0
osm:relation:10962000,Municipio Simón Bolívar,Anzoátegui,2025-12,CON,0,0,0,0,0,0,0,0,0
osm:relation:10962000,Municipio Simón Bolívar,Anzoátegui,2025-12,ELM,0,0,0,0,0,0,0,0,0
osm:relation:10962000,Municipio Simón Bolívar,Anzoátegui,2025-12,EXT,0,0,0,0,0,0,0,0,0
osm:relation:10962000,Municipio Simón Bolívar,Anzoátegui,2025-12,MAC,0,0,0,0,0,0,0,0,0
osm:relation:10962000,Municipio Simón Bolívar,Anzoátegui,2025-12,OIL,3,3,0,0,0,0,0,0,3
osm:relation:10962000,Municipio Simón Bolívar,Anzoátegui,2025-12,POL,0,0,0,0,0,0,0,0,0
osm:relation:10962000,Municipio Simón Bolívar,Anzoátegui,2025-12,SAN,0,0,0,0,0,0,0,0,0
osm:relation:10962000,Municipio Simón Bolívar,Anzoátegui,2025-12,SEC,0,0,0,0,0,0,0,0,0
osm:relation:10962000,Municipio Simón Bolívar,Anzoátegui,2026-01,CON,1,1,0,0,0,0,0,0,1
osm:relation:10962000,Municipio Simón Bolívar,Anzoátegui,2026-01,ELM,0,0,0,0,0,0,0,0,0
osm:relation:10962000,Municipio Simón Bolívar,Anzoátegui,2026-01,EXT,1,1,0,0,0,0,0,0,1
osm:relation:10962000,Municipio Simón Bolívar,Anzoátegui,2026-01,MAC,0,0,0,0,0,0,0,0,0
osm:relation:10962000,Municipio Simón Bolívar,Anzoátegui,2026-01,OIL,1,1,0,0,0,0,0,0,1
osm:relation:10962000,Municipio Simón Bolívar,Anzoátegui,2026-01,POL,2,2,0,0,0,0,0,0,2
osm:relation:10962000,Municipio Simón Bolívar,Anzoátegui,2026-01,SAN,0,0,0,0,0,0,0,0,0
osm:relation:10962000,Municipio Simón Bolívar,Anzoátegui,2026-01,SEC,0,0,0,0,0,0,0,0,0
osm:relation:10962000,Municipio Simón Bolívar,Anzoátegui,2026-02,CON,0,0,0,0,0,0,0,0,0
osm:relation:10962000,Municipio Simón Bolívar,Anzoátegui,2026-02,ELM,0,0,0,0,0,0,0,0,0
osm:relation:10962000,Municipio Simón Bolívar,Anzoátegui,2026-02,EXT,2,1,1,0,0,0,0,0,2
osm:relation:10962000,Municipio Simón Bolívar,Anzoátegui,2026-02,MAC,0,0,0,0,0,0,0,0,0
osm:relation:10962000,Municipio Simón Bolívar,Anzoátegui,2026-02,OIL,2,2,0,0,0,0,0,0,2
osm:relation:10962000,Municipio Simón Bolívar,Anzoátegui,2026-02,POL,2,1,1,0,0,0,0,0,2
osm:relation:10962000,Municipio Simón Bolívar,Anzoátegui,2026-02,SAN,1,0,1,0,0,0,0,0,1
osm:relation:10962000,Municipio Simón Bolívar,Anzoátegui,2026-02,SEC,0,0,0,0,0,0,0,0,0
osm:relation:10962000,Municipio Simón Bolívar,Anzoátegui,2026-03,CON,0,0,0,0,0,0,0,0,0
osm:relation:10962000,Municipio Simón Bolívar,Anzoátegui,2026-03,ELM,0,0,0,0,0,0,0,0,0
osm:relation:10962000,Municipio Simón Bolívar,Anzoátegui,2026-03,EXT,0,0,0,0,0,0,0,0,0
osm:relation:10962000,Municipio Simón Bolívar,Anzoátegui,2026-03,MAC,0,0,0,0,0,0,0,0,0
osm:relation:10962000,Municipio Simón Bolívar,Anzoátegui,2026-03,OIL,2,2,0,0,0,0,0,0,2
osm:relation:10962000,Municipio Simón Bolívar,Anzoátegui,2026-03,POL,0,0,0,0,0,0,0,0,0
osm:relation:10962000,Municipio Simón Bolívar,Anzoátegui,2026-03,SAN,1,1,0,0,0,0,0,0,1
osm:relation:10962000,Municipio Simón Bolívar,Anzoátegui,2026-03,SEC,0,0,0,0,0,0,0,0,0
osm:relation:10962000,Municipio Simón Bolívar,Anzoátegui,2026-04,CON,0,0,0,0,0,0,0,0,0
osm:relation:10962000,Municipio Simón Bolívar,Anzoátegui,2026-04,ELM,0,0,0,0,0,0,0,0,0
osm:relation:10962000,Municipio Simón Bolívar,Anzoátegui,2026-04,EXT,0,0,0,0,0,0,0,0,0
osm:relation:10962000,Municipio Simón Bolívar,Anzoátegui,2026-04,MAC,1,1,0,0,0,0,0,0,1
osm:relation:10962000,Municipio Simón Bolívar,Anzoátegui,2026-04,OIL,1,1,0,0,0,0,0,0,1
osm:relation:10962000,Municipio Simón Bolívar,Anzoátegui,2026-04,POL,0,0,0,0,0,0,0,0,0
osm:relation:10962000,Municipio Simón Bolívar,Anzoátegui,2026-04,SAN,0,0,0,0,0,0,0,0,0
osm:relation:10962000,Municipio Simón Bolívar,Anzoátegui,2026-04,SEC,0,0,0,0,0,0,0,0,0
osm:relation:10962000,Municipio Simón Bolívar,Anzoátegui,2026-05,CON,0,0,0,0,0,0,0,0,0
osm:relation:10962000,Municipio Simón Bolívar,Anzoátegui,2026-05,ELM,0,0,0,0,0,0,0,0,0
osm:relation:10962000,Municipio Simón Bolívar,Anzoátegui,2026-05,EXT,1,1,0,0,0,0,0,0,1
osm:relation:10962000,Municipio Simón Bolívar,Anzoátegui,2026-05,MAC,0,0,0,0,0,0,0,0,0
osm:relation:10962000,Municipio Simón Bolívar,Anzoátegui,2026-05,OIL,0,0,0,0,0,0,0,0,0
osm:relation:10962000,Municipio Simón Bolívar,Anzoátegui,2026-05,POL,0,0,0,0,0,0,0,0,0
osm:relation:10962000,Municipio Simón Bolívar,Anzoátegui,2026-05,SAN,0,0,0,0,0,0,0,0,0
osm:relation:10962000,Municipio Simón Bolívar,Anzoátegui,2026-05,SEC,0,0,0,0,0,0,0,0,0
osm:relation:10962000,Municipio Simón Bolívar,Anzoátegui,2026-06,CON,0,0,0,0,0,0,0,0,0
osm:relation:10962000,Municipio Simón Bolívar,Anzoátegui,2026-06,ELM,0,0,0,0,0,0,0,0,0
osm:relation:10962000,Municipio Simón Bolívar,Anzoátegui,2026-06,EXT,0,0,0,0,0,0,0,0,0
osm:relation:10962000,Municipio Simón Bolívar,Anzoátegui,2026-06,MAC,0,0,0,0,0,0,0,0,0
osm:relation:10962000,Municipio Simón Bolívar,Anzoátegui,2026-06,OIL,0,0,0,0,0,0,0,0,0
osm:relation:10962000,Municipio Simón Bolívar,Anzoátegui,2026-06,POL,0,0,0,0,0,0,0,0,0
osm:relation:10962000,Municipio Simón Bolívar,Anzoátegui,2026-06,SAN,0,0,0,0,0,0,0,0,0
osm:relation:10962000,Municipio Simón Bolívar,Anzoátegui,2026-06,SEC,0,0,0,0,0,0,0,0,0
osm:relation:10962000,Municipio Simón Bolívar,Anzoátegui,2026-07,CON,0,0,0,0,0,0,0,0,0
osm:relation:10962000,Municipio Simón Bolívar,Anzoátegui,2026-07,ELM,0,0,0,0,0,0,0,0,0
osm:relation:10962000,Municipio Simón Bolívar,Anzoátegui,2026-07,EXT,0,0,0,0,0,0,0,0,0
osm:relation:10962000,Municipio Simón Bolívar,Anzoátegui,2026-07,MAC,0,0,0,0,0,0,0,0,0
osm:relation:10962000,Municipio Simón Bolívar,Anzoátegui,2026-07,OIL,2,2,0,0,0,0,0,0,2
osm:relation:10962000,Municipio Simón Bolívar,Anzoátegui,2026-07,POL,0,0,0,0,0,0,0,0,0
osm:relation:10962000,Municipio Simón Bolívar,Anzoátegui,2026-07,SAN,0,0,0,0,0,0,0,0,0
osm:relation:10962000,Municipio Simón Bolívar,Anzoátegui,2026-07,SEC,0,0,0,0,0,0,0,0,0
osm:relation:10962000,Municipio Simón Bolívar,Anzoátegui,2026-08,CON,0,0,0,0,0,0,0,0,0
osm:relation:10962000,Municipio Simón Bolívar,Anzoátegui,2026-08,ELM,0,0,0,0,0,0,0,0,0
osm:relation:10962000,Municipio Simón Bolívar,Anzoátegui,2026-08,EXT,0,0,0,0,0,0,0,0,0
osm:relation:10962000,Municipio Simón Bolívar,Anzoátegui,2026-08,MAC,1,1,0,0,0,0,0,0,1
osm:relation:10962000,Municipio Simón Bolívar,Anzoátegui,2026-08,OIL,7,7,0,0,0,0,0,0,7
osm:relation:10962000,Municipio Simón Bolívar,Anzoátegui,2026-08,POL,1,1,0,0,0,0,0,0,1
osm:relation:10962000,Municipio Simón Bolívar,Anzoátegui,2026-08,SAN,0,0,0,0,0,0,0,0,0
osm:relation:10962000,Municipio Simón Bolívar,Anzoátegui,2026-08,SEC,1,1,0,0,0,0,0,0,1
osm:relation:10962000,Municipio Simón Bolívar,Anzoátegui,2026-09,CON,0,0,0,0,0,0,0,0,0
osm:relation:10962000,Municipio Simón Bolívar,Anzoátegui,2026-09,ELM,0,0,0,0,0,0,0,0,0
osm:relation:10962000,Municipio Simón Bolívar,Anzoátegui,2026-09,EXT,0,0,0,0,0,0,0,0,0
osm:relation:10962000,Municipio Simón Bolívar,Anzoátegui,2026-09,MAC,0,0,0,0,0,0,0,0,0
osm:relation:10962000,Municipio Simón Bolívar,Anzoátegui,2026-09,OIL,1,1,0,0,0,0,0,0,1
osm:relation:10962000,Municipio Simón Bolívar,Anzoátegui,2026-09,POL,0,0,0,0,0,0,0,0,0
osm:relation:10962000,Municipio Simón Bolívar,Anzoátegui,2026-09,SAN,0,0,0,0,0,0,0,0,0
osm:relation:10962000,Municipio Simón Bolívar,Anzoátegui,2026-09,SEC,0,0,0,0,0,0,0,0,0
osm:relation:10962001,Municipio Libertad,Anzoátegui,2024-09,CON,0,0,0,0,0,0,0,0,0
osm:relation:10962001,Municipio Libertad,Anzoátegui,2024-09,ELM,0,0,0,0,0,0,0,0,0
osm:relation:10962001,Municipio Libertad,Anzoátegui,2024-09,EXT,0,0,0,0,0,0,0,0,0
osm:relation:10962001,Municipio Libertad,Anzoátegui,2024-09,MAC,0,0,0,0,0,0,0,0,0
osm:relation:10962001,Municipio Libertad,Anzoátegui,2024-09,OIL,0,0,0,0,0,0,0,0,0
osm:relation:10962001,Municipio Libertad,Anzoátegui,2024-09,POL,0,0,0,0,0,0,0,0,0
osm:relation:10962001,Municipio Libertad,Anzoátegui,2024-09,SAN,0,0,0,0,0,0,0,0,0
osm:relation:10962001,Municipio Libertad,Anzoátegui,2024-09,SEC,0,0,0,0,0,0,0,0,0
osm:relation:10962001,Municipio Libertad,Anzoátegui,2024-10,CON,0,0,0,0,0,0,0,0,0
osm:relation:10962001,Municipio Libertad,Anzoátegui,2024-10,ELM,0,0,0,0,0,0,0,0,0
osm:relation:10962001,Municipio Libertad,Anzoátegui,2024-10,EXT,0,0,0,0,0,0,0,0,0
osm:relation:10962001,Municipio Libertad,Anzoátegui,2024-10,MAC,0,0,0,0,0,0,0,0,0
osm:relation:10962001,Municipio Libertad,Anzoátegui,2024-10,OIL,0,0,0,0,0,0,0,0,0
osm:relation:10962001,Municipio Libertad,Anzoátegui,2024-10,POL,0,0,0,0,0,0,0,0,0
osm:relation:10962001,Municipio Libertad,Anzoátegui,2024-10,SAN,0,0,0,0,0,0,0,0,0
osm:relation:10962001,Municipio Libertad,Anzoátegui,2024-10,SEC,0,0,0,0,0,0,0,0,0
osm:relation:10962001,Municipio Libertad,Anzoátegui,2024-11,CON,0,0,0,0,0,0,0,0,0
osm:relation:10962001,Municipio Libertad,Anzoátegui,2024-11,ELM,0,0,0,0,0,0,0,0,0
osm:relation:10962001,Municipio Libertad,Anzoátegui,2024-11,EXT,0,0,0,0,0,0,0,0,0
osm:relation:10962001,Municipio Libertad,Anzoátegui,2024-11,MAC,0,0,0,0,0,0,0,0,0
osm:relation:10962001,Municipio Libertad,Anzoátegui,2024-11,OIL,0,0,0,0,0,0,0,0,0
osm:relation:10962001,Municipio Libertad,Anzoátegui,2024-11,POL,0,0,0,0,0,0,0,0,0
osm:relation:10962001,Municipio Libertad,Anzoátegui,2024-11,SAN,0,0,0,0,0,0,0,0,0
osm:relation:10962001,Municipio Libertad,Anzoátegui,2024-11,SEC,0,0,0,0,0,0,0,0,0
osm:relation:10962001,Municipio Libertad,Anzoátegui,2024-12,CON,0,0,0,0,0,0,0,0,0
osm:relation:10962001,Municipio Libertad,Anzoátegui,2024-12,ELM,0,0,0,0,0,0,0,0,0
osm:relation:10962001,Municipio Libertad,Anzoátegui,2024-12,EXT,0,0,0,0,0,0,0,0,0
osm:relation:10962001,Municipio Libertad,Anzoátegui,2024-12,MAC,0,0,0,0,0,0,0,0,0
osm:relation:10962001,Municipio Libertad,Anzoátegui,2024-12,OIL,0,0,0,0,0,0,0,0,0
osm:relation:10962001,Municipio Libertad,Anzoátegui,2024-12,POL,0,0,0,0,0,0,0,0,0
osm:relation:10962001,Municipio Libertad,Anzoátegui,2024-12,SAN,0,0,0,0,0,0,0,0,0
osm:relation:10962001,Municipio Libertad,Anzoátegui,2024-12,SEC,0,0,0,0,0,0,0,0,0
osm:relation:10962001,Municipio Libertad,Anzoátegui,2025-01,CON,0,0,0,0,0,0,0,0,0
osm:relation:10962001,Municipio Libertad,Anzoátegui,2025-01,ELM,0,0,0,0,0,0,0,0,0
osm:relation:10962001,Municipio Libertad,Anzoátegui,2025-01,EXT,0,0,0,0,0,0,0,0,0
osm:relation:10962001,Municipio Libertad,Anzoátegui,2025-01,MAC,0,0,0,0,0,0,0,0,0
osm:relation:10962001,Municipio Libertad,Anzoátegui,2025-01,OIL,0,0,0,0,0,0,0,0,0
osm:relation:10962001,Municipio Libertad,Anzoátegui,2025-01,POL,0,0,0,0,0,0,0,0,0
osm:relation:10962001,Municipio Libertad,Anzoátegui,2025-01,SAN,0,0,0,0,0,0,0,0,0
osm:relation:10962001,Municipio Libertad,Anzoátegui,2025-01,SEC,0,0,0,0,0,0,0,0,0
osm:relation:10962001,Municipio Libertad,Anzoátegui,2025-02,CON,0,0,0,0,0,0,0,0,0
osm:relation:10962001,Municipio Libertad,Anzoátegui,2025-02,ELM,0,0,0,0,0,0,0,0,0
osm:relation:10962001,Municipio Libertad,Anzoátegui,2025-02,EXT,0,0,0,0,0,0,0,0,0
osm:relation:10962001,Municipio Libertad,Anzoátegui,2025-02,MAC,0,0,0,0,0,0,0,0,0
osm:relation:10962001,Municipio Libertad,Anzoátegui,2025-02,OIL,0,0,0,0,0,0,0,0,0
osm:relation:10962001,Municipio Libertad,Anzoátegui,2025-02,POL,0,0,0,0,0,0,0,0,0
osm:relation:10962001,Municipio Libertad,Anzoátegui,2025-02,SAN,0,0,0,0,0,0,0,0,0
osm:relation:10962001,Municipio Libertad,Anzoátegui,2025-02,SEC,0,0,0,0,0,0,0,0,0
osm:relation:10962001,Municipio Libertad,Anzoátegui,2025-03,CON,0,0,0,0,0,0,0,0,0
osm:relation:10962001,Municipio Libertad,Anzoátegui,2025-03,ELM,0,0,0,0,0,0,0,0,0
osm:relation:10962001,Municipio Libertad,Anzoátegui,2025-03,EXT,0,0,0,0,0,0,0,0,0
osm:relation:10962001,Municipio Libertad,Anzoátegui,2025-03,MAC,0,0,0,0,0,0,0,0,0
osm:relation:10962001,Municipio Libertad,Anzoátegui,2025-03,OIL,0,0,0,0,0,0,0,0,0
osm:relation:10962001,Municipio Libertad,Anzoátegui,2025-03,POL,0,0,0,0,0,0,0,0,0
osm:relation:10962001,Municipio Libertad,Anzoátegui,2025-03,SAN,0,0,0,0,0,0,0,0,0
osm:relation:10962001,Municipio Libertad,Anzoátegui,2025-03,SEC,0,0,0,0,0,0,0,0,0
osm:relation:10962001,Municipio Libertad,Anzoátegui,2025-04,CON,0,0,0,0,0,0,0,0,0
osm:relation:10962001,Municipio Libertad,Anzoátegui,2025-04,ELM,0,0,0,0,0,0,0,0,0
osm:relation:10962001,Municipio Libertad,Anzoátegui,2025-04,EXT,0,0,0,0,0,0,0,0,0
osm:relation:10962001,Municipio Libertad,Anzoátegui,2025-04,MAC,0,0,0,0,0,0,0,0,0
osm:relation:10962001,Municipio Libertad,Anzoátegui,2025-04,OIL,0,0,0,0,0,0,0,0,0
osm:relation:10962001,Municipio Libertad,Anzoátegui,2025-04,POL,0,0,0,0,0,0,0,0,0
osm:relation:10962001,Municipio Libertad,Anzoátegui,2025-04,SAN,0,0,0,0,0,0,0,0,0
osm:relation:10962001,Municipio Libertad,Anzoátegui,2025-04,SEC,0,0,0,0,0,0,0,0,0
osm:relation:10962001,Municipio Libertad,Anzoátegui,2025-05,CON,0,0,0,0,0,0,0,0,0
osm:relation:10962001,Municipio Libertad,Anzoátegui,2025-05,ELM,0,0,0,0,0,0,0,0,0
osm:relation:10962001,Municipio Libertad,Anzoátegui,2025-05,EXT,0,0,0,0,0,0,0,0,0
osm:relation:10962001,Municipio Libertad,Anzoátegui,2025-05,MAC,0,0,0,0,0,0,0,0,0
osm:relation:10962001,Municipio Libertad,Anzoátegui,2025-05,OIL,0,0,0,0,0,0,0,0,0
osm:relation:10962001,Municipio Libertad,Anzoátegui,2025-05,POL,0,0,0,0,0,0,0,0,0
osm:relation:10962001,Municipio Libertad,Anzoátegui,2025-05,SAN,0,0,0,0,0,0,0,0,0
osm:relation:10962001,Municipio Libertad,Anzoátegui,2025-05,SEC,0,0,0,0,0,0,0,0,0
osm:relation:10962001,Municipio Libertad,Anzoátegui,2025-06,CON,0,0,0,0,0,0,0,0,0
osm:relation:10962001,Municipio Libertad,Anzoátegui,2025-06,ELM,0,0,0,0,0,0,0,0,0
osm:relation:10962001,Municipio Libertad,Anzoátegui,2025-06,EXT,0,0,0,0,0,0,0,0,0
osm:relation:10962001,Municipio Libertad,Anzoátegui,2025-06,MAC,0,0,0,0,0,0,0,0,0
osm:relation:10962001,Municipio Libertad,Anzoátegui,2025-06,OIL,0,0,0,0,0,0,0,0,0
osm:relation:10962001,Municipio Libertad,Anzoátegui,2025-06,POL,0,0,0,0,0,0,0,0,0
osm:relation:10962001,Municipio Libertad,Anzoátegui,2025-06,SAN,0,0,0,0,0,0,0,0,0
osm:relation:10962001,Municipio Libertad,Anzoátegui,2025-06,SEC,0,0,0,0,0,0,0,0,0
osm:relation:10962001,Municipio Libertad,Anzoátegui,2025-07,CON,0,0,0,0,0,0,0,0,0
osm:relation:10962001,Municipio Libertad,Anzoátegui,2025-07,ELM,0,0,0,0,0,0,0,0,0
osm:relation:10962001,Municipio Libertad,Anzoátegui,2025-07,EXT,0,0,0,0,0,0,0,0,0
osm:relation:10962001,Municipio Libertad,Anzoátegui,2025-07,MAC,0,0,0,0,0,0,0,0,0
osm:relation:10962001,Municipio Libertad,Anzoátegui,2025-07,OIL,0,0,0,0,0,0,0,0,0
osm:relation:10962001,Municipio Libertad,Anzoátegui,2025-07,POL,0,0,0,0,0,0,0,0,0
osm:relation:10962001,Municipio Libertad,Anzoátegui,2025-07,SAN,0,0,0,0,0,0,0,0,0
osm:relation:10962001,Municipio Libertad,Anzoátegui,2025-07,SEC,0,0,0,0,0,0,0,0,0
osm:relation:10962001,Municipio Libertad,Anzoátegui,2025-08,CON,0,0,0,0,0,0,0,0,0
osm:relation:10962001,Municipio Libertad,Anzoátegui,2025-08,ELM,0,0,0,0,0,0,0,0,0
osm:relation:10962001,Municipio Libertad,Anzoátegui,2025-08,EXT,0,0,0,0,0,0,0,0,0
osm:relation:10962001,Municipio Libertad,Anzoátegui,2025-08,MAC,0,0,0,0,0,0,0,0,0
osm:relation:10962001,Municipio Libertad,Anzoátegui,2025-08,OIL,0,0,0,0,0,0,0,0,0
osm:relation:10962001,Municipio Libertad,Anzoátegui,2025-08,POL,0,0,0,0,0,0,0,0,0
osm:relation:10962001,Municipio Libertad,Anzoátegui,2025-08,SAN,0,0,0,0,0,0,0,0,0
osm:relation:10962001,Municipio Libertad,Anzoátegui,2025-08,SEC,0,0,0,0,0,0,0,0,0
osm:relation:10962001,Municipio Libertad,Anzoátegui,2025-09,CON,0,0,0,0,0,0,0,0,0
osm:relation:10962001,Municipio Libertad,Anzoátegui,2025-09,ELM,0,0,0,0,0,0,0,0,0
osm:relation:10962001,Municipio Libertad,Anzoátegui,2025-09,EXT,0,0,0,0,0,0,0,0,0
osm:relation:10962001,Municipio Libertad,Anzoátegui,2025-09,MAC,0,0,0,0,0,0,0,0,0
osm:relation:10962001,Municipio Libertad,Anzoátegui,2025-09,OIL,0,0,0,0,0,0,0,0,0
osm:relation:10962001,Municipio Libertad,Anzoátegui,2025-09,POL,0,0,0,0,0,0,0,0,0
osm:relation:10962001,Municipio Libertad,Anzoátegui,2025-09,SAN,0,0,0,0,0,0,0,0,0
osm:relation:10962001,Municipio Libertad,Anzoátegui,2025-09,SEC,0,0,0,0,0,0,0,0,0
osm:relation:10962001,Municipio Libertad,Anzoátegui,2025-10,CON,0,0,0,0,0,0,0,0,0
osm:relation:10962001,Municipio Libertad,Anzoátegui,2025-10,ELM,0,0,0,0,0,0,0,0,0
osm:relation:10962001,Municipio Libertad,Anzoátegui,2025-10,EXT,0,0,0,0,0,0,0,0,0
osm:relation:10962001,Municipio Libertad,Anzoátegui,2025-10,MAC,0,0,0,0,0,0,0,0,0
osm:relation:10962001,Municipio Libertad,Anzoátegui,2025-10,OIL,0,0,0,0,0,0,0,0,0
osm:relation:10962001,Municipio Libertad,Anzoátegui,2025-10,POL,0,0,0,0,0,0,0,0,0
osm:relation:10962001,Municipio Libertad,Anzoátegui,2025-10,SAN,0,0,0,0,0,0,0,0,0
osm:relation:10962001,Municipio Libertad,Anzoátegui,2025-10,SEC,0,0,0,0,0,0,0,0,0
osm:relation:10962001,Municipio Libertad,Anzoátegui,2025-11,CON,0,0,0,0,0,0,0,0,0
osm:relation:10962001,Municipio Libertad,Anzoátegui,2025-11,ELM,0,0,0,0,0,0,0,0,0
osm:relation:10962001,Municipio Libertad,Anzoátegui,2025-11,EXT,0,0,0,0,0,0,0,0,0
osm:relation:10962001,Municipio Libertad,Anzoátegui,2025-11,MAC,0,0,0,0,0,0,0,0,0
osm:relation:10962001,Municipio Libertad,Anzoátegui,2025-11,OIL,0,0,0,0,0,0,0,0,0
osm:relation:10962001,Municipio Libertad,Anzoátegui,2025-11,POL,0,0,0,0,0,0,0,0,0
osm:relation:10962001,Municipio Libertad,Anzoátegui,2025-11,SAN,0,0,0,0,0,0,0,0,0
osm:relation:10962001,Municipio Libertad,Anzoátegui,2025-11,SEC,0,0,0,0,0,0,0,0,0
osm:relation:10962001,Municipio Libertad,Anzoátegui,2025-12,CON,0,0,0,0,0,0,0,0,0
osm:relation:10962001,Municipio Libertad,Anzoátegui,2025-12,ELM,0,0,0,0,0,0,0,0,0
osm:relation:10962001,Municipio Libertad,Anzoátegui,2025-12,EXT,0,0,0,0,0,0,0,0,0
osm:relation:10962001,Municipio Libertad,Anzoátegui,2025-12,MAC,0,0,0,0,0,0,0,0,0
osm:relation:10962001,Municipio Libertad,Anzoátegui,2025-12,OIL,0,0,0,0,0,0,0,0,0
osm:relation:10962001,Municipio Libertad,Anzoátegui,2025-12,POL,0,0,0,0,0,0,0,0,0
osm:relation:10962001,Municipio Libertad,Anzoátegui,2025-12,SAN,0,0,0,0,0,0,0,0,0
osm:relation:10962001,Municipio Libertad,Anzoátegui,2025-12,SEC,0,0,0,0,0,0,0,0,0
osm:relation:10962001,Municipio Libertad,Anzoátegui,2026-01,CON,0,0,0,0,0,0,0,0,0
osm:relation:10962001,Municipio Libertad,Anzoátegui,2026-01,ELM,0,0,0,0,0,0,0,0,0
osm:relation:10962001,Municipio Libertad,Anzoátegui,2026-01,EXT,0,0,0,0,0,0,0,0,0
osm:relation:10962001,Municipio Libertad,Anzoátegui,2026-01,MAC,0,0,0,0,0,0,0,0,0
osm:relation:10962001,Municipio Libertad,Anzoátegui,2026-01,OIL,0,0,0,0,0,0,0,0,0
osm:relation:10962001,Municipio Libertad,Anzoátegui,2026-01,POL,0,0,0,0,0,0,0,0,0
osm:relation:10962001,Municipio Libertad,Anzoátegui,2026-01,SAN,0,0,0,0,0,0,0,0,0
osm:relation:10962001,Municipio Libertad,Anzoátegui,2026-01,SEC,0,0,0,0,0,0,0,0,0
osm:relation:10962001,Municipio Libertad,Anzoátegui,2026-02,CON,0,0,0,0,0,0,0,0,0
osm:relation:10962001,Municipio Libertad,Anzoátegui,2026-02,ELM,0,0,0,0,0,0,0,0,0
osm:relation:10962001,Municipio Libertad,Anzoátegui,2026-02,EXT,0,0,0,0,0,0,0,0,0
osm:relation:10962001,Municipio Libertad,Anzoátegui,2026-02,MAC,0,0,0,0,0,0,0,0,0
osm:relation:10962001,Municipio Libertad,Anzoátegui,2026-02,OIL,0,0,0,0,0,0,0,0,0
osm:relation:10962001,Municipio Libertad,Anzoátegui,2026-02,POL,0,0,0,0,0,0,0,0,0
osm:relation:10962001,Municipio Libertad,Anzoátegui,2026-02,SAN,0,0,0,0,0,0,0,0,0
osm:relation:10962001,Municipio Libertad,Anzoátegui,2026-02,SEC,0,0,0,0,0,0,0,0,0
osm:relation:10962001,Municipio Libertad,Anzoátegui,2026-03,CON,0,0,0,0,0,0,0,0,0
osm:relation:10962001,Municipio Libertad,Anzoátegui,2026-03,ELM,0,0,0,0,0,0,0,0,0
osm:relation:10962001,Municipio Libertad,Anzoátegui,2026-03,EXT,0,0,0,0,0,0,0,0,0
osm:relation:10962001,Municipio Libertad,Anzoátegui,2026-03,MAC,0,0,0,0,0,0,0,0,0
osm:relation:10962001,Municipio Libertad,Anzoátegui,2026-03,OIL,0,0,0,0,0,0,0,0,0
osm:relation:10962001,Municipio Libertad,Anzoátegui,2026-03,POL,0,0,0,0,0,0,0,0,0
osm:relation:10962001,Municipio Libertad,Anzoátegui,2026-03,SAN,0,0,0,0,0,0,0,0,0
osm:relation:10962001,Municipio Libertad,Anzoátegui,2026-03,SEC,0,0,0,0,0,0,0,0,0
osm:relation:10962001,Municipio Libertad,Anzoátegui,2026-04,CON,0,0,0,0,0,0,0,0,0
osm:relation:10962001,Municipio Libertad,Anzoátegui,2026-04,ELM,0,0,0,0,0,0,0,0,0
osm:relation:10962001,Municipio Libertad,Anzoátegui,2026-04,EXT,0,0,0,0,0,0,0,0,0
osm:relation:10962001,Municipio Libertad,Anzoátegui,2026-04,MAC,0,0,0,0,0,0,0,0,0
osm:relation:10962001,Municipio Libertad,Anzoátegui,2026-04,OIL,0,0,0,0,0,0,0,0,0
osm:relation:10962001,Municipio Libertad,Anzoátegui,2026-04,POL,0,0,0,0,0,0,0,0,0
osm:relation:10962001,Municipio Libertad,Anzoátegui,2026-04,SAN,0,0,0,0,0,0,0,0,0
osm:relation:10962001,Municipio Libertad,Anzoátegui,2026-04,SEC,0,0,0,0,0,0,0,0,0
osm:relation:10962001,Municipio Libertad,Anzoátegui,2026-05,CON,0,0,0,0,0,0,0,0,0
osm:relation:10962001,Municipio Libertad,Anzoátegui,2026-05,ELM,0,0,0,0,0,0,0,0,0
osm:relation:10962001,Municipio Libertad,Anzoátegui,2026-05,EXT,0,0,0,0,0,0,0,0,0
osm:relation:10962001,Municipio Libertad,Anzoátegui,2026-05,MAC,0,0,0,0,0,0,0,0,0
osm:relation:10962001,Municipio Libertad,Anzoátegui,2026-05,OIL,0,0,0,0,0,0,0,0,0
osm:relation:10962001,Municipio Libertad,Anzoátegui,2026-05,POL,0,0,0,0,0,0,0,0,0
osm:relation:10962001,Municipio Libertad,Anzoátegui,2026-05,SAN,0,0,0,0,0,0,0,0,0
osm:relation:10962001,Municipio Libertad,Anzoátegui,2026-05,SEC,0,0,0,0,0,0,0,0,0
osm:relation:10962001,Municipio Libertad,Anzoátegui,2026-06,CON,0,0,0,0,0,0,0,0,0
osm:relation:10962001,Municipio Libertad,Anzoátegui,2026-06,ELM,0,0,0,0,0,0,0,0,0
osm:relation:10962001,Municipio Libertad,Anzoátegui,2026-06,EXT,0,0,0,0,0,0,0,0,0
osm:relation:10962001,Municipio Libertad,Anzoátegui,2026-06,MAC,0,0,0,0,0,0,0,0,0
osm:relation:10962001,Municipio Libertad,Anzoátegui,2026-06,OIL,0,0,0,0,0,0,0,0,0
osm:relation:10962001,Municipio Libertad,Anzoátegui,2026-06,POL,0,0,0,0,0,0,0,0,0
osm:relation:10962001,Municipio Libertad,Anzoátegui,2026-06,SAN,0,0,0,0,0,0,0,0,0
osm:relation:10962001,Municipio Libertad,Anzoátegui,2026-06,SEC,0,0,0,0,0,0,0,0,0
osm:relation:10962001,Municipio Libertad,Anzoátegui,2026-07,CON,0,0,0,0,0,0,0,0,0
osm:relation:10962001,Municipio Libertad,Anzoátegui,2026-07,ELM,0,0,0,0,0,0,0,0,0
osm:relation:10962001,Municipio Libertad,Anzoátegui,2026-07,EXT,0,0,0,0,0,0,0,0,0
osm:relation:10962001,Municipio Libertad,Anzoátegui,2026-07,MAC,0,0,0,0,0,0,0,0,0
osm:relation:10962001,Municipio Libertad,Anzoátegui,2026-07,OIL,0,0,0,0,0,0,0,0,0
osm:relation:10962001,Municipio Libertad,Anzoátegui,2026-07,POL,0,0,0,0,0,0,0,0,0
osm:relation:10962001,Municipio Libertad,Anzoátegui,2026-07,SAN,0,0,0,0,0,0,0,0,0
osm:relation:10962001,Municipio Libertad,Anzoátegui,2026-07,SEC,0,0,0,0,0,0,0,0,0
osm:relation:10962001,Municipio Libertad,Anzoátegui,2026-08,CON,0,0,0,0,0,0,0,0,0
osm:relation:10962001,Municipio Libertad,Anzoátegui,2026-08,ELM,0,0,0,0,0,0,0,0,0
osm:relation:10962001,Municipio Libertad,Anzoátegui,2026-08,EXT,0,0,0,0,0,0,0,0,0
osm:relation:10962001,Municipio Libertad,Anzoátegui,2026-08,MAC,0,0,0,0,0,0,0,0,0
osm:relation:10962001,Municipio Libertad,Anzoátegui,2026-08,OIL,0,0,0,0,0,0,0,0,0
osm:relation:10962001,Municipio Libertad,Anzoátegui,2026-08,POL,0,0,0,0,0,0,0,0,0
osm:relation:10962001,Municipio Libertad,Anzoátegui,2026-08,SAN,0,0,0,0,0,0,0,0,0
osm:relation:10962001,Municipio Libertad,Anzoátegui,2026-08,SEC,0,0,0,0,0,0,0,0,0
osm:relation:10962001,Municipio Libertad,Anzoátegui,2026-09,CON,0,0,0,0,0,0,0,0,0
osm:relation:10962001,Municipio Libertad,Anzoátegui,2026-09,ELM,0,0,0,0,0,0,0,0,0
osm:relation:10962001,Municipio Libertad,Anzoátegui,2026-09,EXT,0,0,0,0,0,0,0,0,0
osm:relation:10962001,Municipio Libertad,Anzoátegui,2026-09,MAC,0,0,0,0,0,0,0,0,0
osm:relation:10962001,Municipio Libertad,Anzoátegui,2026-09,OIL,0,0,0,0,0,0,0,0,0
osm:relation:10962001,Municipio Libertad,Anzoátegui,2026-09,POL,0,0,0,0,0,0,0,0,0
osm:relation:10962001,Municipio Libertad,Anzoátegui,2026-09,SAN,0,0,0,0,0,0,0,0,0
osm:relation:10962001,Municipio Libertad,Anzoátegui,2026-09,SEC,0,0,0,0,0,0,0,0,0
osm:relation:10962002,Municipio Bruzual,Anzoátegui,2024-09,CON,0,0,0,0,0,0,0,0,0
osm:relation:10962002,Municipio Bruzual,Anzoátegui,2024-09,ELM,0,0,0,0,0,0,0,0,0
osm:relation:10962002,Municipio Bruzual,Anzoátegui,2024-09,EXT,0,0,0,0,0,0,0,0,0
osm:relation:10962002,Municipio Bruzual,Anzoátegui,2024-09,MAC,0,0,0,0,0,0,0,0,0
osm:relation:10962002,Municipio Bruzual,Anzoátegui,2024-09,OIL,0,0,0,0,0,0,0,0,0
osm:relation:10962002,Municipio Bruzual,Anzoátegui,2024-09,POL,0,0,0,0,0,0,0,0,0
osm:relation:10962002,Municipio Bruzual,Anzoátegui,2024-09,SAN,0,0,0,0,0,0,0,0,0
osm:relation:10962002,Municipio Bruzual,Anzoátegui,2024-09,SEC,0,0,0,0,0,0,0,0,0
osm:relation:10962002,Municipio Bruzual,Anzoátegui,2024-10,CON,0,0,0,0,0,0,0,0,0
osm:relation:10962002,Municipio Bruzual,Anzoátegui,2024-10,ELM,0,0,0,0,0,0,0,0,0
osm:relation:10962002,Municipio Bruzual,Anzoátegui,2024-10,EXT,0,0,0,0,0,0,0,0,0
osm:relation:10962002,Municipio Bruzual,Anzoátegui,2024-10,MAC,0,0,0,0,0,0,0,0,0
osm:relation:10962002,Municipio Bruzual,Anzoátegui,2024-10,OIL,0,0,0,0,0,0,0,0,0
osm:relation:10962002,Municipio Bruzual,Anzoátegui,2024-10,POL,0,0,0,0,0,0,0,0,0
osm:relation:10962002,Municipio Bruzual,Anzoátegui,2024-10,SAN,0,0,0,0,0,0,0,0,0
osm:relation:10962002,Municipio Bruzual,Anzoátegui,2024-10,SEC,0,0,0,0,0,0,0,0,0
osm:relation:10962002,Municipio Bruzual,Anzoátegui,2024-11,CON,0,0,0,0,0,0,0,0,0
osm:relation:10962002,Municipio Bruzual,Anzoátegui,2024-11,ELM,0,0,0,0,0,0,0,0,0
osm:relation:10962002,Municipio Bruzual,Anzoátegui,2024-11,EXT,0,0,0,0,0,0,0,0,0
osm:relation:10962002,Municipio Bruzual,Anzoátegui,2024-11,MAC,0,0,0,0,0,0,0,0,0
osm:relation:10962002,Municipio Bruzual,Anzoátegui,2024-11,OIL,0,0,0,0,0,0,0,0,0
osm:relation:10962002,Municipio Bruzual,Anzoátegui,2024-11,POL,0,0,0,0,0,0,0,0,0
osm:relation:10962002,Municipio Bruzual,Anzoátegui,2024-11,SAN,0,0,0,0,0,0,0,0,0
osm:relation:10962002,Municipio Bruzual,Anzoátegui,2024-11,SEC,0,0,0,0,0,0,0,0,0
osm:relation:10962002,Municipio Bruzual,Anzoátegui,2024-12,CON,0,0,0,0,0,0,0,0,0
osm:relation:10962002,Municipio Bruzual,Anzoátegui,2024-12,ELM,0,0,0,0,0,0,0,0,0
osm:relation:10962002,Municipio Bruzual,Anzoátegui,2024-12,EXT,0,0,0,0,0,0,0,0,0
osm:relation:10962002,Municipio Bruzual,Anzoátegui,2024-12,MAC,0,0,0,0,0,0,0,0,0
osm:relation:10962002,Municipio Bruzual,Anzoátegui,2024-12,OIL,0,0,0,0,0,0,0,0,0
osm:relation:10962002,Municipio Bruzual,Anzoátegui,2024-12,POL,0,0,0,0,0,0,0,0,0
osm:relation:10962002,Municipio Bruzual,Anzoátegui,2024-12,SAN,0,0,0,0,0,0,0,0,0
osm:relation:10962002,Municipio Bruzual,Anzoátegui,2024-12,SEC,0,0,0,0,0,0,0,0,0
osm:relation:10962002,Municipio Bruzual,Anzoátegui,2025-01,CON,0,0,0,0,0,0,0,0,0
osm:relation:10962002,Municipio Bruzual,Anzoátegui,2025-01,ELM,0,0,0,0,0,0,0,0,0
osm:relation:10962002,Municipio Bruzual,Anzoátegui,2025-01,EXT,0,0,0,0,0,0,0,0,0
osm:relation:10962002,Municipio Bruzual,Anzoátegui,2025-01,MAC,0,0,0,0,0,0,0,0,0
osm:relation:10962002,Municipio Bruzual,Anzoátegui,2025-01,OIL,0,0,0,0,0,0,0,0,0
osm:relation:10962002,Municipio Bruzual,Anzoátegui,2025-01,POL,0,0,0,0,0,0,0,0,0
osm:relation:10962002,Municipio Bruzual,Anzoátegui,2025-01,SAN,0,0,0,0,0,0,0,0,0
osm:relation:10962002,Municipio Bruzual,Anzoátegui,2025-01,SEC,0,0,0,0,0,0,0,0,0
osm:relation:10962002,Municipio Bruzual,Anzoátegui,2025-02,CON,0,0,0,0,0,0,0,0,0
osm:relation:10962002,Municipio Bruzual,Anzoátegui,2025-02,ELM,0,0,0,0,0,0,0,0,0
osm:relation:10962002,Municipio Bruzual,Anzoátegui,2025-02,EXT,0,0,0,0,0,0,0,0,0
osm:relation:10962002,Municipio Bruzual,Anzoátegui,2025-02,MAC,0,0,0,0,0,0,0,0,0
osm:relation:10962002,Municipio Bruzual,Anzoátegui,2025-02,OIL,0,0,0,0,0,0,0,0,0
osm:relation:10962002,Municipio Bruzual,Anzoátegui,2025-02,POL,0,0,0,0,0,0,0,0,0
osm:relation:10962002,Municipio Bruzual,Anzoátegui,2025-02,SAN,0,0,0,0,0,0,0,0,0
osm:relation:10962002,Municipio Bruzual,Anzoátegui,2025-02,SEC,0,0,0,0,0,0,0,0,0
osm:relation:10962002,Municipio Bruzual,Anzoátegui,2025-03,CON,0,0,0,0,0,0,0,0,0
osm:relation:10962002,Municipio Bruzual,Anzoátegui,2025-03,ELM,0,0,0,0,0,0,0,0,0
osm:relation:10962002,Municipio Bruzual,Anzoátegui,2025-03,EXT,0,0,0,0,0,0,0,0,0
osm:relation:10962002,Municipio Bruzual,Anzoátegui,2025-03,MAC,0,0,0,0,0,0,0,0,0
osm:relation:10962002,Municipio Bruzual,Anzoátegui,2025-03,OIL,0,0,0,0,0,0,0,0,0
osm:relation:10962002,Municipio Bruzual,Anzoátegui,2025-03,POL,0,0,0,0,0,0,0,0,0
osm:relation:10962002,Municipio Bruzual,Anzoátegui,2025-03,SAN,0,0,0,0,0,0,0,0,0
osm:relation:10962002,Municipio Bruzual,Anzoátegui,2025-03,SEC,0,0,0,0,0,0,0,0,0
osm:relation:10962002,Municipio Bruzual,Anzoátegui,2025-04,CON,0,0,0,0,0,0,0,0,0
osm:relation:10962002,Municipio Bruzual,Anzoátegui,2025-04,ELM,0,0,0,0,0,0,0,0,0
osm:relation:10962002,Municipio Bruzual,Anzoátegui,2025-04,EXT,0,0,0,0,0,0,0,0,0
osm:relation:10962002,Municipio Bruzual,Anzoátegui,2025-04,MAC,0,0,0,0,0,0,0,0,0
osm:relation:10962002,Municipio Bruzual,Anzoátegui,2025-04,OIL,0,0,0,0,0,0,0,0,0
osm:relation:10962002,Municipio Bruzual,Anzoátegui,2025-04,POL,0,0,0,0,0,0,0,0,0
osm:relation:10962002,Municipio Bruzual,Anzoátegui,2025-04,SAN,0,0,0,0,0,0,0,0,0
osm:relation:10962002,Municipio Bruzual,Anzoátegui,2025-04,SEC,0,0,0,0,0,0,0,0,0
osm:relation:10962002,Municipio Bruzual,Anzoátegui,2025-05,CON,0,0,0,0,0,0,0,0,0
osm:relation:10962002,Municipio Bruzual,Anzoátegui,2025-05,ELM,0,0,0,0,0,0,0,0,0
osm:relation:10962002,Municipio Bruzual,Anzoátegui,2025-05,EXT,0,0,0,0,0,0,0,0,0
osm:relation:10962002,Municipio Bruzual,Anzoátegui,2025-05,MAC,0,0,0,0,0,0,0,0,0
osm:relation:10962002,Municipio Bruzual,Anzoátegui,2025-05,OIL,0,0,0,0,0,0,0,0,0
osm:relation:10962002,Municipio Bruzual,Anzoátegui,2025-05,POL,0,0,0,0,0,0,0,0,0
osm:relation:10962002,Municipio Bruzual,Anzoátegui,2025-05,SAN,0,0,0,0,0,0,0,0,0
osm:relation:10962002,Municipio Bruzual,Anzoátegui,2025-05,SEC,0,0,0,0,0,0,0,0,0
osm:relation:10962002,Municipio Bruzual,Anzoátegui,2025-06,CON,0,0,0,0,0,0,0,0,0
osm:relation:10962002,Municipio Bruzual,Anzoátegui,2025-06,ELM,0,0,0,0,0,0,0,0,0
osm:relation:10962002,Municipio Bruzual,Anzoátegui,2025-06,EXT,0,0,0,0,0,0,0,0,0
osm:relation:10962002,Municipio Bruzual,Anzoátegui,2025-06,MAC,0,0,0,0,0,0,0,0,0
osm:relation:10962002,Municipio Bruzual,Anzoátegui,2025-06,OIL,0,0,0,0,0,0,0,0,0
osm:relation:10962002,Municipio Bruzual,Anzoátegui,2025-06,POL,0,0,0,0,0,0,0,0,0
osm:relation:10962002,Municipio Bruzual,Anzoátegui,2025-06,SAN,0,0,0,0,0,0,0,0,0
osm:relation:10962002,Municipio Bruzual,Anzoátegui,2025-06,SEC,0,0,0,0,0,0,0,0,0
osm:relation:10962002,Municipio Bruzual,Anzoátegui,2025-07,CON,0,0,0,0,0,0,0,0,0
osm:relation:10962002,Municipio Bruzual,Anzoátegui,2025-07,ELM,0,0,0,0,0,0,0,0,0
osm:relation:10962002,Municipio Bruzual,Anzoátegui,2025-07,EXT,0,0,0,0,0,0,0,0,0
osm:relation:10962002,Municipio Bruzual,Anzoátegui,2025-07,MAC,0,0,0,0,0,0,0,0,0
osm:relation:10962002,Municipio Bruzual,Anzoátegui,2025-07,OIL,0,0,0,0,0,0,0,0,0
osm:relation:10962002,Municipio Bruzual,Anzoátegui,2025-07,POL,0,0,0,0,0,0,0,0,0
osm:relation:10962002,Municipio Bruzual,Anzoátegui,2025-07,SAN,0,0,0,0,0,0,0,0,0
osm:relation:10962002,Municipio Bruzual,Anzoátegui,2025-07,SEC,0,0,0,0,0,0,0,0,0
osm:relation:10962002,Municipio Bruzual,Anzoátegui,2025-08,CON,0,0,0,0,0,0,0,0,0
osm:relation:10962002,Municipio Bruzual,Anzoátegui,2025-08,ELM,0,0,0,0,0,0,0,0,0
osm:relation:10962002,Municipio Bruzual,Anzoátegui,2025-08,EXT,0,0,0,0,0,0,0,0,0
osm:relation:10962002,Municipio Bruzual,Anzoátegui,2025-08,MAC,0,0,0,0,0,0,0,0,0
osm:relation:10962002,Municipio Bruzual,Anzoátegui,2025-08,OIL,0,0,0,0,0,0,0,0,0
osm:relation:10962002,Municipio Bruzual,Anzoátegui,2025-08,POL,0,0,0,0,0,0,0,0,0
osm:relation:10962002,Municipio Bruzual,Anzoátegui,2025-08,SAN,0,0,0,0,0,0,0,0,0
osm:relation:10962002,Municipio Bruzual,Anzoátegui,2025-08,SEC,0,0,0,0,0,0,0,0,0
osm:relation:10962002,Municipio Bruzual,Anzoátegui,2025-09,CON,0,0,0,0,0,0,0,0,0
osm:relation:10962002,Municipio Bruzual,Anzoátegui,2025-09,ELM,0,0,0,0,0,0,0,0,0
osm:relation:10962002,Municipio Bruzual,Anzoátegui,2025-09,EXT,0,0,0,0,0,0,0,0,0
osm:relation:10962002,Municipio Bruzual,Anzoátegui,2025-09,MAC,0,0,0,0,0,0,0,0,0
osm:relation:10962002,Municipio Bruzual,Anzoátegui,2025-09,OIL,0,0,0,0,0,0,0,0,0
osm:relation:10962002,Municipio Bruzual,Anzoátegui,2025-09,POL,0,0,0,0,0,0,0,0,0
osm:relation:10962002,Municipio Bruzual,Anzoátegui,2025-09,SAN,0,0,0,0,0,0,0,0,0
osm:relation:10962002,Municipio Bruzual,Anzoátegui,2025-09,SEC,0,0,0,0,0,0,0,0,0
osm:relation:10962002,Municipio Bruzual,Anzoátegui,2025-10,CON,0,0,0,0,0,0,0,0,0
osm:relation:10962002,Municipio Bruzual,Anzoátegui,2025-10,ELM,0,0,0,0,0,0,0,0,0
osm:relation:10962002,Municipio Bruzual,Anzoátegui,2025-10,EXT,0,0,0,0,0,0,0,0,0
osm:relation:10962002,Municipio Bruzual,Anzoátegui,2025-10,MAC,0,0,0,0,0,0,0,0,0
osm:relation:10962002,Municipio Bruzual,Anzoátegui,2025-10,OIL,0,0,0,0,0,0,0,0,0
osm:relation:10962002,Municipio Bruzual,Anzoátegui,2025-10,POL,0,0,0,0,0,0,0,0,0
osm:relation:10962002,Municipio Bruzual,Anzoátegui,2025-10,SAN,0,0,0,0,0,0,0,0,0
osm:relation:10962002,Municipio Bruzual,Anzoátegui,2025-10,SEC,0,0,0,0,0,0,0,0,0
osm:relation:10962002,Municipio Bruzual,Anzoátegui,2025-11,CON,0,0,0,0,0,0,0,0,0
osm:relation:10962002,Municipio Bruzual,Anzoátegui,2025-11,ELM,0,0,0,0,0,0,0,0,0
osm:relation:10962002,Municipio Bruzual,Anzoátegui,2025-11,EXT,0,0,0,0,0,0,0,0,0
osm:relation:10962002,Municipio Bruzual,Anzoátegui,2025-11,MAC,0,0,0,0,0,0,0,0,0
osm:relation:10962002,Municipio Bruzual,Anzoátegui,2025-11,OIL,0,0,0,0,0,0,0,0,0
osm:relation:10962002,Municipio Bruzual,Anzoátegui,2025-11,POL,0,0,0,0,0,0,0,0,0
osm:relation:10962002,Municipio Bruzual,Anzoátegui,2025-11,SAN,0,0,0,0,0,0,0,0,0
osm:relation:10962002,Municipio Bruzual,Anzoátegui,2025-11,SEC,0,0,0,0,0,0,0,0,0
osm:relation:10962002,Municipio Bruzual,Anzoátegui,2025-12,CON,0,0,0,0,0,0,0,0,0
osm:relation:10962002,Municipio Bruzual,Anzoátegui,2025-12,ELM,0,0,0,0,0,0,0,0,0
osm:relation:10962002,Municipio Bruzual,Anzoátegui,2025-12,EXT,0,0,0,0,0,0,0,0,0
osm:relation:10962002,Municipio Bruzual,Anzoátegui,2025-12,MAC,0,0,0,0,0,0,0,0,0
osm:relation:10962002,Municipio Bruzual,Anzoátegui,2025-12,OIL,0,0,0,0,0,0,0,0,0
osm:relation:10962002,Municipio Bruzual,Anzoátegui,2025-12,POL,0,0,0,0,0,0,0,0,0
osm:relation:10962002,Municipio Bruzual,Anzoátegui,2025-12,SAN,0,0,0,0,0,0,0,0,0
osm:relation:10962002,Municipio Bruzual,Anzoátegui,2025-12,SEC,0,0,0,0,0,0,0,0,0
osm:relation:10962002,Municipio Bruzual,Anzoátegui,2026-01,CON,0,0,0,0,0,0,0,0,0
osm:relation:10962002,Municipio Bruzual,Anzoátegui,2026-01,ELM,0,0,0,0,0,0,0,0,0
osm:relation:10962002,Municipio Bruzual,Anzoátegui,2026-01,EXT,0,0,0,0,0,0,0,0,0
osm:relation:10962002,Municipio Bruzual,Anzoátegui,2026-01,MAC,0,0,0,0,0,0,0,0,0
osm:relation:10962002,Municipio Bruzual,Anzoátegui,2026-01,OIL,0,0,0,0,0,0,0,0,0
osm:relation:10962002,Municipio Bruzual,Anzoátegui,2026-01,POL,0,0,0,0,0,0,0,0,0
osm:relation:10962002,Municipio Bruzual,Anzoátegui,2026-01,SAN,0,0,0,0,0,0,0,0,0
osm:relation:10962002,Municipio Bruzual,Anzoátegui,2026-01,SEC,0,0,0,0,0,0,0,0,0
osm:relation:10962002,Municipio Bruzual,Anzoátegui,2026-02,CON,0,0,0,0,0,0,0,0,0
osm:relation:10962002,Municipio Bruzual,Anzoátegui,2026-02,ELM,0,0,0,0,0,0,0,0,0
osm:relation:10962002,Municipio Bruzual,Anzoátegui,2026-02,EXT,0,0,0,0,0,0,0,0,0
osm:relation:10962002,Municipio Bruzual,Anzoátegui,2026-02,MAC,0,0,0,0,0,0,0,0,0
osm:relation:10962002,Municipio Bruzual,Anzoátegui,2026-02,OIL,0,0,0,0,0,0,0,0,0
osm:relation:10962002,Municipio Bruzual,Anzoátegui,2026-02,POL,0,0,0,0,0,0,0,0,0
osm:relation:10962002,Municipio Bruzual,Anzoátegui,2026-02,SAN,0,0,0,0,0,0,0,0,0
osm:relation:10962002,Municipio Bruzual,Anzoátegui,2026-02,SEC,0,0,0,0,0,0,0,0,0
osm:relation:10962002,Municipio Bruzual,Anzoátegui,2026-03,CON,0,0,0,0,0,0,0,0,0
osm:relation:10962002,Municipio Bruzual,Anzoátegui,2026-03,ELM,0,0,0,0,0,0,0,0,0
osm:relation:10962002,Municipio Bruzual,Anzoátegui,2026-03,EXT,0,0,0,0,0,0,0,0,0
osm:relation:10962002,Municipio Bruzual,Anzoátegui,2026-03,MAC,0,0,0,0,0,0,0,0,0
osm:relation:10962002,Municipio Bruzual,Anzoátegui,2026-03,OIL,0,0,0,0,0,0,0,0,0
osm:relation:10962002,Municipio Bruzual,Anzoátegui,2026-03,POL,0,0,0,0,0,0,0,0,0
osm:relation:10962002,Municipio Bruzual,Anzoátegui,2026-03,SAN,0,0,0,0,0,0,0,0,0
osm:relation:10962002,Municipio Bruzual,Anzoátegui,2026-03,SEC,0,0,0,0,0,0,0,0,0
osm:relation:10962002,Municipio Bruzual,Anzoátegui,2026-04,CON,0,0,0,0,0,0,0,0,0
osm:relation:10962002,Municipio Bruzual,Anzoátegui,2026-04,ELM,0,0,0,0,0,0,0,0,0
osm:relation:10962002,Municipio Bruzual,Anzoátegui,2026-04,EXT,0,0,0,0,0,0,0,0,0
osm:relation:10962002,Municipio Bruzual,Anzoátegui,2026-04,MAC,0,0,0,0,0,0,0,0,0
osm:relation:10962002,Municipio Bruzual,Anzoátegui,2026-04,OIL,0,0,0,0,0,0,0,0,0
osm:relation:10962002,Municipio Bruzual,Anzoátegui,2026-04,POL,0,0,0,0,0,0,0,0,0
osm:relation:10962002,Municipio Bruzual,Anzoátegui,2026-04,SAN,0,0,0,0,0,0,0,0,0
osm:relation:10962002,Municipio Bruzual,Anzoátegui,2026-04,SEC,0,0,0,0,0,0,0,0,0
osm:relation:10962002,Municipio Bruzual,Anzoátegui,2026-05,CON,0,0,0,0,0,0,0,0,0
osm:relation:10962002,Municipio Bruzual,Anzoátegui,2026-05,ELM,0,0,0,0,0,0,0,0,0
osm:relation:10962002,Municipio Bruzual,Anzoátegui,2026-05,EXT,0,0,0,0,0,0,0,0,0
osm:relation:10962002,Municipio Bruzual,Anzoátegui,2026-05,MAC,0,0,0,0,0,0,0,0,0
osm:relation:10962002,Municipio Bruzual,Anzoátegui,2026-05,OIL,0,0,0,0,0,0,0,0,0
osm:relation:10962002,Municipio Bruzual,Anzoátegui,2026-05,POL,0,0,0,0,0,0,0,0,0
osm:relation:10962002,Municipio Bruzual,Anzoátegui,2026-05,SAN,0,0,0,0,0,0,0,0,0
osm:relation:10962002,Municipio Bruzual,Anzoátegui,2026-05,SEC,0,0,0,0,0,0,0,0,0
osm:relation:10962002,Municipio Bruzual,Anzoátegui,2026-06,CON,0,0,0,0,0,0,0,0,0
osm:relation:10962002,Municipio Bruzual,Anzoátegui,2026-06,ELM,0,0,0,0,0,0,0,0,0
osm:relation:10962002,Municipio Bruzual,Anzoátegui,2026-06,EXT,0,0,0,0,0,0,0,0,0
osm:relation:10962002,Municipio Bruzual,Anzoátegui,2026-06,MAC,0,0,0,0,0,0,0,0,0
osm:relation:10962002,Municipio Bruzual,Anzoátegui,2026-06,OIL,0,0,0,0,0,0,0,0,0
osm:relation:10962002,Municipio Bruzual,Anzoátegui,2026-06,POL,0,0,0,0,0,0,0,0,0
osm:relation:10962002,Municipio Bruzual,Anzoátegui,2026-06,SAN,0,0,0,0,0,0,0,0,0
osm:relation:10962002,Municipio Bruzual,Anzoátegui,2026-06,SEC,0,0,0,0,0,0,0,0,0
osm:relation:10962002,Municipio Bruzual,Anzoátegui,2026-07,CON,0,0,0,0,0,0,0,0,0
osm:relation:10962002,Municipio Bruzual,Anzoátegui,2026-07,ELM,0,0,0,0,0,0,0,0,0
osm:relation:10962002,Municipio Bruzual,Anzoátegui,2026-07,EXT,0,0,0,0,0,0,0,0,0
osm:relation:10962002,Municipio Bruzual,Anzoátegui,2026-07,MAC,0,0,0,0,0,0,0,0,0
osm:relation:10962002,Municipio Bruzual,Anzoátegui,2026-07,OIL,0,0,0,0,0,0,0,0,0
osm:relation:10962002,Municipio Bruzual,Anzoátegui,2026-07,POL,0,0,0,0,0,0,0,0,0
osm:relation:10962002,Municipio Bruzual,Anzoátegui,2026-07,SAN,0,0,0,0,0,0,0,0,0
osm:relation:10962002,Municipio Bruzual,Anzoátegui,2026-07,SEC,0,0,0,0,0,0,0,0,0
osm:relation:10962002,Municipio Bruzual,Anzoátegui,2026-08,CON,0,0,0,0,0,0,0,0,0
osm:relation:10962002,Municipio Bruzual,Anzoátegui,2026-08,ELM,0,0,0,0,0,0,0,0,0
osm:relation:10962002,Municipio Bruzual,Anzoátegui,2026-08,EXT,0,0,0,0,0,0,0,0,0
osm:relation:10962002,Municipio Bruzual,Anzoátegui,2026-08,MAC,0,0,0,0,0,0,0,0,0
osm:relation:10962002,Municipio Bruzual,Anzoátegui,2026-08,OIL,0,0,0,0,0,0,0,0,0
osm:relation:10962002,Municipio Bruzual,Anzoátegui,2026-08,POL,0,0,0,0,0,0,0,0,0
osm:relation:10962002,Municipio Bruzual,Anzoátegui,2026-08,SAN,0,0,0,0,0,0,0,0,0
osm:relation:10962002,Municipio Bruzual,Anzoátegui,2026-08,SEC,0,0,0,0,0,0,0,0,0
osm:relation:10962002,Municipio Bruzual,Anzoátegui,2026-09,CON,0,0,0,0,0,0,0,0,0
osm:relation:10962002,Municipio Bruzual,Anzoátegui,2026-09,ELM,0,0,0,0,0,0,0,0,0
osm:relation:10962002,Municipio Bruzual,Anzoátegui,2026-09,EXT,0,0,0,0,0,0,0,0,0
osm:relation:10962002,Municipio Bruzual,Anzoátegui,2026-09,MAC,0,0,0,0,0,0,0,0,0
osm:relation:10962002,Municipio Bruzual,Anzoátegui,2026-09,OIL,0,0,0,0,0,0,0,0,0
osm:relation:10962002,Municipio Bruzual,Anzoátegui,2026-09,POL,0,0,0,0,0,0,0,0,0
osm:relation:10962002,Municipio Bruzual,Anzoátegui,2026-09,SAN,0,0,0,0,0,0,0,0,0
osm:relation:10962002,Municipio Bruzual,Anzoátegui,2026-09,SEC,0,0,0,0,0,0,0,0,0
osm:relation:10962003,Municipio Carvajal,Anzoátegui,2024-09,CON,0,0,0,0,0,0,0,0,0
osm:relation:10962003,Municipio Carvajal,Anzoátegui,2024-09,ELM,0,0,0,0,0,0,0,0,0
osm:relation:10962003,Municipio Carvajal,Anzoátegui,2024-09,EXT,0,0,0,0,0,0,0,0,0
osm:relation:10962003,Municipio Carvajal,Anzoátegui,2024-09,MAC,0,0,0,0,0,0,0,0,0
osm:relation:10962003,Municipio Carvajal,Anzoátegui,2024-09,OIL,0,0,0,0,0,0,0,0,0
osm:relation:10962003,Municipio Carvajal,Anzoátegui,2024-09,POL,0,0,0,0,0,0,0,0,0
osm:relation:10962003,Municipio Carvajal,Anzoátegui,2024-09,SAN,0,0,0,0,0,0,0,0,0
osm:relation:10962003,Municipio Carvajal,Anzoátegui,2024-09,SEC,0,0,0,0,0,0,0,0,0
osm:relation:10962003,Municipio Carvajal,Anzoátegui,2024-10,CON,0,0,0,0,0,0,0,0,0
osm:relation:10962003,Municipio Carvajal,Anzoátegui,2024-10,ELM,0,0,0,0,0,0,0,0,0
osm:relation:10962003,Municipio Carvajal,Anzoátegui,2024-10,EXT,0,0,0,0,0,0,0,0,0
osm:relation:10962003,Municipio Carvajal,Anzoátegui,2024-10,MAC,0,0,0,0,0,0,0,0,0
osm:relation:10962003,Municipio Carvajal,Anzoátegui,2024-10,OIL,0,0,0,0,0,0,0,0,0
osm:relation:10962003,Municipio Carvajal,Anzoátegui,2024-10,POL,0,0,0,0,0,0,0,0,0
osm:relation:10962003,Municipio Carvajal,Anzoátegui,2024-10,SAN,0,0,0,0,0,0,0,0,0
osm:relation:10962003,Municipio Carvajal,Anzoátegui,2024-10,SEC,0,0,0,0,0,0,0,0,0
osm:relation:10962003,Municipio Carvajal,Anzoátegui,2024-11,CON,0,0,0,0,0,0,0,0,0
osm:relation:10962003,Municipio Carvajal,Anzoátegui,2024-11,ELM,0,0,0,0,0,0,0,0,0
osm:relation:10962003,Municipio Carvajal,Anzoátegui,2024-11,EXT,0,0,0,0,0,0,0,0,0
osm:relation:10962003,Municipio Carvajal,Anzoátegui,2024-11,MAC,0,0,0,0,0,0,0,0,0
osm:relation:10962003,Municipio Carvajal,Anzoátegui,2024-11,OIL,0,0,0,0,0,0,0,0,0
osm:relation:10962003,Municipio Carvajal,Anzoátegui,2024-11,POL,0,0,0,0,0,0,0,0,0
osm:relation:10962003,Municipio Carvajal,Anzoátegui,2024-11,SAN,0,0,0,0,0,0,0,0,0
osm:relation:10962003,Municipio Carvajal,Anzoátegui,2024-11,SEC,0,0,0,0,0,0,0,0,0
osm:relation:10962003,Municipio Carvajal,Anzoátegui,2024-12,CON,0,0,0,0,0,0,0,0,0
osm:relation:10962003,Municipio Carvajal,Anzoátegui,2024-12,ELM,0,0,0,0,0,0,0,0,0
osm:relation:10962003,Municipio Carvajal,Anzoátegui,2024-12,EXT,0,0,0,0,0,0,0,0,0
osm:relation:10962003,Municipio Carvajal,Anzoátegui,2024-12,MAC,0,0,0,0,0,0,0,0,0
osm:relation:10962003,Municipio Carvajal,Anzoátegui,2024-12,OIL,0,0,0,0,0,0,0,0,0
osm:relation:10962003,Municipio Carvajal,Anzoátegui,2024-12,POL,0,0,0,0,0,0,0,0,0
osm:relation:10962003,Municipio Carvajal,Anzoátegui,2024-12,SAN,0,0,0,0,0,0,0,0,0
osm:relation:10962003,Municipio Carvajal,Anzoátegui,2024-12,SEC,0,0,0,0,0,0,0,0,0
osm:relation:10962003,Municipio Carvajal,Anzoátegui,2025-01,CON,0,0,0,0,0,0,0,0,0
osm:relation:10962003,Municipio Carvajal,Anzoátegui,2025-01,ELM,0,0,0,0,0,0,0,0,0
osm:relation:10962003,Municipio Carvajal,Anzoátegui,2025-01,EXT,0,0,0,0,0,0,0,0,0
osm:relation:10962003,Municipio Carvajal,Anzoátegui,2025-01,MAC,0,0,0,0,0,0,0,0,0
osm:relation:10962003,Municipio Carvajal,Anzoátegui,2025-01,OIL,0,0,0,0,0,0,0,0,0
osm:relation:10962003,Municipio Carvajal,Anzoátegui,2025-01,POL,0,0,0,0,0,0,0,0,0
osm:relation:10962003,Municipio Carvajal,Anzoátegui,2025-01,SAN,0,0,0,0,0,0,0,0,0
osm:relation:10962003,Municipio Carvajal,Anzoátegui,2025-01,SEC,0,0,0,0,0,0,0,0,0
osm:relation:10962003,Municipio Carvajal,Anzoátegui,2025-02,CON,0,0,0,0,0,0,0,0,0
osm:relation:10962003,Municipio Carvajal,Anzoátegui,2025-02,ELM,0,0,0,0,0,0,0,0,0
osm:relation:10962003,Municipio Carvajal,Anzoátegui,2025-02,EXT,0,0,0,0,0,0,0,0,0
osm:relation:10962003,Municipio Carvajal,Anzoátegui,2025-02,MAC,0,0,0,0,0,0,0,0,0
osm:relation:10962003,Municipio Carvajal,Anzoátegui,2025-02,OIL,0,0,0,0,0,0,0,0,0
osm:relation:10962003,Municipio Carvajal,Anzoátegui,2025-02,POL,0,0,0,0,0,0,0,0,0
osm:relation:10962003,Municipio Carvajal,Anzoátegui,2025-02,SAN,0,0,0,0,0,0,0,0,0
osm:relation:10962003,Municipio Carvajal,Anzoátegui,2025-02,SEC,0,0,0,0,0,0,0,0,0
osm:relation:10962003,Municipio Carvajal,Anzoátegui,2025-03,CON,0,0,0,0,0,0,0,0,0
osm:relation:10962003,Municipio Carvajal,Anzoátegui,2025-03,ELM,0,0,0,0,0,0,0,0,0
osm:relation:10962003,Municipio Carvajal,Anzoátegui,2025-03,EXT,0,0,0,0,0,0,0,0,0
osm:relation:10962003,Municipio Carvajal,Anzoátegui,2025-03,MAC,0,0,0,0,0,0,0,0,0
osm:relation:10962003,Municipio Carvajal,Anzoátegui,2025-03,OIL,0,0,0,0,0,0,0,0,0
osm:relation:10962003,Municipio Carvajal,Anzoátegui,2025-03,POL,0,0,0,0,0,0,0,0,0
osm:relation:10962003,Municipio Carvajal,Anzoátegui,2025-03,SAN,0,0,0,0,0,0,0,0,0
osm:relation:10962003,Municipio Carvajal,Anzoátegui,2025-03,SEC,0,0,0,0,0,0,0,0,0
osm:relation:10962003,Municipio Carvajal,Anzoátegui,2025-04,CON,0,0,0,0,0,0,0,0,0
osm:relation:10962003,Municipio Carvajal,Anzoátegui,2025-04,ELM,0,0,0,0,0,0,0,0,0
osm:relation:10962003,Municipio Carvajal,Anzoátegui,2025-04,EXT,0,0,0,0,0,0,0,0,0
osm:relation:10962003,Municipio Carvajal,Anzoátegui,2025-04,MAC,0,0,0,0,0,0,0,0,0
osm:relation:10962003,Municipio Carvajal,Anzoátegui,2025-04,OIL,0,0,0,0,0,0,0,0,0
osm:relation:10962003,Municipio Carvajal,Anzoátegui,2025-04,POL,0,0,0,0,0,0,0,0,0
osm:relation:10962003,Municipio Carvajal,Anzoátegui,2025-04,SAN,0,0,0,0,0,0,0,0,0
osm:relation:10962003,Municipio Carvajal,Anzoátegui,2025-04,SEC,0,0,0,0,0,0,0,0,0
osm:relation:10962003,Municipio Carvajal,Anzoátegui,2025-05,CON,0,0,0,0,0,0,0,0,0
osm:relation:10962003,Municipio Carvajal,Anzoátegui,2025-05,ELM,0,0,0,0,0,0,0,0,0
osm:relation:10962003,Municipio Carvajal,Anzoátegui,2025-05,EXT,0,0,0,0,0,0,0,0,0
osm:relation:10962003,Municipio Carvajal,Anzoátegui,2025-05,MAC,0,0,0,0,0,0,0,0,0
osm:relation:10962003,Municipio Carvajal,Anzoátegui,2025-05,OIL,0,0,0,0,0,0,0,0,0
osm:relation:10962003,Municipio Carvajal,Anzoátegui,2025-05,POL,0,0,0,0,0,0,0,0,0
osm:relation:10962003,Municipio Carvajal,Anzoátegui,2025-05,SAN,0,0,0,0,0,0,0,0,0
osm:relation:10962003,Municipio Carvajal,Anzoátegui,2025-05,SEC,0,0,0,0,0,0,0,0,0
osm:relation:10962003,Municipio Carvajal,Anzoátegui,2025-06,CON,0,0,0,0,0,0,0,0,0
osm:relation:10962003,Municipio Carvajal,Anzoátegui,2025-06,ELM,0,0,0,0,0,0,0,0,0
osm:relation:10962003,Municipio Carvajal,Anzoátegui,2025-06,EXT,0,0,0,0,0,0,0,0,0
osm:relation:10962003,Municipio Carvajal,Anzoátegui,2025-06,MAC,0,0,0,0,0,0,0,0,0
osm:relation:10962003,Municipio Carvajal,Anzoátegui,2025-06,OIL,0,0,0,0,0,0,0,0,0
osm:relation:10962003,Municipio Carvajal,Anzoátegui,2025-06,POL,0,0,0,0,0,0,0,0,0
osm:relation:10962003,Municipio Carvajal,Anzoátegui,2025-06,SAN,0,0,0,0,0,0,0,0,0
osm:relation:10962003,Municipio Carvajal,Anzoátegui,2025-06,SEC,0,0,0,0,0,0,0,0,0
osm:relation:10962003,Municipio Carvajal,Anzoátegui,2025-07,CON,0,0,0,0,0,0,0,0,0
osm:relation:10962003,Municipio Carvajal,Anzoátegui,2025-07,ELM,0,0,0,0,0,0,0,0,0
osm:relation:10962003,Municipio Carvajal,Anzoátegui,2025-07,EXT,0,0,0,0,0,0,0,0,0
osm:relation:10962003,Municipio Carvajal,Anzoátegui,2025-07,MAC,0,0,0,0,0,0,0,0,0
osm:relation:10962003,Municipio Carvajal,Anzoátegui,2025-07,OIL,0,0,0,0,0,0,0,0,0
osm:relation:10962003,Municipio Carvajal,Anzoátegui,2025-07,POL,0,0,0,0,0,0,0,0,0
osm:relation:10962003,Municipio Carvajal,Anzoátegui,2025-07,SAN,0,0,0,0,0,0,0,0,0
osm:relation:10962003,Municipio Carvajal,Anzoátegui,2025-07,SEC,0,0,0,0,0,0,0,0,0
osm:relation:10962003,Municipio Carvajal,Anzoátegui,2025-08,CON,0,0,0,0,0,0,0,0,0
osm:relation:10962003,Municipio Carvajal,Anzoátegui,2025-08,ELM,0,0,0,0,0,0,0,0,0
osm:relation:10962003,Municipio Carvajal,Anzoátegui,2025-08,EXT,0,0,0,0,0,0,0,0,0
osm:relation:10962003,Municipio Carvajal,Anzoátegui,2025-08,MAC,0,0,0,0,0,0,0,0,0
osm:relation:10962003,Municipio Carvajal,Anzoátegui,2025-08,OIL,0,0,0,0,0,0,0,0,0
osm:relation:10962003,Municipio Carvajal,Anzoátegui,2025-08,POL,0,0,0,0,0,0,0,0,0
osm:relation:10962003,Municipio Carvajal,Anzoátegui,2025-08,SAN,0,0,0,0,0,0,0,0,0
osm:relation:10962003,Municipio Carvajal,Anzoátegui,2025-08,SEC,0,0,0,0,0,0,0,0,0
osm:relation:10962003,Municipio Carvajal,Anzoátegui,2025-09,CON,0,0,0,0,0,0,0,0,0
osm:relation:10962003,Municipio Carvajal,Anzoátegui,2025-09,ELM,0,0,0,0,0,0,0,0,0
osm:relation:10962003,Municipio Carvajal,Anzoátegui,2025-09,EXT,0,0,0,0,0,0,0,0,0
osm:relation:10962003,Municipio Carvajal,Anzoátegui,2025-09,MAC,0,0,0,0,0,0,0,0,0
osm:relation:10962003,Municipio Carvajal,Anzoátegui,2025-09,OIL,0,0,0,0,0,0,0,0,0
osm:relation:10962003,Municipio Carvajal,Anzoátegui,2025-09,POL,0,0,0,0,0,0,0,0,0
osm:relation:10962003,Municipio Carvajal,Anzoátegui,2025-09,SAN,0,0,0,0,0,0,0,0,0
osm:relation:10962003,Municipio Carvajal,Anzoátegui,2025-09,SEC,0,0,0,0,0,0,0,0,0
osm:relation:10962003,Municipio Carvajal,Anzoátegui,2025-10,CON,0,0,0,0,0,0,0,0,0
osm:relation:10962003,Municipio Carvajal,Anzoátegui,2025-10,ELM,0,0,0,0,0,0,0,0,0
osm:relation:10962003,Municipio Carvajal,Anzoátegui,2025-10,EXT,0,0,0,0,0,0,0,0,0
osm:relation:10962003,Municipio Carvajal,Anzoátegui,2025-10,MAC,0,0,0,0,0,0,0,0,0
osm:relation:10962003,Municipio Carvajal,Anzoátegui,2025-10,OIL,0,0,0,0,0,0,0,0,0
osm:relation:10962003,Municipio Carvajal,Anzoátegui,2025-10,POL,0,0,0,0,0,0,0,0,0
osm:relation:10962003,Municipio Carvajal,Anzoátegui,2025-10,SAN,0,0,0,0,0,0,0,0,0
osm:relation:10962003,Municipio Carvajal,Anzoátegui,2025-10,SEC,0,0,0,0,0,0,0,0,0
osm:relation:10962003,Municipio Carvajal,Anzoátegui,2025-11,CON,0,0,0,0,0,0,0,0,0
osm:relation:10962003,Municipio Carvajal,Anzoátegui,2025-11,ELM,0,0,0,0,0,0,0,0,0
osm:relation:10962003,Municipio Carvajal,Anzoátegui,2025-11,EXT,0,0,0,0,0,0,0,0,0
osm:relation:10962003,Municipio Carvajal,Anzoátegui,2025-11,MAC,0,0,0,0,0,0,0,0,0
osm:relation:10962003,Municipio Carvajal,Anzoátegui,2025-11,OIL,0,0,0,0,0,0,0,0,0
osm:relation:10962003,Municipio Carvajal,Anzoátegui,2025-11,POL,0,0,0,0,0,0,0,0,0
osm:relation:10962003,Municipio Carvajal,Anzoátegui,2025-11,SAN,0,0,0,0,0,0,0,0,0
osm:relation:10962003,Municipio Carvajal,Anzoátegui,2025-11,SEC,0,0,0,0,0,0,0,0,0
osm:relation:10962003,Municipio Carvajal,Anzoátegui,2025-12,CON,0,0,0,0,0,0,0,0,0
osm:relation:10962003,Municipio Carvajal,Anzoátegui,2025-12,ELM,0,0,0,0,0,0,0,0,0
osm:relation:10962003,Municipio Carvajal,Anzoátegui,2025-12,EXT,0,0,0,0,0,0,0,0,0
osm:relation:10962003,Municipio Carvajal,Anzoátegui,2025-12,MAC,0,0,0,0,0,0,0,0,0
osm:relation:10962003,Municipio Carvajal,Anzoátegui,2025-12,OIL,0,0,0,0,0,0,0,0,0
osm:relation:10962003,Municipio Carvajal,Anzoátegui,2025-12,POL,0,0,0,0,0,0,0,0,0
osm:relation:10962003,Municipio Carvajal,Anzoátegui,2025-12,SAN,0,0,0,0,0,0,0,0,0
osm:relation:10962003,Municipio Carvajal,Anzoátegui,2025-12,SEC,0,0,0,0,0,0,0,0,0
osm:relation:10962003,Municipio Carvajal,Anzoátegui,2026-01,CON,0,0,0,0,0,0,0,0,0
osm:relation:10962003,Municipio Carvajal,Anzoátegui,2026-01,ELM,0,0,0,0,0,0,0,0,0
osm:relation:10962003,Municipio Carvajal,Anzoátegui,2026-01,EXT,0,0,0,0,0,0,0,0,0
osm:relation:10962003,Municipio Carvajal,Anzoátegui,2026-01,MAC,0,0,0,0,0,0,0,0,0
osm:relation:10962003,Municipio Carvajal,Anzoátegui,2026-01,OIL,0,0,0,0,0,0,0,0,0
osm:relation:10962003,Municipio Carvajal,Anzoátegui,2026-01,POL,0,0,0,0,0,0,0,0,0
osm:relation:10962003,Municipio Carvajal,Anzoátegui,2026-01,SAN,0,0,0,0,0,0,0,0,0
osm:relation:10962003,Municipio Carvajal,Anzoátegui,2026-01,SEC,0,0,0,0,0,0,0,0,0
osm:relation:10962003,Municipio Carvajal,Anzoátegui,2026-02,CON,0,0,0,0,0,0,0,0,0
osm:relation:10962003,Municipio Carvajal,Anzoátegui,2026-02,ELM,0,0,0,0,0,0,0,0,0
osm:relation:10962003,Municipio Carvajal,Anzoátegui,2026-02,EXT,0,0,0,0,0,0,0,0,0
osm:relation:10962003,Municipio Carvajal,Anzoátegui,2026-02,MAC,0,0,0,0,0,0,0,0,0
osm:relation:10962003,Municipio Carvajal,Anzoátegui,2026-02,OIL,0,0,0,0,0,0,0,0,0
osm:relation:10962003,Municipio Carvajal,Anzoátegui,2026-02,POL,0,0,0,0,0,0,0,0,0
osm:relation:10962003,Municipio Carvajal,Anzoátegui,2026-02,SAN,0,0,0,0,0,0,0,0,0
osm:relation:10962003,Municipio Carvajal,Anzoátegui,2026-02,SEC,0,0,0,0,0,0,0,0,0
osm:relation:10962003,Municipio Carvajal,Anzoátegui,2026-03,CON,0,0,0,0,0,0,0,0,0
osm:relation:10962003,Municipio Carvajal,Anzoátegui,2026-03,ELM,0,0,0,0,0,0,0,0,0
osm:relation:10962003,Municipio Carvajal,Anzoátegui,2026-03,EXT,0,0,0,0,0,0,0,0,0
osm:relation:10962003,Municipio Carvajal,Anzoátegui,2026-03,MAC,0,0,0,0,0,0,0,0,0
osm:relation:10962003,Municipio Carvajal,Anzoátegui,2026-03,OIL,0,0,0,0,0,0,0,0,0
osm:relation:10962003,Municipio Carvajal,Anzoátegui,2026-03,POL,0,0,0,0,0,0,0,0,0
osm:relation:10962003,Municipio Carvajal,Anzoátegui,2026-03,SAN,0,0,0,0,0,0,0,0,0
osm:relation:10962003,Municipio Carvajal,Anzoátegui,2026-03,SEC,0,0,0,0,0,0,0,0,0
osm:relation:10962003,Municipio Carvajal,Anzoátegui,2026-04,CON,0,0,0,0,0,0,0,0,0
osm:relation:10962003,Municipio Carvajal,Anzoátegui,2026-04,ELM,0,0,0,0,0,0,0,0,0
osm:relation:10962003,Municipio Carvajal,Anzoátegui,2026-04,EXT,0,0,0,0,0,0,0,0,0
osm:relation:10962003,Municipio Carvajal,Anzoátegui,2026-04,MAC,0,0,0,0,0,0,0,0,0
osm:relation:10962003,Municipio Carvajal,Anzoátegui,2026-04,OIL,0,0,0,0,0,0,0,0,0
osm:relation:10962003,Municipio Carvajal,Anzoátegui,2026-04,POL,0,0,0,0,0,0,0,0,0
osm:relation:10962003,Municipio Carvajal,Anzoátegui,2026-04,SAN,0,0,0,0,0,0,0,0,0
osm:relation:10962003,Municipio Carvajal,Anzoátegui,2026-04,SEC,0,0,0,0,0,0,0,0,0
osm:relation:10962003,Municipio Carvajal,Anzoátegui,2026-05,CON,0,0,0,0,0,0,0,0,0
osm:relation:10962003,Municipio Carvajal,Anzoátegui,2026-05,ELM,0,0,0,0,0,0,0,0,0
osm:relation:10962003,Municipio Carvajal,Anzoátegui,2026-05,EXT,0,0,0,0,0,0,0,0,0
osm:relation:10962003,Municipio Carvajal,Anzoátegui,2026-05,MAC,0,0,0,0,0,0,0,0,0
osm:relation:10962003,Municipio Carvajal,Anzoátegui,2026-05,OIL,0,0,0,0,0,0,0,0,0
osm:relation:10962003,Municipio Carvajal,Anzoátegui,2026-05,POL,0,0,0,0,0,0,0,0,0
osm:relation:10962003,Municipio Carvajal,Anzoátegui,2026-05,SAN,0,0,0,0,0,0,0,0,0
osm:relation:10962003,Municipio Carvajal,Anzoátegui,2026-05,SEC,0,0,0,0,0,0,0,0,0
osm:relation:10962003,Municipio Carvajal,Anzoátegui,2026-06,CON,0,0,0,0,0,0,0,0,0
osm:relation:10962003,Municipio Carvajal,Anzoátegui,2026-06,ELM,0,0,0,0,0,0,0,0,0
osm:relation:10962003,Municipio Carvajal,Anzoátegui,2026-06,EXT,0,0,0,0,0,0,0,0,0
osm:relation:10962003,Municipio Carvajal,Anzoátegui,2026-06,MAC,0,0,0,0,0,0,0,0,0
osm:relation:10962003,Municipio Carvajal,Anzoátegui,2026-06,OIL,0,0,0,0,0,0,0,0,0
osm:relation:10962003,Municipio Carvajal,Anzoátegui,2026-06,POL,0,0,0,0,0,0,0,0,0
osm:relation:10962003,Municipio Carvajal,Anzoátegui,2026-06,SAN,0,0,0,0,0,0,0,0,0
osm:relation:10962003,Municipio Carvajal,Anzoátegui,2026-06,SEC,0,0,0,0,0,0,0,0,0
osm:relation:10962003,Municipio Carvajal,Anzoátegui,2026-07,CON,0,0,0,0,0,0,0,0,0
osm:relation:10962003,Municipio Carvajal,Anzoátegui,2026-07,ELM,0,0,0,0,0,0,0,0,0
osm:relation:10962003,Municipio Carvajal,Anzoátegui,2026-07,EXT,0,0,0,0,0,0,0,0,0
osm:relation:10962003,Municipio Carvajal,Anzoátegui,2026-07,MAC,0,0,0,0,0,0,0,0,0
osm:relation:10962003,Municipio Carvajal,Anzoátegui,2026-07,OIL,0,0,0,0,0,0,0,0,0
osm:relation:10962003,Municipio Carvajal,Anzoátegui,2026-07,POL,0,0,0,0,0,0,0,0,0
osm:relation:10962003,Municipio Carvajal,Anzoátegui,2026-07,SAN,0,0,0,0,0,0,0,0,0
osm:relation:10962003,Municipio Carvajal,Anzoátegui,2026-07,SEC,0,0,0,0,0,0,0,0,0
osm:relation:10962003,Municipio Carvajal,Anzoátegui,2026-08,CON,0,0,0,0,0,0,0,0,0
osm:relation:10962003,Municipio Carvajal,Anzoátegui,2026-08,ELM,0,0,0,0,0,0,0,0,0
osm:relation:10962003,Municipio Carvajal,Anzoátegui,2026-08,EXT,0,0,0,0,0,0,0,0,0
osm:relation:10962003,Municipio Carvajal,Anzoátegui,2026-08,MAC,0,0,0,0,0,0,0,0,0
osm:relation:10962003,Municipio Carvajal,Anzoátegui,2026-08,OIL,0,0,0,0,0,0,0,0,0
osm:relation:10962003,Municipio Carvajal,Anzoátegui,2026-08,POL,0,0,0,0,0,0,0,0,0
osm:relation:10962003,Municipio Carvajal,Anzoátegui,2026-08,SAN,0,0,0,0,0,0,0,0,0
osm:relation:10962003,Municipio Carvajal,Anzoátegui,2026-08,SEC,0,0,0,0,0,0,0,0,0
osm:relation:10962003,Municipio Carvajal,Anzoátegui,2026-09,CON,0,0,0,0,0,0,0,0,0
osm:relation:10962003,Municipio Carvajal,Anzoátegui,2026-09,ELM,0,0,0,0,0,0,0,0,0
osm:relation:10962003,Municipio Carvajal,Anzoátegui,2026-09,EXT,0,0,0,0,0,0,0,0,0
osm:relation:10962003,Municipio Carvajal,Anzoátegui,2026-09,MAC,0,0,0,0,0,0,0,0,0
osm:relation:10962003,Municipio Carvajal,Anzoátegui,2026-09,OIL,0,0,0,0,0,0,0,0,0
osm:relation:10962003,Municipio Carvajal,Anzoátegui,2026-09,POL,0,0,0,0,0,0,0,0,0
osm:relation:10962003,Municipio Carvajal,Anzoátegui,2026-09,SAN,0,0,0,0,0,0,0,0,0
osm:relation:10962003,Municipio Carvajal,Anzoátegui,2026-09,SEC,0,0,0,0,0,0,0,0,0
osm:relation:10962004,Municipio Cajigal,Anzoátegui,2024-09,CON,0,0,0,0,0,0,0,0,0
osm:relation:10962004,Municipio Cajigal,Anzoátegui,2024-09,ELM,0,0,0,0,0,0,0,0,0
osm:relation:10962004,Municipio Cajigal,Anzoátegui,2024-09,EXT,0,0,0,0,0,0,0,0,0
osm:relation:10962004,Municipio Cajigal,Anzoátegui,2024-09,MAC,0,0,0,0,0,0,0,0,0
osm:relation:10962004,Municipio Cajigal,Anzoátegui,2024-09,OIL,0,0,0,0,0,0,0,0,0
osm:relation:10962004,Municipio Cajigal,Anzoátegui,2024-09,POL,0,0,0,0,0,0,0,0,0
osm:relation:10962004,Municipio Cajigal,Anzoátegui,2024-09,SAN,0,0,0,0,0,0,0,0,0
osm:relation:10962004,Municipio Cajigal,Anzoátegui,2024-09,SEC,0,0,0,0,0,0,0,0,0
osm:relation:10962004,Municipio Cajigal,Anzoátegui,2024-10,CON,0,0,0,0,0,0,0,0,0
osm:relation:10962004,Municipio Cajigal,Anzoátegui,2024-10,ELM,0,0,0,0,0,0,0,0,0
osm:relation:10962004,Municipio Cajigal,Anzoátegui,2024-10,EXT,0,0,0,0,0,0,0,0,0
osm:relation:10962004,Municipio Cajigal,Anzoátegui,2024-10,MAC,0,0,0,0,0,0,0,0,0
osm:relation:10962004,Municipio Cajigal,Anzoátegui,2024-10,OIL,0,0,0,0,0,0,0,0,0
osm:relation:10962004,Municipio Cajigal,Anzoátegui,2024-10,POL,0,0,0,0,0,0,0,0,0
osm:relation:10962004,Municipio Cajigal,Anzoátegui,2024-10,SAN,0,0,0,0,0,0,0,0,0
osm:relation:10962004,Municipio Cajigal,Anzoátegui,2024-10,SEC,0,0,0,0,0,0,0,0,0
osm:relation:10962004,Municipio Cajigal,Anzoátegui,2024-11,CON,0,0,0,0,0,0,0,0,0
osm:relation:10962004,Municipio Cajigal,Anzoátegui,2024-11,ELM,0,0,0,0,0,0,0,0,0
osm:relation:10962004,Municipio Cajigal,Anzoátegui,2024-11,EXT,0,0,0,0,0,0,0,0,0
osm:relation:10962004,Municipio Cajigal,Anzoátegui,2024-11,MAC,0,0,0,0,0,0,0,0,0
osm:relation:10962004,Municipio Cajigal,Anzoátegui,2024-11,OIL,0,0,0,0,0,0,0,0,0
osm:relation:10962004,Municipio Cajigal,Anzoátegui,2024-11,POL,0,0,0,0,0,0,0,0,0
osm:relation:10962004,Municipio Cajigal,Anzoátegui,2024-11,SAN,0,0,0,0,0,0,0,0,0
osm:relation:10962004,Municipio Cajigal,Anzoátegui,2024-11,SEC,0,0,0,0,0,0,0,0,0
osm:relation:10962004,Municipio Cajigal,Anzoátegui,2024-12,CON,0,0,0,0,0,0,0,0,0
osm:relation:10962004,Municipio Cajigal,Anzoátegui,2024-12,ELM,0,0,0,0,0,0,0,0,0
osm:relation:10962004,Municipio Cajigal,Anzoátegui,2024-12,EXT,0,0,0,0,0,0,0,0,0
osm:relation:10962004,Municipio Cajigal,Anzoátegui,2024-12,MAC,0,0,0,0,0,0,0,0,0
osm:relation:10962004,Municipio Cajigal,Anzoátegui,2024-12,OIL,0,0,0,0,0,0,0,0,0
osm:relation:10962004,Municipio Cajigal,Anzoátegui,2024-12,POL,0,0,0,0,0,0,0,0,0
osm:relation:10962004,Municipio Cajigal,Anzoátegui,2024-12,SAN,0,0,0,0,0,0,0,0,0
osm:relation:10962004,Municipio Cajigal,Anzoátegui,2024-12,SEC,0,0,0,0,0,0,0,0,0
osm:relation:10962004,Municipio Cajigal,Anzoátegui,2025-01,CON,0,0,0,0,0,0,0,0,0
osm:relation:10962004,Municipio Cajigal,Anzoátegui,2025-01,ELM,0,0,0,0,0,0,0,0,0
osm:relation:10962004,Municipio Cajigal,Anzoátegui,2025-01,EXT,0,0,0,0,0,0,0,0,0
osm:relation:10962004,Municipio Cajigal,Anzoátegui,2025-01,MAC,0,0,0,0,0,0,0,0,0
osm:relation:10962004,Municipio Cajigal,Anzoátegui,2025-01,OIL,0,0,0,0,0,0,0,0,0
osm:relation:10962004,Municipio Cajigal,Anzoátegui,2025-01,POL,0,0,0,0,0,0,0,0,0
osm:relation:10962004,Municipio Cajigal,Anzoátegui,2025-01,SAN,0,0,0,0,0,0,0,0,0
osm:relation:10962004,Municipio Cajigal,Anzoátegui,2025-01,SEC,0,0,0,0,0,0,0,0,0
osm:relation:10962004,Municipio Cajigal,Anzoátegui,2025-02,CON,0,0,0,0,0,0,0,0,0
osm:relation:10962004,Municipio Cajigal,Anzoátegui,2025-02,ELM,0,0,0,0,0,0,0,0,0
osm:relation:10962004,Municipio Cajigal,Anzoátegui,2025-02,EXT,0,0,0,0,0,0,0,0,0
osm:relation:10962004,Municipio Cajigal,Anzoátegui,2025-02,MAC,0,0,0,0,0,0,0,0,0
osm:relation:10962004,Municipio Cajigal,Anzoátegui,2025-02,OIL,0,0,0,0,0,0,0,0,0
osm:relation:10962004,Municipio Cajigal,Anzoátegui,2025-02,POL,0,0,0,0,0,0,0,0,0
osm:relation:10962004,Municipio Cajigal,Anzoátegui,2025-02,SAN,0,0,0,0,0,0,0,0,0
osm:relation:10962004,Municipio Cajigal,Anzoátegui,2025-02,SEC,0,0,0,0,0,0,0,0,0
osm:relation:10962004,Municipio Cajigal,Anzoátegui,2025-03,CON,0,0,0,0,0,0,0,0,0
osm:relation:10962004,Municipio Cajigal,Anzoátegui,2025-03,ELM,0,0,0,0,0,0,0,0,0
osm:relation:10962004,Municipio Cajigal,Anzoátegui,2025-03,EXT,0,0,0,0,0,0,0,0,0
osm:relation:10962004,Municipio Cajigal,Anzoátegui,2025-03,MAC,0,0,0,0,0,0,0,0,0
osm:relation:10962004,Municipio Cajigal,Anzoátegui,2025-03,OIL,0,0,0,0,0,0,0,0,0
osm:relation:10962004,Municipio Cajigal,Anzoátegui,2025-03,POL,0,0,0,0,0,0,0,0,0
osm:relation:10962004,Municipio Cajigal,Anzoátegui,2025-03,SAN,0,0,0,0,0,0,0,0,0
osm:relation:10962004,Municipio Cajigal,Anzoátegui,2025-03,SEC,0,0,0,0,0,0,0,0,0
osm:relation:10962004,Municipio Cajigal,Anzoátegui,2025-04,CON,0,0,0,0,0,0,0,0,0
osm:relation:10962004,Municipio Cajigal,Anzoátegui,2025-04,ELM,0,0,0,0,0,0,0,0,0
osm:relation:10962004,Municipio Cajigal,Anzoátegui,2025-04,EXT,0,0,0,0,0,0,0,0,0
osm:relation:10962004,Municipio Cajigal,Anzoátegui,2025-04,MAC,0,0,0,0,0,0,0,0,0
osm:relation:10962004,Municipio Cajigal,Anzoátegui,2025-04,OIL,0,0,0,0,0,0,0,0,0
osm:relation:10962004,Municipio Cajigal,Anzoátegui,2025-04,POL,0,0,0,0,0,0,0,0,0
osm:relation:10962004,Municipio Cajigal,Anzoátegui,2025-04,SAN,0,0,0,0,0,0,0,0,0
osm:relation:10962004,Municipio Cajigal,Anzoátegui,2025-04,SEC,0,0,0,0,0,0,0,0,0
osm:relation:10962004,Municipio Cajigal,Anzoátegui,2025-05,CON,0,0,0,0,0,0,0,0,0
osm:relation:10962004,Municipio Cajigal,Anzoátegui,2025-05,ELM,0,0,0,0,0,0,0,0,0
osm:relation:10962004,Municipio Cajigal,Anzoátegui,2025-05,EXT,0,0,0,0,0,0,0,0,0
osm:relation:10962004,Municipio Cajigal,Anzoátegui,2025-05,MAC,0,0,0,0,0,0,0,0,0
osm:relation:10962004,Municipio Cajigal,Anzoátegui,2025-05,OIL,0,0,0,0,0,0,0,0,0
osm:relation:10962004,Municipio Cajigal,Anzoátegui,2025-05,POL,0,0,0,0,0,0,0,0,0
osm:relation:10962004,Municipio Cajigal,Anzoátegui,2025-05,SAN,0,0,0,0,0,0,0,0,0
osm:relation:10962004,Municipio Cajigal,Anzoátegui,2025-05,SEC,0,0,0,0,0,0,0,0,0
osm:relation:10962004,Municipio Cajigal,Anzoátegui,2025-06,CON,0,0,0,0,0,0,0,0,0
osm:relation:10962004,Municipio Cajigal,Anzoátegui,2025-06,ELM,0,0,0,0,0,0,0,0,0
osm:relation:10962004,Municipio Cajigal,Anzoátegui,2025-06,EXT,0,0,0,0,0,0,0,0,0
osm:relation:10962004,Municipio Cajigal,Anzoátegui,2025-06,MAC,0,0,0,0,0,0,0,0,0
osm:relation:10962004,Municipio Cajigal,Anzoátegui,2025-06,OIL,0,0,0,0,0,0,0,0,0
osm:relation:10962004,Municipio Cajigal,Anzoátegui,2025-06,POL,0,0,0,0,0,0,0,0,0
osm:relation:10962004,Municipio Cajigal,Anzoátegui,2025-06,SAN,0,0,0,0,0,0,0,0,0
osm:relation:10962004,Municipio Cajigal,Anzoátegui,2025-06,SEC,0,0,0,0,0,0,0,0,0
osm:relation:10962004,Municipio Cajigal,Anzoátegui,2025-07,CON,0,0,0,0,0,0,0,0,0
osm:relation:10962004,Municipio Cajigal,Anzoátegui,2025-07,ELM,0,0,0,0,0,0,0,0,0
osm:relation:10962004,Municipio Cajigal,Anzoátegui,2025-07,EXT,0,0,0,0,0,0,0,0,0
osm:relation:10962004,Municipio Cajigal,Anzoátegui,2025-07,MAC,0,0,0,0,0,0,0,0,0
osm:relation:10962004,Municipio Cajigal,Anzoátegui,2025-07,OIL,0,0,0,0,0,0,0,0,0
osm:relation:10962004,Municipio Cajigal,Anzoátegui,2025-07,POL,0,0,0,0,0,0,0,0,0
osm:relation:10962004,Municipio Cajigal,Anzoátegui,2025-07,SAN,0,0,0,0,0,0,0,0,0
osm:relation:10962004,Municipio Cajigal,Anzoátegui,2025-07,SEC,0,0,0,0,0,0,0,0,0
osm:relation:10962004,Municipio Cajigal,Anzoátegui,2025-08,CON,0,0,0,0,0,0,0,0,0
osm:relation:10962004,Municipio Cajigal,Anzoátegui,2025-08,ELM,0,0,0,0,0,0,0,0,0
osm:relation:10962004,Municipio Cajigal,Anzoátegui,2025-08,EXT,0,0,0,0,0,0,0,0,0
osm:relation:10962004,Municipio Cajigal,Anzoátegui,2025-08,MAC,0,0,0,0,0,0,0,0,0
osm:relation:10962004,Municipio Cajigal,Anzoátegui,2025-08,OIL,0,0,0,0,0,0,0,0,0
osm:relation:10962004,Municipio Cajigal,Anzoátegui,2025-08,POL,0,0,0,0,0,0,0,0,0
osm:relation:10962004,Municipio Cajigal,Anzoátegui,2025-08,SAN,0,0,0,0,0,0,0,0,0
osm:relation:10962004,Municipio Cajigal,Anzoátegui,2025-08,SEC,0,0,0,0,0,0,0,0,0
osm:relation:10962004,Municipio Cajigal,Anzoátegui,2025-09,CON,0,0,0,0,0,0,0,0,0
osm:relation:10962004,Municipio Cajigal,Anzoátegui,2025-09,ELM,0,0,0,0,0,0,0,0,0
osm:relation:10962004,Municipio Cajigal,Anzoátegui,2025-09,EXT,0,0,0,0,0,0,0,0,0
osm:relation:10962004,Municipio Cajigal,Anzoátegui,2025-09,MAC,0,0,0,0,0,0,0,0,0
osm:relation:10962004,Municipio Cajigal,Anzoátegui,2025-09,OIL,0,0,0,0,0,0,0,0,0
osm:relation:10962004,Municipio Cajigal,Anzoátegui,2025-09,POL,0,0,0,0,0,0,0,0,0
osm:relation:10962004,Municipio Cajigal,Anzoátegui,2025-09,SAN,0,0,0,0,0,0,0,0,0
osm:relation:10962004,Municipio Cajigal,Anzoátegui,2025-09,SEC,0,0,0,0,0,0,0,0,0
osm:relation:10962004,Municipio Cajigal,Anzoátegui,2025-10,CON,0,0,0,0,0,0,0,0,0
osm:relation:10962004,Municipio Cajigal,Anzoátegui,2025-10,ELM,0,0,0,0,0,0,0,0,0
osm:relation:10962004,Municipio Cajigal,Anzoátegui,2025-10,EXT,0,0,0,0,0,0,0,0,0
osm:relation:10962004,Municipio Cajigal,Anzoátegui,2025-10,MAC,0,0,0,0,0,0,0,0,0
osm:relation:10962004,Municipio Cajigal,Anzoátegui,2025-10,OIL,0,0,0,0,0,0,0,0,0
osm:relation:10962004,Municipio Cajigal,Anzoátegui,2025-10,POL,0,0,0,0,0,0,0,0,0
osm:relation:10962004,Municipio Cajigal,Anzoátegui,2025-10,SAN,0,0,0,0,0,0,0,0,0
osm:relation:10962004,Municipio Cajigal,Anzoátegui,2025-10,SEC,0,0,0,0,0,0,0,0,0
osm:relation:10962004,Municipio Cajigal,Anzoátegui,2025-11,CON,0,0,0,0,0,0,0,0,0
osm:relation:10962004,Municipio Cajigal,Anzoátegui,2025-11,ELM,0,0,0,0,0,0,0,0,0
osm:relation:10962004,Municipio Cajigal,Anzoátegui,2025-11,EXT,0,0,0,0,0,0,0,0,0
osm:relation:10962004,Municipio Cajigal,Anzoátegui,2025-11,MAC,0,0,0,0,0,0,0,0,0
osm:relation:10962004,Municipio Cajigal,Anzoátegui,2025-11,OIL,0,0,0,0,0,0,0,0,0
osm:relation:10962004,Municipio Cajigal,Anzoátegui,2025-11,POL,0,0,0,0,0,0,0,0,0
osm:relation:10962004,Municipio Cajigal,Anzoátegui,2025-11,SAN,0,0,0,0,0,0,0,0,0
osm:relation:10962004,Municipio Cajigal,Anzoátegui,2025-11,SEC,0,0,0,0,0,0,0,0,0
osm:relation:10962004,Municipio Cajigal,Anzoátegui,2025-12,CON,0,0,0,0,0,0,0,0,0
osm:relation:10962004,Municipio Cajigal,Anzoátegui,2025-12,ELM,0,0,0,0,0,0,0,0,0
osm:relation:10962004,Municipio Cajigal,Anzoátegui,2025-12,EXT,0,0,0,0,0,0,0,0,0
osm:relation:10962004,Municipio Cajigal,Anzoátegui,2025-12,MAC,0,0,0,0,0,0,0,0,0
osm:relation:10962004,Municipio Cajigal,Anzoátegui,2025-12,OIL,0,0,0,0,0,0,0,0,0
osm:relation:10962004,Municipio Cajigal,Anzoátegui,2025-12,POL,0,0,0,0,0,0,0,0,0
osm:relation:10962004,Municipio Cajigal,Anzoátegui,2025-12,SAN,0,0,0,0,0,0,0,0,0
osm:relation:10962004,Municipio Cajigal,Anzoátegui,2025-12,SEC,0,0,0,0,0,0,0,0,0
osm:relation:10962004,Municipio Cajigal,Anzoátegui,2026-01,CON,0,0,0,0,0,0,0,0,0
osm:relation:10962004,Municipio Cajigal,Anzoátegui,2026-01,ELM,0,0,0,0,0,0,0,0,0
osm:relation:10962004,Municipio Cajigal,Anzoátegui,2026-01,EXT,0,0,0,0,0,0,0,0,0
osm:relation:10962004,Municipio Cajigal,Anzoátegui,2026-01,MAC,0,0,0,0,0,0,0,0,0
osm:relation:10962004,Municipio Cajigal,Anzoátegui,2026-01,OIL,0,0,0,0,0,0,0,0,0
osm:relation:10962004,Municipio Cajigal,Anzoátegui,2026-01,POL,0,0,0,0,0,0,0,0,0
osm:relation:10962004,Municipio Cajigal,Anzoátegui,2026-01,SAN,0,0,0,0,0,0,0,0,0
osm:relation:10962004,Municipio Cajigal,Anzoátegui,2026-01,SEC,0,0,0,0,0,0,0,0,0
osm:relation:10962004,Municipio Cajigal,Anzoátegui,2026-02,CON,0,0,0,0,0,0,0,0,0
osm:relation:10962004,Municipio Cajigal,Anzoátegui,2026-02,ELM,0,0,0,0,0,0,0,0,0
osm:relation:10962004,Municipio Cajigal,Anzoátegui,2026-02,EXT,0,0,0,0,0,0,0,0,0
osm:relation:10962004,Municipio Cajigal,Anzoátegui,2026-02,MAC,0,0,0,0,0,0,0,0,0
osm:relation:10962004,Municipio Cajigal,Anzoátegui,2026-02,OIL,0,0,0,0,0,0,0,0,0
osm:relation:10962004,Municipio Cajigal,Anzoátegui,2026-02,POL,0,0,0,0,0,0,0,0,0
osm:relation:10962004,Municipio Cajigal,Anzoátegui,2026-02,SAN,0,0,0,0,0,0,0,0,0
osm:relation:10962004,Municipio Cajigal,Anzoátegui,2026-02,SEC,0,0,0,0,0,0,0,0,0
osm:relation:10962004,Municipio Cajigal,Anzoátegui,2026-03,CON,0,0,0,0,0,0,0,0,0
osm:relation:10962004,Municipio Cajigal,Anzoátegui,2026-03,ELM,0,0,0,0,0,0,0,0,0
osm:relation:10962004,Municipio Cajigal,Anzoátegui,2026-03,EXT,0,0,0,0,0,0,0,0,0
osm:relation:10962004,Municipio Cajigal,Anzoátegui,2026-03,MAC,0,0,0,0,0,0,0,0,0
osm:relation:10962004,Municipio Cajigal,Anzoátegui,2026-03,OIL,0,0,0,0,0,0,0,0,0
osm:relation:10962004,Municipio Cajigal,Anzoátegui,2026-03,POL,0,0,0,0,0,0,0,0,0
osm:relation:10962004,Municipio Cajigal,Anzoátegui,2026-03,SAN,0,0,0,0,0,0,0,0,0
osm:relation:10962004,Municipio Cajigal,Anzoátegui,2026-03,SEC,0,0,0,0,0,0,0,0,0
osm:relation:10962004,Municipio Cajigal,Anzoátegui,2026-04,CON,0,0,0,0,0,0,0,0,0
osm:relation:10962004,Municipio Cajigal,Anzoátegui,2026-04,ELM,0,0,0,0,0,0,0,0,0
osm:relation:10962004,Municipio Cajigal,Anzoátegui,2026-04,EXT,0,0,0,0,0,0,0,0,0
osm:relation:10962004,Municipio Cajigal,Anzoátegui,2026-04,MAC,0,0,0,0,0,0,0,0,0
osm:relation:10962004,Municipio Cajigal,Anzoátegui,2026-04,OIL,0,0,0,0,0,0,0,0,0
osm:relation:10962004,Municipio Cajigal,Anzoátegui,2026-04,POL,0,0,0,0,0,0,0,0,0
osm:relation:10962004,Municipio Cajigal,Anzoátegui,2026-04,SAN,0,0,0,0,0,0,0,0,0
osm:relation:10962004,Municipio Cajigal,Anzoátegui,2026-04,SEC,0,0,0,0,0,0,0,0,0
osm:relation:10962004,Municipio Cajigal,Anzoátegui,2026-05,CON,0,0,0,0,0,0,0,0,0
osm:relation:10962004,Municipio Cajigal,Anzoátegui,2026-05,ELM,0,0,0,0,0,0,0,0,0
osm:relation:10962004,Municipio Cajigal,Anzoátegui,2026-05,EXT,0,0,0,0,0,0,0,0,0
osm:relation:10962004,Municipio Cajigal,Anzoátegui,2026-05,MAC,0,0,0,0,0,0,0,0,0
osm:relation:10962004,Municipio Cajigal,Anzoátegui,2026-05,OIL,0,0,0,0,0,0,0,0,0
osm:relation:10962004,Municipio Cajigal,Anzoátegui,2026-05,POL,0,0,0,0,0,0,0,0,0
osm:relation:10962004,Municipio Cajigal,Anzoátegui,2026-05,SAN,0,0,0,0,0,0,0,0,0
osm:relation:10962004,Municipio Cajigal,Anzoátegui,2026-05,SEC,0,0,0,0,0,0,0,0,0
osm:relation:10962004,Municipio Cajigal,Anzoátegui,2026-06,CON,0,0,0,0,0,0,0,0,0
osm:relation:10962004,Municipio Cajigal,Anzoátegui,2026-06,ELM,0,0,0,0,0,0,0,0,0
osm:relation:10962004,Municipio Cajigal,Anzoátegui,2026-06,EXT,0,0,0,0,0,0,0,0,0
osm:relation:10962004,Municipio Cajigal,Anzoátegui,2026-06,MAC,0,0,0,0,0,0,0,0,0
osm:relation:10962004,Municipio Cajigal,Anzoátegui,2026-06,OIL,0,0,0,0,0,0,0,0,0
osm:relation:10962004,Municipio Cajigal,Anzoátegui,2026-06,POL,0,0,0,0,0,0,0,0,0
osm:relation:10962004,Municipio Cajigal,Anzoátegui,2026-06,SAN,0,0,0,0,0,0,0,0,0
osm:relation:10962004,Municipio Cajigal,Anzoátegui,2026-06,SEC,0,0,0,0,0,0,0,0,0
osm:relation:10962004,Municipio Cajigal,Anzoátegui,2026-07,CON,0,0,0,0,0,0,0,0,0
osm:relation:10962004,Municipio Cajigal,Anzoátegui,2026-07,ELM,0,0,0,0,0,0,0,0,0
osm:relation:10962004,Municipio Cajigal,Anzoátegui,2026-07,EXT,0,0,0,0,0,0,0,0,0
osm:relation:10962004,Municipio Cajigal,Anzoátegui,2026-07,MAC,0,0,0,0,0,0,0,0,0
osm:relation:10962004,Municipio Cajigal,Anzoátegui,2026-07,OIL,0,0,0,0,0,0,0,0,0
osm:relation:10962004,Municipio Cajigal,Anzoátegui,2026-07,POL,0,0,0,0,0,0,0,0,0
osm:relation:10962004,Municipio Cajigal,Anzoátegui,2026-07,SAN,0,0,0,0,0,0,0,0,0
osm:relation:10962004,Municipio Cajigal,Anzoátegui,2026-07,SEC,0,0,0,0,0,0,0,0,0
osm:relation:10962004,Municipio Cajigal,Anzoátegui,2026-08,CON,0,0,0,0,0,0,0,0,0
osm:relation:10962004,Municipio Cajigal,Anzoátegui,2026-08,ELM,0,0,0,0,0,0,0,0,0
osm:relation:10962004,Municipio Cajigal,Anzoátegui,2026-08,EXT,0,0,0,0,0,0,0,0,0
osm:relation:10962004,Municipio Cajigal,Anzoátegui,2026-08,MAC,0,0,0,0,0,0,0,0,0
osm:relation:10962004,Municipio Cajigal,Anzoátegui,2026-08,OIL,0,0,0,0,0,0,0,0,0
osm:relation:10962004,Municipio Cajigal,Anzoátegui,2026-08,POL,0,0,0,0,0,0,0,0,0
osm:relation:10962004,Municipio Cajigal,Anzoátegui,2026-08,SAN,0,0,0,0,0,0,0,0,0
osm:relation:10962004,Municipio Cajigal,Anzoátegui,2026-08,SEC,0,0,0,0,0,0,0,0,0
osm:relation:10962004,Municipio Cajigal,Anzoátegui,2026-09,CON,0,0,0,0,0,0,0,0,0
osm:relation:10962004,Municipio Cajigal,Anzoátegui,2026-09,ELM,0,0,0,0,0,0,0,0,0
osm:relation:10962004,Municipio Cajigal,Anzoátegui,2026-09,EXT,0,0,0,0,0,0,0,0,0
osm:relation:10962004,Municipio Cajigal,Anzoátegui,2026-09,MAC,0,0,0,0,0,0,0,0,0
osm:relation:10962004,Municipio Cajigal,Anzoátegui,2026-09,OIL,0,0,0,0,0,0,0,0,0
osm:relation:10962004,Municipio Cajigal,Anzoátegui,2026-09,POL,0,0,0,0,0,0,0,0,0
osm:relation:10962004,Municipio Cajigal,Anzoátegui,2026-09,SAN,0,0,0,0,0,0,0,0,0
osm:relation:10962004,Municipio Cajigal,Anzoátegui,2026-09,SEC,0,0,0,0,0,0,0,0,0
osm:relation:10962005,Municipio McGregor,Anzoátegui,2024-09,CON,0,0,0,0,0,0,0,0,0
osm:relation:10962005,Municipio McGregor,Anzoátegui,2024-09,ELM,0,0,0,0,0,0,0,0,0
osm:relation:10962005,Municipio McGregor,Anzoátegui,2024-09,EXT,0,0,0,0,0,0,0,0,0
osm:relation:10962005,Municipio McGregor,Anzoátegui,2024-09,MAC,0,0,0,0,0,0,0,0,0
osm:relation:10962005,Municipio McGregor,Anzoátegui,2024-09,OIL,0,0,0,0,0,0,0,0,0
osm:relation:10962005,Municipio McGregor,Anzoátegui,2024-09,POL,0,0,0,0,0,0,0,0,0
osm:relation:10962005,Municipio McGregor,Anzoátegui,2024-09,SAN,0,0,0,0,0,0,0,0,0
osm:relation:10962005,Municipio McGregor,Anzoátegui,2024-09,SEC,0,0,0,0,0,0,0,0,0
osm:relation:10962005,Municipio McGregor,Anzoátegui,2024-10,CON,0,0,0,0,0,0,0,0,0
osm:relation:10962005,Municipio McGregor,Anzoátegui,2024-10,ELM,0,0,0,0,0,0,0,0,0
osm:relation:10962005,Municipio McGregor,Anzoátegui,2024-10,EXT,0,0,0,0,0,0,0,0,0
osm:relation:10962005,Municipio McGregor,Anzoátegui,2024-10,MAC,0,0,0,0,0,0,0,0,0
osm:relation:10962005,Municipio McGregor,Anzoátegui,2024-10,OIL,0,0,0,0,0,0,0,0,0
osm:relation:10962005,Municipio McGregor,Anzoátegui,2024-10,POL,0,0,0,0,0,0,0,0,0
osm:relation:10962005,Municipio McGregor,Anzoátegui,2024-10,SAN,0,0,0,0,0,0,0,0,0
osm:relation:10962005,Municipio McGregor,Anzoátegui,2024-10,SEC,0,0,0,0,0,0,0,0,0
osm:relation:10962005,Municipio McGregor,Anzoátegui,2024-11,CON,0,0,0,0,0,0,0,0,0
osm:relation:10962005,Municipio McGregor,Anzoátegui,2024-11,ELM,0,0,0,0,0,0,0,0,0
osm:relation:10962005,Municipio McGregor,Anzoátegui,2024-11,EXT,0,0,0,0,0,0,0,0,0
osm:relation:10962005,Municipio McGregor,Anzoátegui,2024-11,MAC,0,0,0,0,0,0,0,0,0
osm:relation:10962005,Municipio McGregor,Anzoátegui,2024-11,OIL,0,0,0,0,0,0,0,0,0
osm:relation:10962005,Municipio McGregor,Anzoátegui,2024-11,POL,0,0,0,0,0,0,0,0,0
osm:relation:10962005,Municipio McGregor,Anzoátegui,2024-11,SAN,0,0,0,0,0,0,0,0,0
osm:relation:10962005,Municipio McGregor,Anzoátegui,2024-11,SEC,0,0,0,0,0,0,0,0,0
osm:relation:10962005,Municipio McGregor,Anzoátegui,2024-12,CON,0,0,0,0,0,0,0,0,0
osm:relation:10962005,Municipio McGregor,Anzoátegui,2024-12,ELM,0,0,0,0,0,0,0,0,0
osm:relation:10962005,Municipio McGregor,Anzoátegui,2024-12,EXT,0,0,0,0,0,0,0,0,0
osm:relation:10962005,Municipio McGregor,Anzoátegui,2024-12,MAC,0,0,0,0,0,0,0,0,0
osm:relation:10962005,Municipio McGregor,Anzoátegui,2024-12,OIL,0,0,0,0,0,0,0,0,0
osm:relation:10962005,Municipio McGregor,Anzoátegui,2024-12,POL,0,0,0,0,0,0,0,0,0
osm:relation:10962005,Municipio McGregor,Anzoátegui,2024-12,SAN,0,0,0,0,0,0,0,0,0
osm:relation:10962005,Municipio McGregor,Anzoátegui,2024-12,SEC,0,0,0,0,0,0,0,0,0
osm:relation:10962005,Municipio McGregor,Anzoátegui,2025-01,CON,0,0,0,0,0,0,0,0,0
osm:relation:10962005,Municipio McGregor,Anzoátegui,2025-01,ELM,0,0,0,0,0,0,0,0,0
osm:relation:10962005,Municipio McGregor,Anzoátegui,2025-01,EXT,0,0,0,0,0,0,0,0,0
osm:relation:10962005,Municipio McGregor,Anzoátegui,2025-01,MAC,0,0,0,0,0,0,0,0,0
osm:relation:10962005,Municipio McGregor,Anzoátegui,2025-01,OIL,0,0,0,0,0,0,0,0,0
osm:relation:10962005,Municipio McGregor,Anzoátegui,2025-01,POL,0,0,0,0,0,0,0,0,0
osm:relation:10962005,Municipio McGregor,Anzoátegui,2025-01,SAN,0,0,0,0,0,0,0,0,0
osm:relation:10962005,Municipio McGregor,Anzoátegui,2025-01,SEC,0,0,0,0,0,0,0,0,0
osm:relation:10962005,Municipio McGregor,Anzoátegui,2025-02,CON,0,0,0,0,0,0,0,0,0
osm:relation:10962005,Municipio McGregor,Anzoátegui,2025-02,ELM,0,0,0,0,0,0,0,0,0
osm:relation:10962005,Municipio McGregor,Anzoátegui,2025-02,EXT,0,0,0,0,0,0,0,0,0
osm:relation:10962005,Municipio McGregor,Anzoátegui,2025-02,MAC,0,0,0,0,0,0,0,0,0
osm:relation:10962005,Municipio McGregor,Anzoátegui,2025-02,OIL,0,0,0,0,0,0,0,0,0
osm:relation:10962005,Municipio McGregor,Anzoátegui,2025-02,POL,0,0,0,0,0,0,0,0,0
osm:relation:10962005,Municipio McGregor,Anzoátegui,2025-02,SAN,0,0,0,0,0,0,0,0,0
osm:relation:10962005,Municipio McGregor,Anzoátegui,2025-02,SEC,0,0,0,0,0,0,0,0,0
osm:relation:10962005,Municipio McGregor,Anzoátegui,2025-03,CON,0,0,0,0,0,0,0,0,0
osm:relation:10962005,Municipio McGregor,Anzoátegui,2025-03,ELM,0,0,0,0,0,0,0,0,0
osm:relation:10962005,Municipio McGregor,Anzoátegui,2025-03,EXT,0,0,0,0,0,0,0,0,0
osm:relation:10962005,Municipio McGregor,Anzoátegui,2025-03,MAC,0,0,0,0,0,0,0,0,0
osm:relation:10962005,Municipio McGregor,Anzoátegui,2025-03,OIL,0,0,0,0,0,0,0,0,0
osm:relation:10962005,Municipio McGregor,Anzoátegui,2025-03,POL,0,0,0,0,0,0,0,0,0
osm:relation:10962005,Municipio McGregor,Anzoátegui,2025-03,SAN,0,0,0,0,0,0,0,0,0
osm:relation:10962005,Municipio McGregor,Anzoátegui,2025-03,SEC,0,0,0,0,0,0,0,0,0
osm:relation:10962005,Municipio McGregor,Anzoátegui,2025-04,CON,0,0,0,0,0,0,0,0,0
osm:relation:10962005,Municipio McGregor,Anzoátegui,2025-04,ELM,0,0,0,0,0,0,0,0,0
osm:relation:10962005,Municipio McGregor,Anzoátegui,2025-04,EXT,0,0,0,0,0,0,0,0,0
osm:relation:10962005,Municipio McGregor,Anzoátegui,2025-04,MAC,0,0,0,0,0,0,0,0,0
osm:relation:10962005,Municipio McGregor,Anzoátegui,2025-04,OIL,0,0,0,0,0,0,0,0,0
osm:relation:10962005,Municipio McGregor,Anzoátegui,2025-04,POL,0,0,0,0,0,0,0,0,0
osm:relation:10962005,Municipio McGregor,Anzoátegui,2025-04,SAN,0,0,0,0,0,0,0,0,0
osm:relation:10962005,Municipio McGregor,Anzoátegui,2025-04,SEC,0,0,0,0,0,0,0,0,0
osm:relation:10962005,Municipio McGregor,Anzoátegui,2025-05,CON,0,0,0,0,0,0,0,0,0
osm:relation:10962005,Municipio McGregor,Anzoátegui,2025-05,ELM,0,0,0,0,0,0,0,0,0
osm:relation:10962005,Municipio McGregor,Anzoátegui,2025-05,EXT,0,0,0,0,0,0,0,0,0
osm:relation:10962005,Municipio McGregor,Anzoátegui,2025-05,MAC,0,0,0,0,0,0,0,0,0
osm:relation:10962005,Municipio McGregor,Anzoátegui,2025-05,OIL,0,0,0,0,0,0,0,0,0
osm:relation:10962005,Municipio McGregor,Anzoátegui,2025-05,POL,0,0,0,0,0,0,0,0,0
osm:relation:10962005,Municipio McGregor,Anzoátegui,2025-05,SAN,0,0,0,0,0,0,0,0,0
osm:relation:10962005,Municipio McGregor,Anzoátegui,2025-05,SEC,0,0,0,0,0,0,0,0,0
osm:relation:10962005,Municipio McGregor,Anzoátegui,2025-06,CON,0,0,0,0,0,0,0,0,0
osm:relation:10962005,Municipio McGregor,Anzoátegui,2025-06,ELM,0,0,0,0,0,0,0,0,0
osm:relation:10962005,Municipio McGregor,Anzoátegui,2025-06,EXT,0,0,0,0,0,0,0,0,0
osm:relation:10962005,Municipio McGregor,Anzoátegui,2025-06,MAC,0,0,0,0,0,0,0,0,0
osm:relation:10962005,Municipio McGregor,Anzoátegui,2025-06,OIL,0,0,0,0,0,0,0,0,0
osm:relation:10962005,Municipio McGregor,Anzoátegui,2025-06,POL,0,0,0,0,0,0,0,0,0
osm:relation:10962005,Municipio McGregor,Anzoátegui,2025-06,SAN,0,0,0,0,0,0,0,0,0
osm:relation:10962005,Municipio McGregor,Anzoátegui,2025-06,SEC,0,0,0,0,0,0,0,0,0
osm:relation:10962005,Municipio McGregor,Anzoátegui,2025-07,CON,0,0,0,0,0,0,0,0,0
osm:relation:10962005,Municipio McGregor,Anzoátegui,2025-07,ELM,0,0,0,0,0,0,0,0,0
osm:relation:10962005,Municipio McGregor,Anzoátegui,2025-07,EXT,0,0,0,0,0,0,0,0,0
osm:relation:10962005,Municipio McGregor,Anzoátegui,2025-07,MAC,0,0,0,0,0,0,0,0,0
osm:relation:10962005,Municipio McGregor,Anzoátegui,2025-07,OIL,0,0,0,0,0,0,0,0,0
osm:relation:10962005,Municipio McGregor,Anzoátegui,2025-07,POL,0,0,0,0,0,0,0,0,0
osm:relation:10962005,Municipio McGregor,Anzoátegui,2025-07,SAN,0,0,0,0,0,0,0,0,0
osm:relation:10962005,Municipio McGregor,Anzoátegui,2025-07,SEC,0,0,0,0,0,0,0,0,0
osm:relation:10962005,Municipio McGregor,Anzoátegui,2025-08,CON,0,0,0,0,0,0,0,0,0
osm:relation:10962005,Municipio McGregor,Anzoátegui,2025-08,ELM,0,0,0,0,0,0,0,0,0
osm:relation:10962005,Municipio McGregor,Anzoátegui,2025-08,EXT,0,0,0,0,0,0,0,0,0
osm:relation:10962005,Municipio McGregor,Anzoátegui,2025-08,MAC,0,0,0,0,0,0,0,0,0
osm:relation:10962005,Municipio McGregor,Anzoátegui,2025-08,OIL,0,0,0,0,0,0,0,0,0
osm:relation:10962005,Municipio McGregor,Anzoátegui,2025-08,POL,0,0,0,0,0,0,0,0,0
osm:relation:10962005,Municipio McGregor,Anzoátegui,2025-08,SAN,0,0,0,0,0,0,0,0,0
osm:relation:10962005,Municipio McGregor,Anzoátegui,2025-08,SEC,0,0,0,0,0,0,0,0,0
osm:relation:10962005,Municipio McGregor,Anzoátegui,2025-09,CON,0,0,0,0,0,0,0,0,0
osm:relation:10962005,Municipio McGregor,Anzoátegui,2025-09,ELM,0,0,0,0,0,0,0,0,0
osm:relation:10962005,Municipio McGregor,Anzoátegui,2025-09,EXT,0,0,0,0,0,0,0,0,0
osm:relation:10962005,Municipio McGregor,Anzoátegui,2025-09,MAC,0,0,0,0,0,0,0,0,0
osm:relation:10962005,Municipio McGregor,Anzoátegui,2025-09,OIL,0,0,0,0,0,0,0,0,0
osm:relation:10962005,Municipio McGregor,Anzoátegui,2025-09,POL,0,0,0,0,0,0,0,0,0
osm:relation:10962005,Municipio McGregor,Anzoátegui,2025-09,SAN,0,0,0,0,0,0,0,0,0
osm:relation:10962005,Municipio McGregor,Anzoátegui,2025-09,SEC,0,0,0,0,0,0,0,0,0
osm:relation:10962005,Municipio McGregor,Anzoátegui,2025-10,CON,0,0,0,0,0,0,0,0,0
osm:relation:10962005,Municipio McGregor,Anzoátegui,2025-10,ELM,0,0,0,0,0,0,0,0,0
osm:relation:10962005,Municipio McGregor,Anzoátegui,2025-10,EXT,0,0,0,0,0,0,0,0,0
osm:relation:10962005,Municipio McGregor,Anzoátegui,2025-10,MAC,0,0,0,0,0,0,0,0,0
osm:relation:10962005,Municipio McGregor,Anzoátegui,2025-10,OIL,0,0,0,0,0,0,0,0,0
osm:relation:10962005,Municipio McGregor,Anzoátegui,2025-10,POL,0,0,0,0,0,0,0,0,0
osm:relation:10962005,Municipio McGregor,Anzoátegui,2025-10,SAN,0,0,0,0,0,0,0,0,0
osm:relation:10962005,Municipio McGregor,Anzoátegui,2025-10,SEC,0,0,0,0,0,0,0,0,0
osm:relation:10962005,Municipio McGregor,Anzoátegui,2025-11,CON,0,0,0,0,0,0,0,0,0
osm:relation:10962005,Municipio McGregor,Anzoátegui,2025-11,ELM,0,0,0,0,0,0,0,0,0
osm:relation:10962005,Municipio McGregor,Anzoátegui,2025-11,EXT,0,0,0,0,0,0,0,0,0
osm:relation:10962005,Municipio McGregor,Anzoátegui,2025-11,MAC,0,0,0,0,0,0,0,0,0
osm:relation:10962005,Municipio McGregor,Anzoátegui,2025-11,OIL,0,0,0,0,0,0,0,0,0
osm:relation:10962005,Municipio McGregor,Anzoátegui,2025-11,POL,0,0,0,0,0,0,0,0,0
osm:relation:10962005,Municipio McGregor,Anzoátegui,2025-11,SAN,0,0,0,0,0,0,0,0,0
osm:relation:10962005,Municipio McGregor,Anzoátegui,2025-11,SEC,0,0,0,0,0,0,0,0,0
osm:relation:10962005,Municipio McGregor,Anzoátegui,2025-12,CON,0,0,0,0,0,0,0,0,0
osm:relation:10962005,Municipio McGregor,Anzoátegui,2025-12,ELM,0,0,0,0,0,0,0,0,0
osm:relation:10962005,Municipio McGregor,Anzoátegui,2025-12,EXT,0,0,0,0,0,0,0,0,0
osm:relation:10962005,Municipio McGregor,Anzoátegui,2025-12,MAC,0,0,0,0,0,0,0,0,0
osm:relation:10962005,Municipio McGregor,Anzoátegui,2025-12,OIL,0,0,0,0,0,0,0,0,0
osm:relation:10962005,Municipio McGregor,Anzoátegui,2025-12,POL,0,0,0,0,0,0,0,0,0
osm:relation:10962005,Municipio McGregor,Anzoátegui,2025-12,SAN,0,0,0,0,0,0,0,0,0
osm:relation:10962005,Municipio McGregor,Anzoátegui,2025-12,SEC,0,0,0,0,0,0,0,0,0
osm:relation:10962005,Municipio McGregor,Anzoátegui,2026-01,CON,0,0,0,0,0,0,0,0,0
osm:relation:10962005,Municipio McGregor,Anzoátegui,2026-01,ELM,0,0,0,0,0,0,0,0,0
osm:relation:10962005,Municipio McGregor,Anzoátegui,2026-01,EXT,0,0,0,0,0,0,0,0,0
osm:relation:10962005,Municipio McGregor,Anzoátegui,2026-01,MAC,0,0,0,0,0,0,0,0,0
osm:relation:10962005,Municipio McGregor,Anzoátegui,2026-01,OIL,0,0,0,0,0,0,0,0,0
osm:relation:10962005,Municipio McGregor,Anzoátegui,2026-01,POL,0,0,0,0,0,0,0,0,0
osm:relation:10962005,Municipio McGregor,Anzoátegui,2026-01,SAN,0,0,0,0,0,0,0,0,0
osm:relation:10962005,Municipio McGregor,Anzoátegui,2026-01,SEC,0,0,0,0,0,0,0,0,0
osm:relation:10962005,Municipio McGregor,Anzoátegui,2026-02,CON,0,0,0,0,0,0,0,0,0
osm:relation:10962005,Municipio McGregor,Anzoátegui,2026-02,ELM,0,0,0,0,0,0,0,0,0
osm:relation:10962005,Municipio McGregor,Anzoátegui,2026-02,EXT,0,0,0,0,0,0,0,0,0
osm:relation:10962005,Municipio McGregor,Anzoátegui,2026-02,MAC,0,0,0,0,0,0,0,0,0
osm:relation:10962005,Municipio McGregor,Anzoátegui,2026-02,OIL,0,0,0,0,0,0,0,0,0
osm:relation:10962005,Municipio McGregor,Anzoátegui,2026-02,POL,0,0,0,0,0,0,0,0,0
osm:relation:10962005,Municipio McGregor,Anzoátegui,2026-02,SAN,0,0,0,0,0,0,0,0,0
osm:relation:10962005,Municipio McGregor,Anzoátegui,2026-02,SEC,0,0,0,0,0,0,0,0,0
osm:relation:10962005,Municipio McGregor,Anzoátegui,2026-03,CON,0,0,0,0,0,0,0,0,0
osm:relation:10962005,Municipio McGregor,Anzoátegui,2026-03,ELM,0,0,0,0,0,0,0,0,0
osm:relation:10962005,Municipio McGregor,Anzoátegui,2026-03,EXT,0,0,0,0,0,0,0,0,0
osm:relation:10962005,Municipio McGregor,Anzoátegui,2026-03,MAC,0,0,0,0,0,0,0,0,0
osm:relation:10962005,Municipio McGregor,Anzoátegui,2026-03,OIL,0,0,0,0,0,0,0,0,0
osm:relation:10962005,Municipio McGregor,Anzoátegui,2026-03,POL,0,0,0,0,0,0,0,0,0
osm:relation:10962005,Municipio McGregor,Anzoátegui,2026-03,SAN,0,0,0,0,0,0,0,0,0
osm:relation:10962005,Municipio McGregor,Anzoátegui,2026-03,SEC,0,0,0,0,0,0,0,0,0
osm:relation:10962005,Municipio McGregor,Anzoátegui,2026-04,CON,0,0,0,0,0,0,0,0,0
osm:relation:10962005,Municipio McGregor,Anzoátegui,2026-04,ELM,0,0,0,0,0,0,0,0,0
osm:relation:10962005,Municipio McGregor,Anzoátegui,2026-04,EXT,0,0,0,0,0,0,0,0,0
osm:relation:10962005,Municipio McGregor,Anzoátegui,2026-04,MAC,0,0,0,0,0,0,0,0,0
osm:relation:10962005,Municipio McGregor,Anzoátegui,2026-04,OIL,0,0,0,0,0,0,0,0,0
osm:relation:10962005,Municipio McGregor,Anzoátegui,2026-04,POL,0,0,0,0,0,0,0,0,0
osm:relation:10962005,Municipio McGregor,Anzoátegui,2026-04,SAN,0,0,0,0,0,0,0,0,0
osm:relation:10962005,Municipio McGregor,Anzoátegui,2026-04,SEC,0,0,0,0,0,0,0,0,0
osm:relation:10962005,Municipio McGregor,Anzoátegui,2026-05,CON,0,0,0,0,0,0,0,0,0
osm:relation:10962005,Municipio McGregor,Anzoátegui,2026-05,ELM,0,0,0,0,0,0,0,0,0
osm:relation:10962005,Municipio McGregor,Anzoátegui,2026-05,EXT,0,0,0,0,0,0,0,0,0
osm:relation:10962005,Municipio McGregor,Anzoátegui,2026-05,MAC,0,0,0,0,0,0,0,0,0
osm:relation:10962005,Municipio McGregor,Anzoátegui,2026-05,OIL,0,0,0,0,0,0,0,0,0
osm:relation:10962005,Municipio McGregor,Anzoátegui,2026-05,POL,0,0,0,0,0,0,0,0,0
osm:relation:10962005,Municipio McGregor,Anzoátegui,2026-05,SAN,0,0,0,0,0,0,0,0,0
osm:relation:10962005,Municipio McGregor,Anzoátegui,2026-05,SEC,0,0,0,0,0,0,0,0,0
osm:relation:10962005,Municipio McGregor,Anzoátegui,2026-06,CON,0,0,0,0,0,0,0,0,0
osm:relation:10962005,Municipio McGregor,Anzoátegui,2026-06,ELM,0,0,0,0,0,0,0,0,0
osm:relation:10962005,Municipio McGregor,Anzoátegui,2026-06,EXT,0,0,0,0,0,0,0,0,0
osm:relation:10962005,Municipio McGregor,Anzoátegui,2026-06,MAC,0,0,0,0,0,0,0,0,0
osm:relation:10962005,Municipio McGregor,Anzoátegui,2026-06,OIL,0,0,0,0,0,0,0,0,0
osm:relation:10962005,Municipio McGregor,Anzoátegui,2026-06,POL,0,0,0,0,0,0,0,0,0
osm:relation:10962005,Municipio McGregor,Anzoátegui,2026-06,SAN,0,0,0,0,0,0,0,0,0
osm:relation:10962005,Municipio McGregor,Anzoátegui,2026-06,SEC,0,0,0,0,0,0,0,0,0
osm:relation:10962005,Municipio McGregor,Anzoátegui,2026-07,CON,0,0,0,0,0,0,0,0,0
osm:relation:10962005,Municipio McGregor,Anzoátegui,2026-07,ELM,0,0,0,0,0,0,0,0,0
osm:relation:10962005,Municipio McGregor,Anzoátegui,2026-07,EXT,0,0,0,0,0,0,0,0,0
osm:relation:10962005,Municipio McGregor,Anzoátegui,2026-07,MAC,0,0,0,0,0,0,0,0,0
osm:relation:10962005,Municipio McGregor,Anzoátegui,2026-07,OIL,0,0,0,0,0,0,0,0,0
osm:relation:10962005,Municipio McGregor,Anzoátegui,2026-07,POL,0,0,0,0,0,0,0,0,0
osm:relation:10962005,Municipio McGregor,Anzoátegui,2026-07,SAN,0,0,0,0,0,0,0,0,0
osm:relation:10962005,Municipio McGregor,Anzoátegui,2026-07,SEC,0,0,0,0,0,0,0,0,0
osm:relation:10962005,Municipio McGregor,Anzoátegui,2026-08,CON,0,0,0,0,0,0,0,0,0
osm:relation:10962005,Municipio McGregor,Anzoátegui,2026-08,ELM,0,0,0,0,0,0,0,0,0
osm:relation:10962005,Municipio McGregor,Anzoátegui,2026-08,EXT,0,0,0,0,0,0,0,0,0
osm:relation:10962005,Municipio McGregor,Anzoátegui,2026-08,MAC,0,0,0,0,0,0,0,0,0
osm:relation:10962005,Municipio McGregor,Anzoátegui,2026-08,OIL,0,0,0,0,0,0,0,0,0
osm:relation:10962005,Municipio McGregor,Anzoátegui,2026-08,POL,0,0,0,0,0,0,0,0,0
osm:relation:10962005,Municipio McGregor,Anzoátegui,2026-08,SAN,0,0,0,0,0,0,0,0,0
osm:relation:10962005,Municipio McGregor,Anzoátegui,2026-08,SEC,0,0,0,0,0,0,0,0,0
osm:relation:10962005,Municipio McGregor,Anzoátegui,2026-09,CON,0,0,0,0,0,0,0,0,0
osm:relation:10962005,Municipio McGregor,Anzoátegui,2026-09,ELM,0,0,0,0,0,0,0,0,0
osm:relation:10962005,Municipio McGregor,Anzoátegui,2026-09,EXT,0,0,0,0,0,0,0,0,0
osm:relation:10962005,Municipio McGregor,Anzoátegui,2026-09,MAC,0,0,0,0,0,0,0,0,0
osm:relation:10962005,Municipio McGregor,Anzoátegui,2026-09,OIL,0,0,0,0,0,0,0,0,0
osm:relation:10962005,Municipio McGregor,Anzoátegui,2026-09,POL,0,0,0,0,0,0,0,0,0
osm:relation:10962005,Municipio McGregor,Anzoátegui,2026-09,SAN,0,0,0,0,0,0,0,0,0
osm:relation:10962005,Municipio McGregor,Anzoátegui,2026-09,SEC,0,0,0,0,0,0,0,0,0
osm:relation:10962006,Municipio Aragua,Anzoátegui,2024-09,CON,0,0,0,0,0,0,0,0,0
osm:relation:10962006,Municipio Aragua,Anzoátegui,2024-09,ELM,0,0,0,0,0,0,0,0,0
osm:relation:10962006,Municipio Aragua,Anzoátegui,2024-09,EXT,0,0,0,0,0,0,0,0,0
osm:relation:10962006,Municipio Aragua,Anzoátegui,2024-09,MAC,0,0,0,0,0,0,0,0,0
osm:relation:10962006,Municipio Aragua,Anzoátegui,2024-09,OIL,0,0,0,0,0,0,0,0,0
osm:relation:10962006,Municipio Aragua,Anzoátegui,2024-09,POL,0,0,0,0,0,0,0,0,0
osm:relation:10962006,Municipio Aragua,Anzoátegui,2024-09,SAN,0,0,0,0,0,0,0,0,0
osm:relation:10962006,Municipio Aragua,Anzoátegui,2024-09,SEC,0,0,0,0,0,0,0,0,0
osm:relation:10962006,Municipio Aragua,Anzoátegui,2024-10,CON,0,0,0,0,0,0,0,0,0
osm:relation:10962006,Municipio Aragua,Anzoátegui,2024-10,ELM,0,0,0,0,0,0,0,0,0
osm:relation:10962006,Municipio Aragua,Anzoátegui,2024-10,EXT,0,0,0,0,0,0,0,0,0
osm:relation:10962006,Municipio Aragua,Anzoátegui,2024-10,MAC,0,0,0,0,0,0,0,0,0
osm:relation:10962006,Municipio Aragua,Anzoátegui,2024-10,OIL,0,0,0,0,0,0,0,0,0
osm:relation:10962006,Municipio Aragua,Anzoátegui,2024-10,POL,0,0,0,0,0,0,0,0,0
osm:relation:10962006,Municipio Aragua,Anzoátegui,2024-10,SAN,0,0,0,0,0,0,0,0,0
osm:relation:10962006,Municipio Aragua,Anzoátegui,2024-10,SEC,0,0,0,0,0,0,0,0,0
osm:relation:10962006,Municipio Aragua,Anzoátegui,2024-11,CON,0,0,0,0,0,0,0,0,0
osm:relation:10962006,Municipio Aragua,Anzoátegui,2024-11,ELM,0,0,0,0,0,0,0,0,0
osm:relation:10962006,Municipio Aragua,Anzoátegui,2024-11,EXT,0,0,0,0,0,0,0,0,0
osm:relation:10962006,Municipio Aragua,Anzoátegui,2024-11,MAC,0,0,0,0,0,0,0,0,0
osm:relation:10962006,Municipio Aragua,Anzoátegui,2024-11,OIL,0,0,0,0,0,0,0,0,0
osm:relation:10962006,Municipio Aragua,Anzoátegui,2024-11,POL,1,1,0,0,0,0,0,0,1
osm:relation:10962006,Municipio Aragua,Anzoátegui,2024-11,SAN,0,0,0,0,0,0,0,0,0
osm:relation:10962006,Municipio Aragua,Anzoátegui,2024-11,SEC,0,0,0,0,0,0,0,0,0
osm:relation:10962006,Municipio Aragua,Anzoátegui,2024-12,CON,0,0,0,0,0,0,0,0,0
osm:relation:10962006,Municipio Aragua,Anzoátegui,2024-12,ELM,0,0,0,0,0,0,0,0,0
osm:relation:10962006,Municipio Aragua,Anzoátegui,2024-12,EXT,0,0,0,0,0,0,0,0,0
osm:relation:10962006,Municipio Aragua,Anzoátegui,2024-12,MAC,0,0,0,0,0,0,0,0,0
osm:relation:10962006,Municipio Aragua,Anzoátegui,2024-12,OIL,0,0,0,0,0,0,0,0,0
osm:relation:10962006,Municipio Aragua,Anzoátegui,2024-12,POL,0,0,0,0,0,0,0,0,0
osm:relation:10962006,Municipio Aragua,Anzoátegui,2024-12,SAN,0,0,0,0,0,0,0,0,0
osm:relation:10962006,Municipio Aragua,Anzoátegui,2024-12,SEC,0,0,0,0,0,0,0,0,0
osm:relation:10962006,Municipio Aragua,Anzoátegui,2025-01,CON,0,0,0,0,0,0,0,0,0
osm:relation:10962006,Municipio Aragua,Anzoátegui,2025-01,ELM,0,0,0,0,0,0,0,0,0
osm:relation:10962006,Municipio Aragua,Anzoátegui,2025-01,EXT,0,0,0,0,0,0,0,0,0
osm:relation:10962006,Municipio Aragua,Anzoátegui,2025-01,MAC,0,0,0,0,0,0,0,0,0
osm:relation:10962006,Municipio Aragua,Anzoátegui,2025-01,OIL,0,0,0,0,0,0,0,0,0
osm:relation:10962006,Municipio Aragua,Anzoátegui,2025-01,POL,0,0,0,0,0,0,0,0,0
osm:relation:10962006,Municipio Aragua,Anzoátegui,2025-01,SAN,0,0,0,0,0,0,0,0,0
osm:relation:10962006,Municipio Aragua,Anzoátegui,2025-01,SEC,0,0,0,0,0,0,0,0,0
osm:relation:10962006,Municipio Aragua,Anzoátegui,2025-02,CON,0,0,0,0,0,0,0,0,0
osm:relation:10962006,Municipio Aragua,Anzoátegui,2025-02,ELM,0,0,0,0,0,0,0,0,0
osm:relation:10962006,Municipio Aragua,Anzoátegui,2025-02,EXT,0,0,0,0,0,0,0,0,0
osm:relation:10962006,Municipio Aragua,Anzoátegui,2025-02,MAC,0,0,0,0,0,0,0,0,0
osm:relation:10962006,Municipio Aragua,Anzoátegui,2025-02,OIL,0,0,0,0,0,0,0,0,0
osm:relation:10962006,Municipio Aragua,Anzoátegui,2025-02,POL,0,0,0,0,0,0,0,0,0
osm:relation:10962006,Municipio Aragua,Anzoátegui,2025-02,SAN,0,0,0,0,0,0,0,0,0
osm:relation:10962006,Municipio Aragua,Anzoátegui,2025-02,SEC,0,0,0,0,0,0,0,0,0
osm:relation:10962006,Municipio Aragua,Anzoátegui,2025-03,CON,0,0,0,0,0,0,0,0,0
osm:relation:10962006,Municipio Aragua,Anzoátegui,2025-03,ELM,0,0,0,0,0,0,0,0,0
osm:relation:10962006,Municipio Aragua,Anzoátegui,2025-03,EXT,0,0,0,0,0,0,0,0,0
osm:relation:10962006,Municipio Aragua,Anzoátegui,2025-03,MAC,0,0,0,0,0,0,0,0,0
osm:relation:10962006,Municipio Aragua,Anzoátegui,2025-03,OIL,0,0,0,0,0,0,0,0,0
osm:relation:10962006,Municipio Aragua,Anzoátegui,2025-03,POL,0,0,0,0,0,0,0,0,0
osm:relation:10962006,Municipio Aragua,Anzoátegui,2025-03,SAN,0,0,0,0,0,0,0,0,0
osm:relation:10962006,Municipio Aragua,Anzoátegui,2025-03,SEC,0,0,0,0,0,0,0,0,0
osm:relation:10962006,Municipio Aragua,Anzoátegui,2025-04,CON,0,0,0,0,0,0,0,0,0
osm:relation:10962006,Municipio Aragua,Anzoátegui,2025-04,ELM,0,0,0,0,0,0,0,0,0
osm:relation:10962006,Municipio Aragua,Anzoátegui,2025-04,EXT,0,0,0,0,0,0,0,0,0
osm:relation:10962006,Municipio Aragua,Anzoátegui,2025-04,MAC,0,0,0,0,0,0,0,0,0
osm:relation:10962006,Municipio Aragua,Anzoátegui,2025-04,OIL,0,0,0,0,0,0,0,0,0
osm:relation:10962006,Municipio Aragua,Anzoátegui,2025-04,POL,0,0,0,0,0,0,0,0,0
osm:relation:10962006,Municipio Aragua,Anzoátegui,2025-04,SAN,0,0,0,0,0,0,0,0,0
osm:relation:10962006,Municipio Aragua,Anzoátegui,2025-04,SEC,0,0,0,0,0,0,0,0,0
osm:relation:10962006,Municipio Aragua,Anzoátegui,2025-05,CON,0,0,0,0,0,0,0,0,0
osm:relation:10962006,Municipio Aragua,Anzoátegui,2025-05,ELM,0,0,0,0,0,0,0,0,0
osm:relation:10962006,Municipio Aragua,Anzoátegui,2025-05,EXT,0,0,0,0,0,0,0,0,0
osm:relation:10962006,Municipio Aragua,Anzoátegui,2025-05,MAC,0,0,0,0,0,0,0,0,0
osm:relation:10962006,Municipio Aragua,Anzoátegui,2025-05,OIL,0,0,0,0,0,0,0,0,0
osm:relation:10962006,Municipio Aragua,Anzoátegui,2025-05,POL,0,0,0,0,0,0,0,0,0
osm:relation:10962006,Municipio Aragua,Anzoátegui,2025-05,SAN,0,0,0,0,0,0,0,0,0
osm:relation:10962006,Municipio Aragua,Anzoátegui,2025-05,SEC,0,0,0,0,0,0,0,0,0
osm:relation:10962006,Municipio Aragua,Anzoátegui,2025-06,CON,0,0,0,0,0,0,0,0,0
osm:relation:10962006,Municipio Aragua,Anzoátegui,2025-06,ELM,0,0,0,0,0,0,0,0,0
osm:relation:10962006,Municipio Aragua,Anzoátegui,2025-06,EXT,0,0,0,0,0,0,0,0,0
osm:relation:10962006,Municipio Aragua,Anzoátegui,2025-06,MAC,0,0,0,0,0,0,0,0,0
osm:relation:10962006,Municipio Aragua,Anzoátegui,2025-06,OIL,0,0,0,0,0,0,0,0,0
osm:relation:10962006,Municipio Aragua,Anzoátegui,2025-06,POL,0,0,0,0,0,0,0,0,0
osm:relation:10962006,Municipio Aragua,Anzoátegui,2025-06,SAN,0,0,0,0,0,0,0,0,0
osm:relation:10962006,Municipio Aragua,Anzoátegui,2025-06,SEC,0,0,0,0,0,0,0,0,0
osm:relation:10962006,Municipio Aragua,Anzoátegui,2025-07,CON,0,0,0,0,0,0,0,0,0
osm:relation:10962006,Municipio Aragua,Anzoátegui,2025-07,ELM,0,0,0,0,0,0,0,0,0
osm:relation:10962006,Municipio Aragua,Anzoátegui,2025-07,EXT,0,0,0,0,0,0,0,0,0
osm:relation:10962006,Municipio Aragua,Anzoátegui,2025-07,MAC,0,0,0,0,0,0,0,0,0
osm:relation:10962006,Municipio Aragua,Anzoátegui,2025-07,OIL,0,0,0,0,0,0,0,0,0
osm:relation:10962006,Municipio Aragua,Anzoátegui,2025-07,POL,0,0,0,0,0,0,0,0,0
osm:relation:10962006,Municipio Aragua,Anzoátegui,2025-07,SAN,0,0,0,0,0,0,0,0,0
osm:relation:10962006,Municipio Aragua,Anzoátegui,2025-07,SEC,0,0,0,0,0,0,0,0,0
osm:relation:10962006,Municipio Aragua,Anzoátegui,2025-08,CON,0,0,0,0,0,0,0,0,0
osm:relation:10962006,Municipio Aragua,Anzoátegui,2025-08,ELM,0,0,0,0,0,0,0,0,0
osm:relation:10962006,Municipio Aragua,Anzoátegui,2025-08,EXT,0,0,0,0,0,0,0,0,0
osm:relation:10962006,Municipio Aragua,Anzoátegui,2025-08,MAC,0,0,0,0,0,0,0,0,0
osm:relation:10962006,Municipio Aragua,Anzoátegui,2025-08,OIL,0,0,0,0,0,0,0,0,0
osm:relation:10962006,Municipio Aragua,Anzoátegui,2025-08,POL,0,0,0,0,0,0,0,0,0
osm:relation:10962006,Municipio Aragua,Anzoátegui,2025-08,SAN,0,0,0,0,0,0,0,0,0
osm:relation:10962006,Municipio Aragua,Anzoátegui,2025-08,SEC,0,0,0,0,0,0,0,0,0
osm:relation:10962006,Municipio Aragua,Anzoátegui,2025-09,CON,0,0,0,0,0,0,0,0,0
osm:relation:10962006,Municipio Aragua,Anzoátegui,2025-09,ELM,0,0,0,0,0,0,0,0,0
osm:relation:10962006,Municipio Aragua,Anzoátegui,2025-09,EXT,0,0,0,0,0,0,0,0,0
osm:relation:10962006,Municipio Aragua,Anzoátegui,2025-09,MAC,0,0,0,0,0,0,0,0,0
osm:relation:10962006,Municipio Aragua,Anzoátegui,2025-09,OIL,0,0,0,0,0,0,0,0,0
osm:relation:10962006,Municipio Aragua,Anzoátegui,2025-09,POL,0,0,0,0,0,0,0,0,0
osm:relation:10962006,Municipio Aragua,Anzoátegui,2025-09,SAN,0,0,0,0,0,0,0,0,0
osm:relation:10962006,Municipio Aragua,Anzoátegui,2025-09,SEC,0,0,0,0,0,0,0,0,0
osm:relation:10962006,Municipio Aragua,Anzoátegui,2025-10,CON,0,0,0,0,0,0,0,0,0
osm:relation:10962006,Municipio Aragua,Anzoátegui,2025-10,ELM,0,0,0,0,0,0,0,0,0
osm:relation:10962006,Municipio Aragua,Anzoátegui,2025-10,EXT,0,0,0,0,0,0,0,0,0
osm:relation:10962006,Municipio Aragua,Anzoátegui,2025-10,MAC,0,0,0,0,0,0,0,0,0
osm:relation:10962006,Municipio Aragua,Anzoátegui,2025-10,OIL,0,0,0,0,0,0,0,0,0
osm:relation:10962006,Municipio Aragua,Anzoátegui,2025-10,POL,0,0,0,0,0,0,0,0,0
osm:relation:10962006,Municipio Aragua,Anzoátegui,2025-10,SAN,0,0,0,0,0,0,0,0,0
osm:relation:10962006,Municipio Aragua,Anzoátegui,2025-10,SEC,0,0,0,0,0,0,0,0,0
osm:relation:10962006,Municipio Aragua,Anzoátegui,2025-11,CON,0,0,0,0,0,0,0,0,0
osm:relation:10962006,Municipio Aragua,Anzoátegui,2025-11,ELM,0,0,0,0,0,0,0,0,0
osm:relation:10962006,Municipio Aragua,Anzoátegui,2025-11,EXT,0,0,0,0,0,0,0,0,0
osm:relation:10962006,Municipio Aragua,Anzoátegui,2025-11,MAC,0,0,0,0,0,0,0,0,0
osm:relation:10962006,Municipio Aragua,Anzoátegui,2025-11,OIL,0,0,0,0,0,0,0,0,0
osm:relation:10962006,Municipio Aragua,Anzoátegui,2025-11,POL,0,0,0,0,0,0,0,0,0
osm:relation:10962006,Municipio Aragua,Anzoátegui,2025-11,SAN,0,0,0,0,0,0,0,0,0
osm:relation:10962006,Municipio Aragua,Anzoátegui,2025-11,SEC,0,0,0,0,0,0,0,0,0
osm:relation:10962006,Municipio Aragua,Anzoátegui,2025-12,CON,0,0,0,0,0,0,0,0,0
osm:relation:10962006,Municipio Aragua,Anzoátegui,2025-12,ELM,0,0,0,0,0,0,0,0,0
osm:relation:10962006,Municipio Aragua,Anzoátegui,2025-12,EXT,0,0,0,0,0,0,0,0,0
osm:relation:10962006,Municipio Aragua,Anzoátegui,2025-12,MAC,0,0,0,0,0,0,0,0,0
osm:relation:10962006,Municipio Aragua,Anzoátegui,2025-12,OIL,0,0,0,0,0,0,0,0,0
osm:relation:10962006,Municipio Aragua,Anzoátegui,2025-12,POL,0,0,0,0,0,0,0,0,0
osm:relation:10962006,Municipio Aragua,Anzoátegui,2025-12,SAN,0,0,0,0,0,0,0,0,0
osm:relation:10962006,Municipio Aragua,Anzoátegui,2025-12,SEC,0,0,0,0,0,0,0,0,0
osm:relation:10962006,Municipio Aragua,Anzoátegui,2026-01,CON,0,0,0,0,0,0,0,0,0
osm:relation:10962006,Municipio Aragua,Anzoátegui,2026-01,ELM,0,0,0,0,0,0,0,0,0
osm:relation:10962006,Municipio Aragua,Anzoátegui,2026-01,EXT,0,0,0,0,0,0,0,0,0
osm:relation:10962006,Municipio Aragua,Anzoátegui,2026-01,MAC,0,0,0,0,0,0,0,0,0
osm:relation:10962006,Municipio Aragua,Anzoátegui,2026-01,OIL,0,0,0,0,0,0,0,0,0
osm:relation:10962006,Municipio Aragua,Anzoátegui,2026-01,POL,0,0,0,0,0,0,0,0,0
osm:relation:10962006,Municipio Aragua,Anzoátegui,2026-01,SAN,0,0,0,0,0,0,0,0,0
osm:relation:10962006,Municipio Aragua,Anzoátegui,2026-01,SEC,0,0,0,0,0,0,0,0,0
osm:relation:10962006,Municipio Aragua,Anzoátegui,2026-02,CON,0,0,0,0,0,0,0,0,0
osm:relation:10962006,Municipio Aragua,Anzoátegui,2026-02,ELM,0,0,0,0,0,0,0,0,0
osm:relation:10962006,Municipio Aragua,Anzoátegui,2026-02,EXT,0,0,0,0,0,0,0,0,0
osm:relation:10962006,Municipio Aragua,Anzoátegui,2026-02,MAC,0,0,0,0,0,0,0,0,0
osm:relation:10962006,Municipio Aragua,Anzoátegui,2026-02,OIL,0,0,0,0,0,0,0,0,0
osm:relation:10962006,Municipio Aragua,Anzoátegui,2026-02,POL,0,0,0,0,0,0,0,0,0
osm:relation:10962006,Municipio Aragua,Anzoátegui,2026-02,SAN,0,0,0,0,0,0,0,0,0
osm:relation:10962006,Municipio Aragua,Anzoátegui,2026-02,SEC,0,0,0,0,0,0,0,0,0
osm:relation:10962006,Municipio Aragua,Anzoátegui,2026-03,CON,0,0,0,0,0,0,0,0,0
osm:relation:10962006,Municipio Aragua,Anzoátegui,2026-03,ELM,0,0,0,0,0,0,0,0,0
osm:relation:10962006,Municipio Aragua,Anzoátegui,2026-03,EXT,0,0,0,0,0,0,0,0,0
osm:relation:10962006,Municipio Aragua,Anzoátegui,2026-03,MAC,0,0,0,0,0,0,0,0,0
osm:relation:10962006,Municipio Aragua,Anzoátegui,2026-03,OIL,0,0,0,0,0,0,0,0,0
osm:relation:10962006,Municipio Aragua,Anzoátegui,2026-03,POL,0,0,0,0,0,0,0,0,0
osm:relation:10962006,Municipio Aragua,Anzoátegui,2026-03,SAN,0,0,0,0,0,0,0,0,0
osm:relation:10962006,Municipio Aragua,Anzoátegui,2026-03,SEC,0,0,0,0,0,0,0,0,0
osm:relation:10962006,Municipio Aragua,Anzoátegui,2026-04,CON,0,0,0,0,0,0,0,0,0
osm:relation:10962006,Municipio Aragua,Anzoátegui,2026-04,ELM,0,0,0,0,0,0,0,0,0
osm:relation:10962006,Municipio Aragua,Anzoátegui,2026-04,EXT,0,0,0,0,0,0,0,0,0
osm:relation:10962006,Municipio Aragua,Anzoátegui,2026-04,MAC,0,0,0,0,0,0,0,0,0
osm:relation:10962006,Municipio Aragua,Anzoátegui,2026-04,OIL,0,0,0,0,0,0,0,0,0
osm:relation:10962006,Municipio Aragua,Anzoátegui,2026-04,POL,0,0,0,0,0,0,0,0,0
osm:relation:10962006,Municipio Aragua,Anzoátegui,2026-04,SAN,0,0,0,0,0,0,0,0,0
osm:relation:10962006,Municipio Aragua,Anzoátegui,2026-04,SEC,0,0,0,0,0,0,0,0,0
osm:relation:10962006,Municipio Aragua,Anzoátegui,2026-05,CON,0,0,0,0,0,0,0,0,0
osm:relation:10962006,Municipio Aragua,Anzoátegui,2026-05,ELM,0,0,0,0,0,0,0,0,0
osm:relation:10962006,Municipio Aragua,Anzoátegui,2026-05,EXT,0,0,0,0,0,0,0,0,0
osm:relation:10962006,Municipio Aragua,Anzoátegui,2026-05,MAC,0,0,0,0,0,0,0,0,0
osm:relation:10962006,Municipio Aragua,Anzoátegui,2026-05,OIL,0,0,0,0,0,0,0,0,0
osm:relation:10962006,Municipio Aragua,Anzoátegui,2026-05,POL,0,0,0,0,0,0,0,0,0
osm:relation:10962006,Municipio Aragua,Anzoátegui,2026-05,SAN,0,0,0,0,0,0,0,0,0
osm:relation:10962006,Municipio Aragua,Anzoátegui,2026-05,SEC,0,0,0,0,0,0,0,0,0
osm:relation:10962006,Municipio Aragua,Anzoátegui,2026-06,CON,0,0,0,0,0,0,0,0,0
osm:relation:10962006,Municipio Aragua,Anzoátegui,2026-06,ELM,0,0,0,0,0,0,0,0,0
osm:relation:10962006,Municipio Aragua,Anzoátegui,2026-06,EXT,0,0,0,0,0,0,0,0,0
osm:relation:10962006,Municipio Aragua,Anzoátegui,2026-06,MAC,0,0,0,0,0,0,0,0,0
osm:relation:10962006,Municipio Aragua,Anzoátegui,2026-06,OIL,0,0,0,0,0,0,0,0,0
osm:relation:10962006,Municipio Aragua,Anzoátegui,2026-06,POL,0,0,0,0,0,0,0,0,0
osm:relation:10962006,Municipio Aragua,Anzoátegui,2026-06,SAN,0,0,0,0,0,0,0,0,0
osm:relation:10962006,Municipio Aragua,Anzoátegui,2026-06,SEC,0,0,0,0,0,0,0,0,0
osm:relation:10962006,Municipio Aragua,Anzoátegui,2026-07,CON,0,0,0,0,0,0,0,0,0
osm:relation:10962006,Municipio Aragua,Anzoátegui,2026-07,ELM,0,0,0,0,0,0,0,0,0
osm:relation:10962006,Municipio Aragua,Anzoátegui,2026-07,EXT,0,0,0,0,0,0,0,0,0
osm:relation:10962006,Municipio Aragua,Anzoátegui,2026-07,MAC,0,0,0,0,0,0,0,0,0
osm:relation:10962006,Municipio Aragua,Anzoátegui,2026-07,OIL,0,0,0,0,0,0,0,0,0
osm:relation:10962006,Municipio Aragua,Anzoátegui,2026-07,POL,0,0,0,0,0,0,0,0,0
osm:relation:10962006,Municipio Aragua,Anzoátegui,2026-07,SAN,0,0,0,0,0,0,0,0,0
osm:relation:10962006,Municipio Aragua,Anzoátegui,2026-07,SEC,0,0,0,0,0,0,0,0,0
osm:relation:10962006,Municipio Aragua,Anzoátegui,2026-08,CON,0,0,0,0,0,0,0,0,0
osm:relation:10962006,Municipio Aragua,Anzoátegui,2026-08,ELM,0,0,0,0,0,0,0,0,0
osm:relation:10962006,Municipio Aragua,Anzoátegui,2026-08,EXT,0,0,0,0,0,0,0,0,0
osm:relation:10962006,Municipio Aragua,Anzoátegui,2026-08,MAC,0,0,0,0,0,0,0,0,0
osm:relation:10962006,Municipio Aragua,Anzoátegui,2026-08,OIL,0,0,0,0,0,0,0,0,0
osm:relation:10962006,Municipio Aragua,Anzoátegui,2026-08,POL,0,0,0,0,0,0,0,0,0
osm:relation:10962006,Municipio Aragua,Anzoátegui,2026-08,SAN,0,0,0,0,0,0,0,0,0
osm:relation:10962006,Municipio Aragua,Anzoátegui,2026-08,SEC,0,0,0,0,0,0,0,0,0
osm:relation:10962006,Municipio Aragua,Anzoátegui,2026-09,CON,0,0,0,0,0,0,0,0,0
osm:relation:10962006,Municipio Aragua,Anzoátegui,2026-09,ELM,0,0,0,0,0,0,0,0,0
osm:relation:10962006,Municipio Aragua,Anzoátegui,2026-09,EXT,0,0,0,0,0,0,0,0,0
osm:relation:10962006,Municipio Aragua,Anzoátegui,2026-09,MAC,0,0,0,0,0,0,0,0,0
osm:relation:10962006,Municipio Aragua,Anzoátegui,2026-09,OIL,0,0,0,0,0,0,0,0,0
osm:relation:10962006,Municipio Aragua,Anzoátegui,2026-09,POL,0,0,0,0,0,0,0,0,0
osm:relation:10962006,Municipio Aragua,Anzoátegui,2026-09,SAN,0,0,0,0,0,0,0,0,0
osm:relation:10962006,Municipio Aragua,Anzoátegui,2026-09,SEC,0,0,0,0,0,0,0,0,0
osm:relation:10962007,Municipio Santa Ana,Anzoátegui,2024-09,CON,0,0,0,0,0,0,0,0,0
osm:relation:10962007,Municipio Santa Ana,Anzoátegui,2024-09,ELM,0,0,0,0,0,0,0,0,0
osm:relation:10962007,Municipio Santa Ana,Anzoátegui,2024-09,EXT,0,0,0,0,0,0,0,0,0
osm:relation:10962007,Municipio Santa Ana,Anzoátegui,2024-09,MAC,0,0,0,0,0,0,0,0,0
osm:relation:10962007,Municipio Santa Ana,Anzoátegui,2024-09,OIL,0,0,0,0,0,0,0,0,0
osm:relation:10962007,Municipio Santa Ana,Anzoátegui,2024-09,POL,0,0,0,0,0,0,0,0,0
osm:relation:10962007,Municipio Santa Ana,Anzoátegui,2024-09,SAN,0,0,0,0,0,0,0,0,0
osm:relation:10962007,Municipio Santa Ana,Anzoátegui,2024-09,SEC,0,0,0,0,0,0,0,0,0
osm:relation:10962007,Municipio Santa Ana,Anzoátegui,2024-10,CON,0,0,0,0,0,0,0,0,0
osm:relation:10962007,Municipio Santa Ana,Anzoátegui,2024-10,ELM,0,0,0,0,0,0,0,0,0
osm:relation:10962007,Municipio Santa Ana,Anzoátegui,2024-10,EXT,0,0,0,0,0,0,0,0,0
osm:relation:10962007,Municipio Santa Ana,Anzoátegui,2024-10,MAC,0,0,0,0,0,0,0,0,0
osm:relation:10962007,Municipio Santa Ana,Anzoátegui,2024-10,OIL,0,0,0,0,0,0,0,0,0
osm:relation:10962007,Municipio Santa Ana,Anzoátegui,2024-10,POL,0,0,0,0,0,0,0,0,0
osm:relation:10962007,Municipio Santa Ana,Anzoátegui,2024-10,SAN,0,0,0,0,0,0,0,0,0
osm:relation:10962007,Municipio Santa Ana,Anzoátegui,2024-10,SEC,0,0,0,0,0,0,0,0,0
osm:relation:10962007,Municipio Santa Ana,Anzoátegui,2024-11,CON,0,0,0,0,0,0,0,0,0
osm:relation:10962007,Municipio Santa Ana,Anzoátegui,2024-11,ELM,0,0,0,0,0,0,0,0,0
osm:relation:10962007,Municipio Santa Ana,Anzoátegui,2024-11,EXT,0,0,0,0,0,0,0,0,0
osm:relation:10962007,Municipio Santa Ana,Anzoátegui,2024-11,MAC,0,0,0,0,0,0,0,0,0
osm:relation:10962007,Municipio Santa Ana,Anzoátegui,2024-11,OIL,0,0,0,0,0,0,0,0,0
osm:relation:10962007,Municipio Santa Ana,Anzoátegui,2024-11,POL,0,0,0,0,0,0,0,0,0
osm:relation:10962007,Municipio Santa Ana,Anzoátegui,2024-11,SAN,0,0,0,0,0,0,0,0,0
osm:relation:10962007,Municipio Santa Ana,Anzoátegui,2024-11,SEC,0,0,0,0,0,0,0,0,0
osm:relation:10962007,Municipio Santa Ana,Anzoátegui,2024-12,CON,0,0,0,0,0,0,0,0,0
osm:relation:10962007,Municipio Santa Ana,Anzoátegui,2024-12,ELM,0,0,0,0,0,0,0,0,0
osm:relation:10962007,Municipio Santa Ana,Anzoátegui,2024-12,EXT,0,0,0,0,0,0,0,0,0
osm:relation:10962007,Municipio Santa Ana,Anzoátegui,2024-12,MAC,0,0,0,0,0,0,0,0,0
osm:relation:10962007,Municipio Santa Ana,Anzoátegui,2024-12,OIL,0,0,0,0,0,0,0,0,0
osm:relation:10962007,Municipio Santa Ana,Anzoátegui,2024-12,POL,0,0,0,0,0,0,0,0,0
osm:relation:10962007,Municipio Santa Ana,Anzoátegui,2024-12,SAN,0,0,0,0,0,0,0,0,0
osm:relation:10962007,Municipio Santa Ana,Anzoátegui,2024-12,SEC,0,0,0,0,0,0,0,0,0
osm:relation:10962007,Municipio Santa Ana,Anzoátegui,2025-01,CON,0,0,0,0,0,0,0,0,0
osm:relation:10962007,Municipio Santa Ana,Anzoátegui,2025-01,ELM,0,0,0,0,0,0,0,0,0
osm:relation:10962007,Municipio Santa Ana,Anzoátegui,2025-01,EXT,0,0,0,0,0,0,0,0,0
osm:relation:10962007,Municipio Santa Ana,Anzoátegui,2025-01,MAC,0,0,0,0,0,0,0,0,0
osm:relation:10962007,Municipio Santa Ana,Anzoátegui,2025-01,OIL,0,0,0,0,0,0,0,0,0
osm:relation:10962007,Municipio Santa Ana,Anzoátegui,2025-01,POL,0,0,0,0,0,0,0,0,0
osm:relation:10962007,Municipio Santa Ana,Anzoátegui,2025-01,SAN,0,0,0,0,0,0,0,0,0
osm:relation:10962007,Municipio Santa Ana,Anzoátegui,2025-01,SEC,0,0,0,0,0,0,0,0,0
osm:relation:10962007,Municipio Santa Ana,Anzoátegui,2025-02,CON,0,0,0,0,0,0,0,0,0
osm:relation:10962007,Municipio Santa Ana,Anzoátegui,2025-02,ELM,0,0,0,0,0,0,0,0,0
osm:relation:10962007,Municipio Santa Ana,Anzoátegui,2025-02,EXT,0,0,0,0,0,0,0,0,0
osm:relation:10962007,Municipio Santa Ana,Anzoátegui,2025-02,MAC,0,0,0,0,0,0,0,0,0
osm:relation:10962007,Municipio Santa Ana,Anzoátegui,2025-02,OIL,0,0,0,0,0,0,0,0,0
osm:relation:10962007,Municipio Santa Ana,Anzoátegui,2025-02,POL,0,0,0,0,0,0,0,0,0
osm:relation:10962007,Municipio Santa Ana,Anzoátegui,2025-02,SAN,0,0,0,0,0,0,0,0,0
osm:relation:10962007,Municipio Santa Ana,Anzoátegui,2025-02,SEC,0,0,0,0,0,0,0,0,0
osm:relation:10962007,Municipio Santa Ana,Anzoátegui,2025-03,CON,0,0,0,0,0,0,0,0,0
osm:relation:10962007,Municipio Santa Ana,Anzoátegui,2025-03,ELM,0,0,0,0,0,0,0,0,0
osm:relation:10962007,Municipio Santa Ana,Anzoátegui,2025-03,EXT,0,0,0,0,0,0,0,0,0
osm:relation:10962007,Municipio Santa Ana,Anzoátegui,2025-03,MAC,0,0,0,0,0,0,0,0,0
osm:relation:10962007,Municipio Santa Ana,Anzoátegui,2025-03,OIL,0,0,0,0,0,0,0,0,0
osm:relation:10962007,Municipio Santa Ana,Anzoátegui,2025-03,POL,0,0,0,0,0,0,0,0,0
osm:relation:10962007,Municipio Santa Ana,Anzoátegui,2025-03,SAN,0,0,0,0,0,0,0,0,0
osm:relation:10962007,Municipio Santa Ana,Anzoátegui,2025-03,SEC,0,0,0,0,0,0,0,0,0
osm:relation:10962007,Municipio Santa Ana,Anzoátegui,2025-04,CON,0,0,0,0,0,0,0,0,0
osm:relation:10962007,Municipio Santa Ana,Anzoátegui,2025-04,ELM,0,0,0,0,0,0,0,0,0
osm:relation:10962007,Municipio Santa Ana,Anzoátegui,2025-04,EXT,0,0,0,0,0,0,0,0,0
osm:relation:10962007,Municipio Santa Ana,Anzoátegui,2025-04,MAC,0,0,0,0,0,0,0,0,0
osm:relation:10962007,Municipio Santa Ana,Anzoátegui,2025-04,OIL,0,0,0,0,0,0,0,0,0
osm:relation:10962007,Municipio Santa Ana,Anzoátegui,2025-04,POL,0,0,0,0,0,0,0,0,0
osm:relation:10962007,Municipio Santa Ana,Anzoátegui,2025-04,SAN,0,0,0,0,0,0,0,0,0
osm:relation:10962007,Municipio Santa Ana,Anzoátegui,2025-04,SEC,0,0,0,0,0,0,0,0,0
osm:relation:10962007,Municipio Santa Ana,Anzoátegui,2025-05,CON,0,0,0,0,0,0,0,0,0
osm:relation:10962007,Municipio Santa Ana,Anzoátegui,2025-05,ELM,0,0,0,0,0,0,0,0,0
osm:relation:10962007,Municipio Santa Ana,Anzoátegui,2025-05,EXT,0,0,0,0,0,0,0,0,0
osm:relation:10962007,Municipio Santa Ana,Anzoátegui,2025-05,MAC,0,0,0,0,0,0,0,0,0
osm:relation:10962007,Municipio Santa Ana,Anzoátegui,2025-05,OIL,0,0,0,0,0,0,0,0,0
osm:relation:10962007,Municipio Santa Ana,Anzoátegui,2025-05,POL,0,0,0,0,0,0,0,0,0
osm:relation:10962007,Municipio Santa Ana,Anzoátegui,2025-05,SAN,0,0,0,0,0,0,0,0,0
osm:relation:10962007,Municipio Santa Ana,Anzoátegui,2025-05,SEC,0,0,0,0,0,0,0,0,0
osm:relation:10962007,Municipio Santa Ana,Anzoátegui,2025-06,CON,0,0,0,0,0,0,0,0,0
osm:relation:10962007,Municipio Santa Ana,Anzoátegui,2025-06,ELM,0,0,0,0,0,0,0,0,0
osm:relation:10962007,Municipio Santa Ana,Anzoátegui,2025-06,EXT,0,0,0,0,0,0,0,0,0
osm:relation:10962007,Municipio Santa Ana,Anzoátegui,2025-06,MAC,0,0,0,0,0,0,0,0,0
osm:relation:10962007,Municipio Santa Ana,Anzoátegui,2025-06,OIL,0,0,0,0,0,0,0,0,0
osm:relation:10962007,Municipio Santa Ana,Anzoátegui,2025-06,POL,0,0,0,0,0,0,0,0,0
osm:relation:10962007,Municipio Santa Ana,Anzoátegui,2025-06,SAN,0,0,0,0,0,0,0,0,0
osm:relation:10962007,Municipio Santa Ana,Anzoátegui,2025-06,SEC,0,0,0,0,0,0,0,0,0
osm:relation:10962007,Municipio Santa Ana,Anzoátegui,2025-07,CON,0,0,0,0,0,0,0,0,0
osm:relation:10962007,Municipio Santa Ana,Anzoátegui,2025-07,ELM,0,0,0,0,0,0,0,0,0
osm:relation:10962007,Municipio Santa Ana,Anzoátegui,2025-07,EXT,0,0,0,0,0,0,0,0,0
osm:relation:10962007,Municipio Santa Ana,Anzoátegui,2025-07,MAC,0,0,0,0,0,0,0,0,0
osm:relation:10962007,Municipio Santa Ana,Anzoátegui,2025-07,OIL,0,0,0,0,0,0,0,0,0
osm:relation:10962007,Municipio Santa Ana,Anzoátegui,2025-07,POL,0,0,0,0,0,0,0,0,0
osm:relation:10962007,Municipio Santa Ana,Anzoátegui,2025-07,SAN,0,0,0,0,0,0,0,0,0
osm:relation:10962007,Municipio Santa Ana,Anzoátegui,2025-07,SEC,0,0,0,0,0,0,0,0,0
osm:relation:10962007,Municipio Santa Ana,Anzoátegui,2025-08,CON,0,0,0,0,0,0,0,0,0
osm:relation:10962007,Municipio Santa Ana,Anzoátegui,2025-08,ELM,0,0,0,0,0,0,0,0,0
osm:relation:10962007,Municipio Santa Ana,Anzoátegui,2025-08,EXT,0,0,0,0,0,0,0,0,0
osm:relation:10962007,Municipio Santa Ana,Anzoátegui,2025-08,MAC,0,0,0,0,0,0,0,0,0
osm:relation:10962007,Municipio Santa Ana,Anzoátegui,2025-08,OIL,0,0,0,0,0,0,0,0,0
osm:relation:10962007,Municipio Santa Ana,Anzoátegui,2025-08,POL,0,0,0,0,0,0,0,0,0
osm:relation:10962007,Municipio Santa Ana,Anzoátegui,2025-08,SAN,0,0,0,0,0,0,0,0,0
osm:relation:10962007,Municipio Santa Ana,Anzoátegui,2025-08,SEC,0,0,0,0,0,0,0,0,0
osm:relation:10962007,Municipio Santa Ana,Anzoátegui,2025-09,CON,0,0,0,0,0,0,0,0,0
osm:relation:10962007,Municipio Santa Ana,Anzoátegui,2025-09,ELM,0,0,0,0,0,0,0,0,0
osm:relation:10962007,Municipio Santa Ana,Anzoátegui,2025-09,EXT,0,0,0,0,0,0,0,0,0
osm:relation:10962007,Municipio Santa Ana,Anzoátegui,2025-09,MAC,0,0,0,0,0,0,0,0,0
osm:relation:10962007,Municipio Santa Ana,Anzoátegui,2025-09,OIL,0,0,0,0,0,0,0,0,0
osm:relation:10962007,Municipio Santa Ana,Anzoátegui,2025-09,POL,0,0,0,0,0,0,0,0,0
osm:relation:10962007,Municipio Santa Ana,Anzoátegui,2025-09,SAN,0,0,0,0,0,0,0,0,0
osm:relation:10962007,Municipio Santa Ana,Anzoátegui,2025-09,SEC,0,0,0,0,0,0,0,0,0
osm:relation:10962007,Municipio Santa Ana,Anzoátegui,2025-10,CON,0,0,0,0,0,0,0,0,0
osm:relation:10962007,Municipio Santa Ana,Anzoátegui,2025-10,ELM,0,0,0,0,0,0,0,0,0
osm:relation:10962007,Municipio Santa Ana,Anzoátegui,2025-10,EXT,0,0,0,0,0,0,0,0,0
osm:relation:10962007,Municipio Santa Ana,Anzoátegui,2025-10,MAC,0,0,0,0,0,0,0,0,0
osm:relation:10962007,Municipio Santa Ana,Anzoátegui,2025-10,OIL,0,0,0,0,0,0,0,0,0
osm:relation:10962007,Municipio Santa Ana,Anzoátegui,2025-10,POL,0,0,0,0,0,0,0,0,0
osm:relation:10962007,Municipio Santa Ana,Anzoátegui,2025-10,SAN,0,0,0,0,0,0,0,0,0
osm:relation:10962007,Municipio Santa Ana,Anzoátegui,2025-10,SEC,0,0,0,0,0,0,0,0,0
osm:relation:10962007,Municipio Santa Ana,Anzoátegui,2025-11,CON,0,0,0,0,0,0,0,0,0
osm:relation:10962007,Municipio Santa Ana,Anzoátegui,2025-11,ELM,0,0,0,0,0,0,0,0,0
osm:relation:10962007,Municipio Santa Ana,Anzoátegui,2025-11,EXT,0,0,0,0,0,0,0,0,0
osm:relation:10962007,Municipio Santa Ana,Anzoátegui,2025-11,MAC,0,0,0,0,0,0,0,0,0
osm:relation:10962007,Municipio Santa Ana,Anzoátegui,2025-11,OIL,0,0,0,0,0,0,0,0,0
osm:relation:10962007,Municipio Santa Ana,Anzoátegui,2025-11,POL,0,0,0,0,0,0,0,0,0
osm:relation:10962007,Municipio Santa Ana,Anzoátegui,2025-11,SAN,0,0,0,0,0,0,0,0,0
osm:relation:10962007,Municipio Santa Ana,Anzoátegui,2025-11,SEC,0,0,0,0,0,0,0,0,0
osm:relation:10962007,Municipio Santa Ana,Anzoátegui,2025-12,CON,0,0,0,0,0,0,0,0,0
osm:relation:10962007,Municipio Santa Ana,Anzoátegui,2025-12,ELM,0,0,0,0,0,0,0,0,0
osm:relation:10962007,Municipio Santa Ana,Anzoátegui,2025-12,EXT,0,0,0,0,0,0,0,0,0
osm:relation:10962007,Municipio Santa Ana,Anzoátegui,2025-12,MAC,0,0,0,0,0,0,0,0,0
osm:relation:10962007,Municipio Santa Ana,Anzoátegui,2025-12,OIL,0,0,0,0,0,0,0,0,0
osm:relation:10962007,Municipio Santa Ana,Anzoátegui,2025-12,POL,0,0,0,0,0,0,0,0,0
osm:relation:10962007,Municipio Santa Ana,Anzoátegui,2025-12,SAN,0,0,0,0,0,0,0,0,0
osm:relation:10962007,Municipio Santa Ana,Anzoátegui,2025-12,SEC,0,0,0,0,0,0,0,0,0
osm:relation:10962007,Municipio Santa Ana,Anzoátegui,2026-01,CON,0,0,0,0,0,0,0,0,0
osm:relation:10962007,Municipio Santa Ana,Anzoátegui,2026-01,ELM,0,0,0,0,0,0,0,0,0
osm:relation:10962007,Municipio Santa Ana,Anzoátegui,2026-01,EXT,0,0,0,0,0,0,0,0,0
osm:relation:10962007,Municipio Santa Ana,Anzoátegui,2026-01,MAC,0,0,0,0,0,0,0,0,0
osm:relation:10962007,Municipio Santa Ana,Anzoátegui,2026-01,OIL,0,0,0,0,0,0,0,0,0
osm:relation:10962007,Municipio Santa Ana,Anzoátegui,2026-01,POL,0,0,0,0,0,0,0,0,0
osm:relation:10962007,Municipio Santa Ana,Anzoátegui,2026-01,SAN,0,0,0,0,0,0,0,0,0
osm:relation:10962007,Municipio Santa Ana,Anzoátegui,2026-01,SEC,0,0,0,0,0,0,0,0,0
osm:relation:10962007,Municipio Santa Ana,Anzoátegui,2026-02,CON,0,0,0,0,0,0,0,0,0
osm:relation:10962007,Municipio Santa Ana,Anzoátegui,2026-02,ELM,0,0,0,0,0,0,0,0,0
osm:relation:10962007,Municipio Santa Ana,Anzoátegui,2026-02,EXT,0,0,0,0,0,0,0,0,0
osm:relation:10962007,Municipio Santa Ana,Anzoátegui,2026-02,MAC,0,0,0,0,0,0,0,0,0
osm:relation:10962007,Municipio Santa Ana,Anzoátegui,2026-02,OIL,0,0,0,0,0,0,0,0,0
osm:relation:10962007,Municipio Santa Ana,Anzoátegui,2026-02,POL,0,0,0,0,0,0,0,0,0
osm:relation:10962007,Municipio Santa Ana,Anzoátegui,2026-02,SAN,0,0,0,0,0,0,0,0,0
osm:relation:10962007,Municipio Santa Ana,Anzoátegui,2026-02,SEC,0,0,0,0,0,0,0,0,0
osm:relation:10962007,Municipio Santa Ana,Anzoátegui,2026-03,CON,0,0,0,0,0,0,0,0,0
osm:relation:10962007,Municipio Santa Ana,Anzoátegui,2026-03,ELM,0,0,0,0,0,0,0,0,0
osm:relation:10962007,Municipio Santa Ana,Anzoátegui,2026-03,EXT,0,0,0,0,0,0,0,0,0
osm:relation:10962007,Municipio Santa Ana,Anzoátegui,2026-03,MAC,0,0,0,0,0,0,0,0,0
osm:relation:10962007,Municipio Santa Ana,Anzoátegui,2026-03,OIL,0,0,0,0,0,0,0,0,0
osm:relation:10962007,Municipio Santa Ana,Anzoátegui,2026-03,POL,0,0,0,0,0,0,0,0,0
osm:relation:10962007,Municipio Santa Ana,Anzoátegui,2026-03,SAN,0,0,0,0,0,0,0,0,0
osm:relation:10962007,Municipio Santa Ana,Anzoátegui,2026-03,SEC,0,0,0,0,0,0,0,0,0
osm:relation:10962007,Municipio Santa Ana,Anzoátegui,2026-04,CON,0,0,0,0,0,0,0,0,0
osm:relation:10962007,Municipio Santa Ana,Anzoátegui,2026-04,ELM,0,0,0,0,0,0,0,0,0
osm:relation:10962007,Municipio Santa Ana,Anzoátegui,2026-04,EXT,0,0,0,0,0,0,0,0,0
osm:relation:10962007,Municipio Santa Ana,Anzoátegui,2026-04,MAC,0,0,0,0,0,0,0,0,0
osm:relation:10962007,Municipio Santa Ana,Anzoátegui,2026-04,OIL,0,0,0,0,0,0,0,0,0
osm:relation:10962007,Municipio Santa Ana,Anzoátegui,2026-04,POL,0,0,0,0,0,0,0,0,0
osm:relation:10962007,Municipio Santa Ana,Anzoátegui,2026-04,SAN,0,0,0,0,0,0,0,0,0
osm:relation:10962007,Municipio Santa Ana,Anzoátegui,2026-04,SEC,0,0,0,0,0,0,0,0,0
osm:relation:10962007,Municipio Santa Ana,Anzoátegui,2026-05,CON,0,0,0,0,0,0,0,0,0
osm:relation:10962007,Municipio Santa Ana,Anzoátegui,2026-05,ELM,0,0,0,0,0,0,0,0,0
osm:relation:10962007,Municipio Santa Ana,Anzoátegui,2026-05,EXT,0,0,0,0,0,0,0,0,0
osm:relation:10962007,Municipio Santa Ana,Anzoátegui,2026-05,MAC,0,0,0,0,0,0,0,0,0
osm:relation:10962007,Municipio Santa Ana,Anzoátegui,2026-05,OIL,0,0,0,0,0,0,0,0,0
osm:relation:10962007,Municipio Santa Ana,Anzoátegui,2026-05,POL,0,0,0,0,0,0,0,0,0
osm:relation:10962007,Municipio Santa Ana,Anzoátegui,2026-05,SAN,0,0,0,0,0,0,0,0,0
osm:relation:10962007,Municipio Santa Ana,Anzoátegui,2026-05,SEC,0,0,0,0,0,0,0,0,0
osm:relation:10962007,Municipio Santa Ana,Anzoátegui,2026-06,CON,0,0,0,0,0,0,0,0,0
osm:relation:10962007,Municipio Santa Ana,Anzoátegui,2026-06,ELM,0,0,0,0,0,0,0,0,0
osm:relation:10962007,Municipio Santa Ana,Anzoátegui,2026-06,EXT,0,0,0,0,0,0,0,0,0
osm:relation:10962007,Municipio Santa Ana,Anzoátegui,2026-06,MAC,0,0,0,0,0,0,0,0,0
osm:relation:10962007,Municipio Santa Ana,Anzoátegui,2026-06,OIL,0,0,0,0,0,0,0,0,0
osm:relation:10962007,Municipio Santa Ana,Anzoátegui,2026-06,POL,0,0,0,0,0,0,0,0,0
osm:relation:10962007,Municipio Santa Ana,Anzoátegui,2026-06,SAN,0,0,0,0,0,0,0,0,0
osm:relation:10962007,Municipio Santa Ana,Anzoátegui,2026-06,SEC,0,0,0,0,0,0,0,0,0
osm:relation:10962007,Municipio Santa Ana,Anzoátegui,2026-07,CON,0,0,0,0,0,0,0,0,0
osm:relation:10962007,Municipio Santa Ana,Anzoátegui,2026-07,ELM,0,0,0,0,0,0,0,0,0
osm:relation:10962007,Municipio Santa Ana,Anzoátegui,2026-07,EXT,0,0,0,0,0,0,0,0,0
osm:relation:10962007,Municipio Santa Ana,Anzoátegui,2026-07,MAC,0,0,0,0,0,0,0,0,0
osm:relation:10962007,Municipio Santa Ana,Anzoátegui,2026-07,OIL,0,0,0,0,0,0,0,0,0
osm:relation:10962007,Municipio Santa Ana,Anzoátegui,2026-07,POL,0,0,0,0,0,0,0,0,0
osm:relation:10962007,Municipio Santa Ana,Anzoátegui,2026-07,SAN,0,0,0,0,0,0,0,0,0
osm:relation:10962007,Municipio Santa Ana,Anzoátegui,2026-07,SEC,0,0,0,0,0,0,0,0,0
osm:relation:10962007,Municipio Santa Ana,Anzoátegui,2026-08,CON,0,0,0,0,0,0,0,0,0
osm:relation:10962007,Municipio Santa Ana,Anzoátegui,2026-08,ELM,0,0,0,0,0,0,0,0,0
osm:relation:10962007,Municipio Santa Ana,Anzoátegui,2026-08,EXT,0,0,0,0,0,0,0,0,0
osm:relation:10962007,Municipio Santa Ana,Anzoátegui,2026-08,MAC,0,0,0,0,0,0,0,0,0
osm:relation:10962007,Municipio Santa Ana,Anzoátegui,2026-08,OIL,0,0,0,0,0,0,0,0,0
osm:relation:10962007,Municipio Santa Ana,Anzoátegui,2026-08,POL,0,0,0,0,0,0,0,0,0
osm:relation:10962007,Municipio Santa Ana,Anzoátegui,2026-08,SAN,0,0,0,0,0,0,0,0,0
osm:relation:10962007,Municipio Santa Ana,Anzoátegui,2026-08,SEC,0,0,0,0,0,0,0,0,0
osm:relation:10962007,Municipio Santa Ana,Anzoátegui,2026-09,CON,0,0,0,0,0,0,0,0,0
osm:relation:10962007,Municipio Santa Ana,Anzoátegui,2026-09,ELM,0,0,0,0,0,0,0,0,0
osm:relation:10962007,Municipio Santa Ana,Anzoátegui,2026-09,EXT,0,0,0,0,0,0,0,0,0
osm:relation:10962007,Municipio Santa Ana,Anzoátegui,2026-09,MAC,0,0,0,0,0,0,0,0,0
osm:relation:10962007,Municipio Santa Ana,Anzoátegui,2026-09,OIL,0,0,0,0,0,0,0,0,0
osm:relation:10962007,Municipio Santa Ana,Anzoátegui,2026-09,POL,0,0,0,0,0,0,0,0,0
osm:relation:10962007,Municipio Santa Ana,Anzoátegui,2026-09,SAN,0,0,0,0,0,0,0,0,0
osm:relation:10962007,Municipio Santa Ana,Anzoátegui,2026-09,SEC,0,0,0,0,0,0,0,0,0
osm:relation:10962008,Municipio Anaco,Anzoátegui,2024-09,CON,0,0,0,0,0,0,0,0,0
osm:relation:10962008,Municipio Anaco,Anzoátegui,2024-09,ELM,0,0,0,0,0,0,0,0,0
osm:relation:10962008,Municipio Anaco,Anzoátegui,2024-09,EXT,0,0,0,0,0,0,0,0,0
osm:relation:10962008,Municipio Anaco,Anzoátegui,2024-09,MAC,0,0,0,0,0,0,0,0,0
osm:relation:10962008,Municipio Anaco,Anzoátegui,2024-09,OIL,0,0,0,0,0,0,0,0,0
osm:relation:10962008,Municipio Anaco,Anzoátegui,2024-09,POL,0,0,0,0,0,0,0,0,0
osm:relation:10962008,Municipio Anaco,Anzoátegui,2024-09,SAN,0,0,0,0,0,0,0,0,0
osm:relation:10962008,Municipio Anaco,Anzoátegui,2024-09,SEC,0,0,0,0,0,0,0,0,0
osm:relation:10962008,Municipio Anaco,Anzoátegui,2024-10,CON,0,0,0,0,0,0,0,0,0
osm:relation:10962008,Municipio Anaco,Anzoátegui,2024-10,ELM,0,0,0,0,0,0,0,0,0
osm:relation:10962008,Municipio Anaco,Anzoátegui,2024-10,EXT,0,0,0,0,0,0,0,0,0
osm:relation:10962008,Municipio Anaco,Anzoátegui,2024-10,MAC,0,0,0,0,0,0,0,0,0
osm:relation:10962008,Municipio Anaco,Anzoátegui,2024-10,OIL,0,0,0,0,0,0,0,0,0
osm:relation:10962008,Municipio Anaco,Anzoátegui,2024-10,POL,1,1,0,0,0,0,0,0,1
osm:relation:10962008,Municipio Anaco,Anzoátegui,2024-10,SAN,0,0,0,0,0,0,0,0,0
osm:relation:10962008,Municipio Anaco,Anzoátegui,2024-10,SEC,0,0,0,0,0,0,0,0,0
osm:relation:10962008,Municipio Anaco,Anzoátegui,2024-11,CON,0,0,0,0,0,0,0,0,0
osm:relation:10962008,Municipio Anaco,Anzoátegui,2024-11,ELM,0,0,0,0,0,0,0,0,0
osm:relation:10962008,Municipio Anaco,Anzoátegui,2024-11,EXT,0,0,0,0,0,0,0,0,0
osm:relation:10962008,Municipio Anaco,Anzoátegui,2024-11,MAC,0,0,0,0,0,0,0,0,0
osm:relation:10962008,Municipio Anaco,Anzoátegui,2024-11,OIL,0,0,0,0,0,0,0,0,0
osm:relation:10962008,Municipio Anaco,Anzoátegui,2024-11,POL,0,0,0,0,0,0,0,0,0
osm:relation:10962008,Municipio Anaco,Anzoátegui,2024-11,SAN,0,0,0,0,0,0,0,0,0
osm:relation:10962008,Municipio Anaco,Anzoátegui,2024-11,SEC,0,0,0,0,0,0,0,0,0
osm:relation:10962008,Municipio Anaco,Anzoátegui,2024-12,CON,0,0,0,0,0,0,0,0,0
osm:relation:10962008,Municipio Anaco,Anzoátegui,2024-12,ELM,0,0,0,0,0,0,0,0,0
osm:relation:10962008,Municipio Anaco,Anzoátegui,2024-12,EXT,0,0,0,0,0,0,0,0,0
osm:relation:10962008,Municipio Anaco,Anzoátegui,2024-12,MAC,0,0,0,0,0,0,0,0,0
osm:relation:10962008,Municipio Anaco,Anzoátegui,2024-12,OIL,0,0,0,0,0,0,0,0,0
osm:relation:10962008,Municipio Anaco,Anzoátegui,2024-12,POL,0,0,0,0,0,0,0,0,0
osm:relation:10962008,Municipio Anaco,Anzoátegui,2024-12,SAN,0,0,0,0,0,0,0,0,0
osm:relation:10962008,Municipio Anaco,Anzoátegui,2024-12,SEC,0,0,0,0,0,0,0,0,0
osm:relation:10962008,Municipio Anaco,Anzoátegui,2025-01,CON,0,0,0,0,0,0,0,0,0
osm:relation:10962008,Municipio Anaco,Anzoátegui,2025-01,ELM,0,0,0,0,0,0,0,0,0
osm:relation:10962008,Municipio Anaco,Anzoátegui,2025-01,EXT,0,0,0,0,0,0,0,0,0
osm:relation:10962008,Municipio Anaco,Anzoátegui,2025-01,MAC,0,0,0,0,0,0,0,0,0
osm:relation:10962008,Municipio Anaco,Anzoátegui,2025-01,OIL,0,0,0,0,0,0,0,0,0
osm:relation:10962008,Municipio Anaco,Anzoátegui,2025-01,POL,0,0,0,0,0,0,0,0,0
osm:relation:10962008,Municipio Anaco,Anzoátegui,2025-01,SAN,0,0,0,0,0,0,0,0,0
osm:relation:10962008,Municipio Anaco,Anzoátegui,2025-01,SEC,0,0,0,0,0,0,0,0,0
osm:relation:10962008,Municipio Anaco,Anzoátegui,2025-02,CON,0,0,0,0,0,0,0,0,0
osm:relation:10962008,Municipio Anaco,Anzoátegui,2025-02,ELM,0,0,0,0,0,0,0,0,0
osm:relation:10962008,Municipio Anaco,Anzoátegui,2025-02,EXT,0,0,0,0,0,0,0,0,0
osm:relation:10962008,Municipio Anaco,Anzoátegui,2025-02,MAC,0,0,0,0,0,0,0,0,0
osm:relation:10962008,Municipio Anaco,Anzoátegui,2025-02,OIL,0,0,0,0,0,0,0,0,0
osm:relation:10962008,Municipio Anaco,Anzoátegui,2025-02,POL,0,0,0,0,0,0,0,0,0
osm:relation:10962008,Municipio Anaco,Anzoátegui,2025-02,SAN,0,0,0,0,0,0,0,0,0
osm:relation:10962008,Municipio Anaco,Anzoátegui,2025-02,SEC,0,0,0,0,0,0,0,0,0
osm:relation:10962008,Municipio Anaco,Anzoátegui,2025-03,CON,0,0,0,0,0,0,0,0,0
osm:relation:10962008,Municipio Anaco,Anzoátegui,2025-03,ELM,0,0,0,0,0,0,0,0,0
osm:relation:10962008,Municipio Anaco,Anzoátegui,2025-03,EXT,0,0,0,0,0,0,0,0,0
osm:relation:10962008,Municipio Anaco,Anzoátegui,2025-03,MAC,0,0,0,0,0,0,0,0,0
osm:relation:10962008,Municipio Anaco,Anzoátegui,2025-03,OIL,0,0,0,0,0,0,0,0,0
osm:relation:10962008,Municipio Anaco,Anzoátegui,2025-03,POL,0,0,0,0,0,0,0,0,0
osm:relation:10962008,Municipio Anaco,Anzoátegui,2025-03,SAN,0,0,0,0,0,0,0,0,0
osm:relation:10962008,Municipio Anaco,Anzoátegui,2025-03,SEC,0,0,0,0,0,0,0,0,0
osm:relation:10962008,Municipio Anaco,Anzoátegui,2025-04,CON,0,0,0,0,0,0,0,0,0
osm:relation:10962008,Municipio Anaco,Anzoátegui,2025-04,ELM,0,0,0,0,0,0,0,0,0
osm:relation:10962008,Municipio Anaco,Anzoátegui,2025-04,EXT,0,0,0,0,0,0,0,0,0
osm:relation:10962008,Municipio Anaco,Anzoátegui,2025-04,MAC,0,0,0,0,0,0,0,0,0
osm:relation:10962008,Municipio Anaco,Anzoátegui,2025-04,OIL,0,0,0,0,0,0,0,0,0
osm:relation:10962008,Municipio Anaco,Anzoátegui,2025-04,POL,0,0,0,0,0,0,0,0,0
osm:relation:10962008,Municipio Anaco,Anzoátegui,2025-04,SAN,0,0,0,0,0,0,0,0,0
osm:relation:10962008,Municipio Anaco,Anzoátegui,2025-04,SEC,0,0,0,0,0,0,0,0,0
osm:relation:10962008,Municipio Anaco,Anzoátegui,2025-05,CON,0,0,0,0,0,0,0,0,0
osm:relation:10962008,Municipio Anaco,Anzoátegui,2025-05,ELM,0,0,0,0,0,0,0,0,0
osm:relation:10962008,Municipio Anaco,Anzoátegui,2025-05,EXT,0,0,0,0,0,0,0,0,0
osm:relation:10962008,Municipio Anaco,Anzoátegui,2025-05,MAC,0,0,0,0,0,0,0,0,0
osm:relation:10962008,Municipio Anaco,Anzoátegui,2025-05,OIL,0,0,0,0,0,0,0,0,0
osm:relation:10962008,Municipio Anaco,Anzoátegui,2025-05,POL,0,0,0,0,0,0,0,0,0
osm:relation:10962008,Municipio Anaco,Anzoátegui,2025-05,SAN,0,0,0,0,0,0,0,0,0
osm:relation:10962008,Municipio Anaco,Anzoátegui,2025-05,SEC,0,0,0,0,0,0,0,0,0
osm:relation:10962008,Municipio Anaco,Anzoátegui,2025-06,CON,0,0,0,0,0,0,0,0,0
osm:relation:10962008,Municipio Anaco,Anzoátegui,2025-06,ELM,0,0,0,0,0,0,0,0,0
osm:relation:10962008,Municipio Anaco,Anzoátegui,2025-06,EXT,0,0,0,0,0,0,0,0,0
osm:relation:10962008,Municipio Anaco,Anzoátegui,2025-06,MAC,0,0,0,0,0,0,0,0,0
osm:relation:10962008,Municipio Anaco,Anzoátegui,2025-06,OIL,0,0,0,0,0,0,0,0,0
osm:relation:10962008,Municipio Anaco,Anzoátegui,2025-06,POL,0,0,0,0,0,0,0,0,0
osm:relation:10962008,Municipio Anaco,Anzoátegui,2025-06,SAN,0,0,0,0,0,0,0,0,0
osm:relation:10962008,Municipio Anaco,Anzoátegui,2025-06,SEC,0,0,0,0,0,0,0,0,0
osm:relation:10962008,Municipio Anaco,Anzoátegui,2025-07,CON,0,0,0,0,0,0,0,0,0
osm:relation:10962008,Municipio Anaco,Anzoátegui,2025-07,ELM,0,0,0,0,0,0,0,0,0
osm:relation:10962008,Municipio Anaco,Anzoátegui,2025-07,EXT,0,0,0,0,0,0,0,0,0
osm:relation:10962008,Municipio Anaco,Anzoátegui,2025-07,MAC,0,0,0,0,0,0,0,0,0
osm:relation:10962008,Municipio Anaco,Anzoátegui,2025-07,OIL,0,0,0,0,0,0,0,0,0
osm:relation:10962008,Municipio Anaco,Anzoátegui,2025-07,POL,0,0,0,0,0,0,0,0,0
osm:relation:10962008,Municipio Anaco,Anzoátegui,2025-07,SAN,0,0,0,0,0,0,0,0,0
osm:relation:10962008,Municipio Anaco,Anzoátegui,2025-07,SEC,0,0,0,0,0,0,0,0,0
osm:relation:10962008,Municipio Anaco,Anzoátegui,2025-08,CON,0,0,0,0,0,0,0,0,0
osm:relation:10962008,Municipio Anaco,Anzoátegui,2025-08,ELM,0,0,0,0,0,0,0,0,0
osm:relation:10962008,Municipio Anaco,Anzoátegui,2025-08,EXT,0,0,0,0,0,0,0,0,0
osm:relation:10962008,Municipio Anaco,Anzoátegui,2025-08,MAC,0,0,0,0,0,0,0,0,0
osm:relation:10962008,Municipio Anaco,Anzoátegui,2025-08,OIL,0,0,0,0,0,0,0,0,0
osm:relation:10962008,Municipio Anaco,Anzoátegui,2025-08,POL,0,0,0,0,0,0,0,0,0
osm:relation:10962008,Municipio Anaco,Anzoátegui,2025-08,SAN,0,0,0,0,0,0,0,0,0
osm:relation:10962008,Municipio Anaco,Anzoátegui,2025-08,SEC,0,0,0,0,0,0,0,0,0
osm:relation:10962008,Municipio Anaco,Anzoátegui,2025-09,CON,0,0,0,0,0,0,0,0,0
osm:relation:10962008,Municipio Anaco,Anzoátegui,2025-09,ELM,0,0,0,0,0,0,0,0,0
osm:relation:10962008,Municipio Anaco,Anzoátegui,2025-09,EXT,0,0,0,0,0,0,0,0,0
osm:relation:10962008,Municipio Anaco,Anzoátegui,2025-09,MAC,0,0,0,0,0,0,0,0,0
osm:relation:10962008,Municipio Anaco,Anzoátegui,2025-09,OIL,0,0,0,0,0,0,0,0,0
osm:relation:10962008,Municipio Anaco,Anzoátegui,2025-09,POL,0,0,0,0,0,0,0,0,0
osm:relation:10962008,Municipio Anaco,Anzoátegui,2025-09,SAN,0,0,0,0,0,0,0,0,0
osm:relation:10962008,Municipio Anaco,Anzoátegui,2025-09,SEC,0,0,0,0,0,0,0,0,0
osm:relation:10962008,Municipio Anaco,Anzoátegui,2025-10,CON,0,0,0,0,0,0,0,0,0
osm:relation:10962008,Municipio Anaco,Anzoátegui,2025-10,ELM,0,0,0,0,0,0,0,0,0
osm:relation:10962008,Municipio Anaco,Anzoátegui,2025-10,EXT,0,0,0,0,0,0,0,0,0
osm:relation:10962008,Municipio Anaco,Anzoátegui,2025-10,MAC,0,0,0,0,0,0,0,0,0
osm:relation:10962008,Municipio Anaco,Anzoátegui,2025-10,OIL,0,0,0,0,0,0,0,0,0
osm:relation:10962008,Municipio Anaco,Anzoátegui,2025-10,POL,0,0,0,0,0,0,0,0,0
osm:relation:10962008,Municipio Anaco,Anzoátegui,2025-10,SAN,0,0,0,0,0,0,0,0,0
osm:relation:10962008,Municipio Anaco,Anzoátegui,2025-10,SEC,0,0,0,0,0,0,0,0,0
osm:relation:10962008,Municipio Anaco,Anzoátegui,2025-11,CON,0,0,0,0,0,0,0,0,0
osm:relation:10962008,Municipio Anaco,Anzoátegui,2025-11,ELM,0,0,0,0,0,0,0,0,0
osm:relation:10962008,Municipio Anaco,Anzoátegui,2025-11,EXT,0,0,0,0,0,0,0,0,0
osm:relation:10962008,Municipio Anaco,Anzoátegui,2025-11,MAC,0,0,0,0,0,0,0,0,0
osm:relation:10962008,Municipio Anaco,Anzoátegui,2025-11,OIL,0,0,0,0,0,0,0,0,0
osm:relation:10962008,Municipio Anaco,Anzoátegui,2025-11,POL,0,0,0,0,0,0,0,0,0
osm:relation:10962008,Municipio Anaco,Anzoátegui,2025-11,SAN,0,0,0,0,0,0,0,0,0
osm:relation:10962008,Municipio Anaco,Anzoátegui,2025-11,SEC,0,0,0,0,0,0,0,0,0
osm:relation:10962008,Municipio Anaco,Anzoátegui,2025-12,CON,0,0,0,0,0,0,0,0,0
osm:relation:10962008,Municipio Anaco,Anzoátegui,2025-12,ELM,0,0,0,0,0,0,0,0,0
osm:relation:10962008,Municipio Anaco,Anzoátegui,2025-12,EXT,0,0,0,0,0,0,0,0,0
osm:relation:10962008,Municipio Anaco,Anzoátegui,2025-12,MAC,0,0,0,0,0,0,0,0,0
osm:relation:10962008,Municipio Anaco,Anzoátegui,2025-12,OIL,0,0,0,0,0,0,0,0,0
osm:relation:10962008,Municipio Anaco,Anzoátegui,2025-12,POL,0,0,0,0,0,0,0,0,0
osm:relation:10962008,Municipio Anaco,Anzoátegui,2025-12,SAN,0,0,0,0,0,0,0,0,0
osm:relation:10962008,Municipio Anaco,Anzoátegui,2025-12,SEC,0,0,0,0,0,0,0,0,0
osm:relation:10962008,Municipio Anaco,Anzoátegui,2026-01,CON,0,0,0,0,0,0,0,0,0
osm:relation:10962008,Municipio Anaco,Anzoátegui,2026-01,ELM,0,0,0,0,0,0,0,0,0
osm:relation:10962008,Municipio Anaco,Anzoátegui,2026-01,EXT,0,0,0,0,0,0,0,0,0
osm:relation:10962008,Municipio Anaco,Anzoátegui,2026-01,MAC,0,0,0,0,0,0,0,0,0
osm:relation:10962008,Municipio Anaco,Anzoátegui,2026-01,OIL,0,0,0,0,0,0,0,0,0
osm:relation:10962008,Municipio Anaco,Anzoátegui,2026-01,POL,0,0,0,0,0,0,0,0,0
osm:relation:10962008,Municipio Anaco,Anzoátegui,2026-01,SAN,0,0,0,0,0,0,0,0,0
osm:relation:10962008,Municipio Anaco,Anzoátegui,2026-01,SEC,0,0,0,0,0,0,0,0,0
osm:relation:10962008,Municipio Anaco,Anzoátegui,2026-02,CON,0,0,0,0,0,0,0,0,0
osm:relation:10962008,Municipio Anaco,Anzoátegui,2026-02,ELM,0,0,0,0,0,0,0,0,0
osm:relation:10962008,Municipio Anaco,Anzoátegui,2026-02,EXT,0,0,0,0,0,0,0,0,0
osm:relation:10962008,Municipio Anaco,Anzoátegui,2026-02,MAC,0,0,0,0,0,0,0,0,0
osm:relation:10962008,Municipio Anaco,Anzoátegui,2026-02,OIL,0,0,0,0,0,0,0,0,0
osm:relation:10962008,Municipio Anaco,Anzoátegui,2026-02,POL,0,0,0,0,0,0,0,0,0
osm:relation:10962008,Municipio Anaco,Anzoátegui,2026-02,SAN,0,0,0,0,0,0,0,0,0
osm:relation:10962008,Municipio Anaco,Anzoátegui,2026-02,SEC,0,0,0,0,0,0,0,0,0
osm:relation:10962008,Municipio Anaco,Anzoátegui,2026-03,CON,0,0,0,0,0,0,0,0,0
osm:relation:10962008,Municipio Anaco,Anzoátegui,2026-03,ELM,0,0,0,0,0,0,0,0,0
osm:relation:10962008,Municipio Anaco,Anzoátegui,2026-03,EXT,0,0,0,0,0,0,0,0,0
osm:relation:10962008,Municipio Anaco,Anzoátegui,2026-03,MAC,0,0,0,0,0,0,0,0,0
osm:relation:10962008,Municipio Anaco,Anzoátegui,2026-03,OIL,0,0,0,0,0,0,0,0,0
osm:relation:10962008,Municipio Anaco,Anzoátegui,2026-03,POL,0,0,0,0,0,0,0,0,0
osm:relation:10962008,Municipio Anaco,Anzoátegui,2026-03,SAN,0,0,0,0,0,0,0,0,0
osm:relation:10962008,Municipio Anaco,Anzoátegui,2026-03,SEC,0,0,0,0,0,0,0,0,0
osm:relation:10962008,Municipio Anaco,Anzoátegui,2026-04,CON,0,0,0,0,0,0,0,0,0
osm:relation:10962008,Municipio Anaco,Anzoátegui,2026-04,ELM,0,0,0,0,0,0,0,0,0
osm:relation:10962008,Municipio Anaco,Anzoátegui,2026-04,EXT,0,0,0,0,0,0,0,0,0
osm:relation:10962008,Municipio Anaco,Anzoátegui,2026-04,MAC,0,0,0,0,0,0,0,0,0
osm:relation:10962008,Municipio Anaco,Anzoátegui,2026-04,OIL,0,0,0,0,0,0,0,0,0
osm:relation:10962008,Municipio Anaco,Anzoátegui,2026-04,POL,0,0,0,0,0,0,0,0,0
osm:relation:10962008,Municipio Anaco,Anzoátegui,2026-04,SAN,0,0,0,0,0,0,0,0,0
osm:relation:10962008,Municipio Anaco,Anzoátegui,2026-04,SEC,0,0,0,0,0,0,0,0,0
osm:relation:10962008,Municipio Anaco,Anzoátegui,2026-05,CON,0,0,0,0,0,0,0,0,0
osm:relation:10962008,Municipio Anaco,Anzoátegui,2026-05,ELM,1,1,0,0,0,0,0,0,1
osm:relation:10962008,Municipio Anaco,Anzoátegui,2026-05,EXT,0,0,0,0,0,0,0,0,0
osm:relation:10962008,Municipio Anaco,Anzoátegui,2026-05,MAC,0,0,0,0,0,0,0,0,0
osm:relation:10962008,Municipio Anaco,Anzoátegui,2026-05,OIL,0,0,0,0,0,0,0,0,0
osm:relation:10962008,Municipio Anaco,Anzoátegui,2026-05,POL,2,2,0,0,0,0,0,0,2
osm:relation:10962008,Municipio Anaco,Anzoátegui,2026-05,SAN,0,0,0,0,0,0,0,0,0
osm:relation:10962008,Municipio Anaco,Anzoátegui,2026-05,SEC,0,0,0,0,0,0,0,0,0
osm:relation:10962008,Municipio Anaco,Anzoátegui,2026-06,CON,0,0,0,0,0,0,0,0,0
osm:relation:10962008,Municipio Anaco,Anzoátegui,2026-06,ELM,0,0,0,0,0,0,0,0,0
osm:relation:10962008,Municipio Anaco,Anzoátegui,2026-06,EXT,0,0,0,0,0,0,0,0,0
osm:relation:10962008,Municipio Anaco,Anzoátegui,2026-06,MAC,0,0,0,0,0,0,0,0,0
osm:relation:10962008,Municipio Anaco,Anzoátegui,2026-06,OIL,0,0,0,0,0,0,0,0,0
osm:relation:10962008,Municipio Anaco,Anzoátegui,2026-06,POL,0,0,0,0,0,0,0,0,0
osm:relation:10962008,Municipio Anaco,Anzoátegui,2026-06,SAN,0,0,0,0,0,0,0,0,0
osm:relation:10962008,Municipio Anaco,Anzoátegui,2026-06,SEC,0,0,0,0,0,0,0,0,0
osm:relation:10962008,Municipio Anaco,Anzoátegui,2026-07,CON,0,0,0,0,0,0,0,0,0
osm:relation:10962008,Municipio Anaco,Anzoátegui,2026-07,ELM,0,0,0,0,0,0,0,0,0
osm:relation:10962008,Municipio Anaco,Anzoátegui,2026-07,EXT,0,0,0,0,0,0,0,0,0
osm:relation:10962008,Municipio Anaco,Anzoátegui,2026-07,MAC,0,0,0,0,0,0,0,0,0
osm:relation:10962008,Municipio Anaco,Anzoátegui,2026-07,OIL,1,1,0,0,0,0,0,0,1
osm:relation:10962008,Municipio Anaco,Anzoátegui,2026-07,POL,0,0,0,0,0,0,0,0,0
osm:relation:10962008,Municipio Anaco,Anzoátegui,2026-07,SAN,0,0,0,0,0,0,0,0,0
osm:relation:10962008,Municipio Anaco,Anzoátegui,2026-07,SEC,1,1,0,0,0,0,0,0,1
osm:relation:10962008,Municipio Anaco,Anzoátegui,2026-08,CON,0,0,0,0,0,0,0,0,0
osm:relation:10962008,Municipio Anaco,Anzoátegui,2026-08,ELM,0,0,0,0,0,0,0,0,0
osm:relation:10962008,Municipio Anaco,Anzoátegui,2026-08,EXT,0,0,0,0,0,0,0,0,0
osm:relation:10962008,Municipio Anaco,Anzoátegui,2026-08,MAC,0,0,0,0,0,0,0,0,0
osm:relation:10962008,Municipio Anaco,Anzoátegui,2026-08,OIL,0,0,0,0,0,0,0,0,0
osm:relation:10962008,Municipio Anaco,Anzoátegui,2026-08,POL,0,0,0,0,0,0,0,0,0
osm:relation:10962008,Municipio Anaco,Anzoátegui,2026-08,SAN,0,0,0,0,0,0,0,0,0
osm:relation:10962008,Municipio Anaco,Anzoátegui,2026-08,SEC,0,0,0,0,0,0,0,0,0
osm:relation:10962008,Municipio Anaco,Anzoátegui,2026-09,CON,0,0,0,0,0,0,0,0,0
osm:relation:10962008,Municipio Anaco,Anzoátegui,2026-09,ELM,0,0,0,0,0,0,0,0,0
osm:relation:10962008,Municipio Anaco,Anzoátegui,2026-09,EXT,0,0,0,0,0,0,0,0,0
osm:relation:10962008,Municipio Anaco,Anzoátegui,2026-09,MAC,0,0,0,0,0,0,0,0,0
osm:relation:10962008,Municipio Anaco,Anzoátegui,2026-09,OIL,0,0,0,0,0,0,0,0,0
osm:relation:10962008,Municipio Anaco,Anzoátegui,2026-09,POL,0,0,0,0,0,0,0,0,0
osm:relation:10962008,Municipio Anaco,Anzoátegui,2026-09,SAN,0,0,0,0,0,0,0,0,0
osm:relation:10962008,Municipio Anaco,Anzoátegui,2026-09,SEC,0,0,0,0,0,0,0,0,0
osm:relation:10962009,Municipio Freites,Anzoátegui,2024-09,CON,0,0,0,0,0,0,0,0,0
osm:relation:10962009,Municipio Freites,Anzoátegui,2024-09,ELM,0,0,0,0,0,0,0,0,0
osm:relation:10962009,Municipio Freites,Anzoátegui,2024-09,EXT,0,0,0,0,0,0,0,0,0
osm:relation:10962009,Municipio Freites,Anzoátegui,2024-09,MAC,0,0,0,0,0,0,0,0,0
osm:relation:10962009,Municipio Freites,Anzoátegui,2024-09,OIL,0,0,0,0,0,0,0,0,0
osm:relation:10962009,Municipio Freites,Anzoátegui,2024-09,POL,0,0,0,0,0,0,0,0,0
osm:relation:10962009,Municipio Freites,Anzoátegui,2024-09,SAN,0,0,0,0,0,0,0,0,0
osm:relation:10962009,Municipio Freites,Anzoátegui,2024-09,SEC,0,0,0,0,0,0,0,0,0
osm:relation:10962009,Municipio Freites,Anzoátegui,2024-10,CON,0,0,0,0,0,0,0,0,0
osm:relation:10962009,Municipio Freites,Anzoátegui,2024-10,ELM,0,0,0,0,0,0,0,0,0
osm:relation:10962009,Municipio Freites,Anzoátegui,2024-10,EXT,0,0,0,0,0,0,0,0,0
osm:relation:10962009,Municipio Freites,Anzoátegui,2024-10,MAC,0,0,0,0,0,0,0,0,0
osm:relation:10962009,Municipio Freites,Anzoátegui,2024-10,OIL,0,0,0,0,0,0,0,0,0
osm:relation:10962009,Municipio Freites,Anzoátegui,2024-10,POL,1,1,0,0,0,0,0,0,1
osm:relation:10962009,Municipio Freites,Anzoátegui,2024-10,SAN,0,0,0,0,0,0,0,0,0
osm:relation:10962009,Municipio Freites,Anzoátegui,2024-10,SEC,0,0,0,0,0,0,0,0,0
osm:relation:10962009,Municipio Freites,Anzoátegui,2024-11,CON,0,0,0,0,0,0,0,0,0
osm:relation:10962009,Municipio Freites,Anzoátegui,2024-11,ELM,0,0,0,0,0,0,0,0,0
osm:relation:10962009,Municipio Freites,Anzoátegui,2024-11,EXT,0,0,0,0,0,0,0,0,0
osm:relation:10962009,Municipio Freites,Anzoátegui,2024-11,MAC,0,0,0,0,0,0,0,0,0
osm:relation:10962009,Municipio Freites,Anzoátegui,2024-11,OIL,0,0,0,0,0,0,0,0,0
osm:relation:10962009,Municipio Freites,Anzoátegui,2024-11,POL,0,0,0,0,0,0,0,0,0
osm:relation:10962009,Municipio Freites,Anzoátegui,2024-11,SAN,0,0,0,0,0,0,0,0,0
osm:relation:10962009,Municipio Freites,Anzoátegui,2024-11,SEC,0,0,0,0,0,0,0,0,0
osm:relation:10962009,Municipio Freites,Anzoátegui,2024-12,CON,0,0,0,0,0,0,0,0,0
osm:relation:10962009,Municipio Freites,Anzoátegui,2024-12,ELM,0,0,0,0,0,0,0,0,0
osm:relation:10962009,Municipio Freites,Anzoátegui,2024-12,EXT,0,0,0,0,0,0,0,0,0
osm:relation:10962009,Municipio Freites,Anzoátegui,2024-12,MAC,0,0,0,0,0,0,0,0,0
osm:relation:10962009,Municipio Freites,Anzoátegui,2024-12,OIL,0,0,0,0,0,0,0,0,0
osm:relation:10962009,Municipio Freites,Anzoátegui,2024-12,POL,0,0,0,0,0,0,0,0,0
osm:relation:10962009,Municipio Freites,Anzoátegui,2024-12,SAN,0,0,0,0,0,0,0,0,0
osm:relation:10962009,Municipio Freites,Anzoátegui,2024-12,SEC,0,0,0,0,0,0,0,0,0
osm:relation:10962009,Municipio Freites,Anzoátegui,2025-01,CON,0,0,0,0,0,0,0,0,0
osm:relation:10962009,Municipio Freites,Anzoátegui,2025-01,ELM,0,0,0,0,0,0,0,0,0
osm:relation:10962009,Municipio Freites,Anzoátegui,2025-01,EXT,0,0,0,0,0,0,0,0,0
osm:relation:10962009,Municipio Freites,Anzoátegui,2025-01,MAC,0,0,0,0,0,0,0,0,0
osm:relation:10962009,Municipio Freites,Anzoátegui,2025-01,OIL,0,0,0,0,0,0,0,0,0
osm:relation:10962009,Municipio Freites,Anzoátegui,2025-01,POL,0,0,0,0,0,0,0,0,0
osm:relation:10962009,Municipio Freites,Anzoátegui,2025-01,SAN,0,0,0,0,0,0,0,0,0
osm:relation:10962009,Municipio Freites,Anzoátegui,2025-01,SEC,0,0,0,0,0,0,0,0,0
osm:relation:10962009,Municipio Freites,Anzoátegui,2025-02,CON,0,0,0,0,0,0,0,0,0
osm:relation:10962009,Municipio Freites,Anzoátegui,2025-02,ELM,0,0,0,0,0,0,0,0,0
osm:relation:10962009,Municipio Freites,Anzoátegui,2025-02,EXT,0,0,0,0,0,0,0,0,0
osm:relation:10962009,Municipio Freites,Anzoátegui,2025-02,MAC,0,0,0,0,0,0,0,0,0
osm:relation:10962009,Municipio Freites,Anzoátegui,2025-02,OIL,0,0,0,0,0,0,0,0,0
osm:relation:10962009,Municipio Freites,Anzoátegui,2025-02,POL,0,0,0,0,0,0,0,0,0
osm:relation:10962009,Municipio Freites,Anzoátegui,2025-02,SAN,0,0,0,0,0,0,0,0,0
osm:relation:10962009,Municipio Freites,Anzoátegui,2025-02,SEC,0,0,0,0,0,0,0,0,0
osm:relation:10962009,Municipio Freites,Anzoátegui,2025-03,CON,0,0,0,0,0,0,0,0,0
osm:relation:10962009,Municipio Freites,Anzoátegui,2025-03,ELM,0,0,0,0,0,0,0,0,0
osm:relation:10962009,Municipio Freites,Anzoátegui,2025-03,EXT,0,0,0,0,0,0,0,0,0
osm:relation:10962009,Municipio Freites,Anzoátegui,2025-03,MAC,0,0,0,0,0,0,0,0,0
osm:relation:10962009,Municipio Freites,Anzoátegui,2025-03,OIL,0,0,0,0,0,0,0,0,0
osm:relation:10962009,Municipio Freites,Anzoátegui,2025-03,POL,0,0,0,0,0,0,0,0,0
osm:relation:10962009,Municipio Freites,Anzoátegui,2025-03,SAN,0,0,0,0,0,0,0,0,0
osm:relation:10962009,Municipio Freites,Anzoátegui,2025-03,SEC,0,0,0,0,0,0,0,0,0
osm:relation:10962009,Municipio Freites,Anzoátegui,2025-04,CON,0,0,0,0,0,0,0,0,0
osm:relation:10962009,Municipio Freites,Anzoátegui,2025-04,ELM,0,0,0,0,0,0,0,0,0
osm:relation:10962009,Municipio Freites,Anzoátegui,2025-04,EXT,0,0,0,0,0,0,0,0,0
osm:relation:10962009,Municipio Freites,Anzoátegui,2025-04,MAC,0,0,0,0,0,0,0,0,0
osm:relation:10962009,Municipio Freites,Anzoátegui,2025-04,OIL,0,0,0,0,0,0,0,0,0
osm:relation:10962009,Municipio Freites,Anzoátegui,2025-04,POL,0,0,0,0,0,0,0,0,0
osm:relation:10962009,Municipio Freites,Anzoátegui,2025-04,SAN,0,0,0,0,0,0,0,0,0
osm:relation:10962009,Municipio Freites,Anzoátegui,2025-04,SEC,0,0,0,0,0,0,0,0,0
osm:relation:10962009,Municipio Freites,Anzoátegui,2025-05,CON,0,0,0,0,0,0,0,0,0
osm:relation:10962009,Municipio Freites,Anzoátegui,2025-05,ELM,0,0,0,0,0,0,0,0,0
osm:relation:10962009,Municipio Freites,Anzoátegui,2025-05,EXT,0,0,0,0,0,0,0,0,0
osm:relation:10962009,Municipio Freites,Anzoátegui,2025-05,MAC,0,0,0,0,0,0,0,0,0
osm:relation:10962009,Municipio Freites,Anzoátegui,2025-05,OIL,0,0,0,0,0,0,0,0,0
osm:relation:10962009,Municipio Freites,Anzoátegui,2025-05,POL,0,0,0,0,0,0,0,0,0
osm:relation:10962009,Municipio Freites,Anzoátegui,2025-05,SAN,0,0,0,0,0,0,0,0,0
osm:relation:10962009,Municipio Freites,Anzoátegui,2025-05,SEC,0,0,0,0,0,0,0,0,0
osm:relation:10962009,Municipio Freites,Anzoátegui,2025-06,CON,0,0,0,0,0,0,0,0,0
osm:relation:10962009,Municipio Freites,Anzoátegui,2025-06,ELM,0,0,0,0,0,0,0,0,0
osm:relation:10962009,Municipio Freites,Anzoátegui,2025-06,EXT,0,0,0,0,0,0,0,0,0
osm:relation:10962009,Municipio Freites,Anzoátegui,2025-06,MAC,0,0,0,0,0,0,0,0,0
osm:relation:10962009,Municipio Freites,Anzoátegui,2025-06,OIL,0,0,0,0,0,0,0,0,0
osm:relation:10962009,Municipio Freites,Anzoátegui,2025-06,POL,0,0,0,0,0,0,0,0,0
osm:relation:10962009,Municipio Freites,Anzoátegui,2025-06,SAN,0,0,0,0,0,0,0,0,0
osm:relation:10962009,Municipio Freites,Anzoátegui,2025-06,SEC,0,0,0,0,0,0,0,0,0
osm:relation:10962009,Municipio Freites,Anzoátegui,2025-07,CON,0,0,0,0,0,0,0,0,0
osm:relation:10962009,Municipio Freites,Anzoátegui,2025-07,ELM,0,0,0,0,0,0,0,0,0
osm:relation:10962009,Municipio Freites,Anzoátegui,2025-07,EXT,0,0,0,0,0,0,0,0,0
osm:relation:10962009,Municipio Freites,Anzoátegui,2025-07,MAC,0,0,0,0,0,0,0,0,0
osm:relation:10962009,Municipio Freites,Anzoátegui,2025-07,OIL,0,0,0,0,0,0,0,0,0
osm:relation:10962009,Municipio Freites,Anzoátegui,2025-07,POL,0,0,0,0,0,0,0,0,0
osm:relation:10962009,Municipio Freites,Anzoátegui,2025-07,SAN,0,0,0,0,0,0,0,0,0
osm:relation:10962009,Municipio Freites,Anzoátegui,2025-07,SEC,0,0,0,0,0,0,0,0,0
osm:relation:10962009,Municipio Freites,Anzoátegui,2025-08,CON,0,0,0,0,0,0,0,0,0
osm:relation:10962009,Municipio Freites,Anzoátegui,2025-08,ELM,0,0,0,0,0,0,0,0,0
osm:relation:10962009,Municipio Freites,Anzoátegui,2025-08,EXT,0,0,0,0,0,0,0,0,0
osm:relation:10962009,Municipio Freites,Anzoátegui,2025-08,MAC,0,0,0,0,0,0,0,0,0
osm:relation:10962009,Municipio Freites,Anzoátegui,2025-08,OIL,0,0,0,0,0,0,0,0,0
osm:relation:10962009,Municipio Freites,Anzoátegui,2025-08,POL,0,0,0,0,0,0,0,0,0
osm:relation:10962009,Municipio Freites,Anzoátegui,2025-08,SAN,0,0,0,0,0,0,0,0,0
osm:relation:10962009,Municipio Freites,Anzoátegui,2025-08,SEC,0,0,0,0,0,0,0,0,0
osm:relation:10962009,Municipio Freites,Anzoátegui,2025-09,CON,0,0,0,0,0,0,0,0,0
osm:relation:10962009,Municipio Freites,Anzoátegui,2025-09,ELM,0,0,0,0,0,0,0,0,0
osm:relation:10962009,Municipio Freites,Anzoátegui,2025-09,EXT,0,0,0,0,0,0,0,0,0
osm:relation:10962009,Municipio Freites,Anzoátegui,2025-09,MAC,0,0,0,0,0,0,0,0,0
osm:relation:10962009,Municipio Freites,Anzoátegui,2025-09,OIL,0,0,0,0,0,0,0,0,0
osm:relation:10962009,Municipio Freites,Anzoátegui,2025-09,POL,0,0,0,0,0,0,0,0,0
osm:relation:10962009,Municipio Freites,Anzoátegui,2025-09,SAN,0,0,0,0,0,0,0,0,0
osm:relation:10962009,Municipio Freites,Anzoátegui,2025-09,SEC,0,0,0,0,0,0,0,0,0
osm:relation:10962009,Municipio Freites,Anzoátegui,2025-10,CON,0,0,0,0,0,0,0,0,0
osm:relation:10962009,Municipio Freites,Anzoátegui,2025-10,ELM,0,0,0,0,0,0,0,0,0
osm:relation:10962009,Municipio Freites,Anzoátegui,2025-10,EXT,0,0,0,0,0,0,0,0,0
osm:relation:10962009,Municipio Freites,Anzoátegui,2025-10,MAC,0,0,0,0,0,0,0,0,0
osm:relation:10962009,Municipio Freites,Anzoátegui,2025-10,OIL,0,0,0,0,0,0,0,0,0
osm:relation:10962009,Municipio Freites,Anzoátegui,2025-10,POL,0,0,0,0,0,0,0,0,0
osm:relation:10962009,Municipio Freites,Anzoátegui,2025-10,SAN,0,0,0,0,0,0,0,0,0
osm:relation:10962009,Municipio Freites,Anzoátegui,2025-10,SEC,1,1,0,0,0,0,0,0,1
osm:relation:10962009,Municipio Freites,Anzoátegui,2025-11,CON,0,0,0,0,0,0,0,0,0
osm:relation:10962009,Municipio Freites,Anzoátegui,2025-11,ELM,0,0,0,0,0,0,0,0,0
osm:relation:10962009,Municipio Freites,Anzoátegui,2025-11,EXT,0,0,0,0,0,0,0,0,0
osm:relation:10962009,Municipio Freites,Anzoátegui,2025-11,MAC,0,0,0,0,0,0,0,0,0
osm:relation:10962009,Municipio Freites,Anzoátegui,2025-11,OIL,0,0,0,0,0,0,0,0,0
osm:relation:10962009,Municipio Freites,Anzoátegui,2025-11,POL,0,0,0,0,0,0,0,0,0
osm:relation:10962009,Municipio Freites,Anzoátegui,2025-11,SAN,0,0,0,0,0,0,0,0,0
osm:relation:10962009,Municipio Freites,Anzoátegui,2025-11,SEC,0,0,0,0,0,0,0,0,0
osm:relation:10962009,Municipio Freites,Anzoátegui,2025-12,CON,0,0,0,0,0,0,0,0,0
osm:relation:10962009,Municipio Freites,Anzoátegui,2025-12,ELM,0,0,0,0,0,0,0,0,0
osm:relation:10962009,Municipio Freites,Anzoátegui,2025-12,EXT,0,0,0,0,0,0,0,0,0
osm:relation:10962009,Municipio Freites,Anzoátegui,2025-12,MAC,0,0,0,0,0,0,0,0,0
osm:relation:10962009,Municipio Freites,Anzoátegui,2025-12,OIL,0,0,0,0,0,0,0,0,0
osm:relation:10962009,Municipio Freites,Anzoátegui,2025-12,POL,0,0,0,0,0,0,0,0,0
osm:relation:10962009,Municipio Freites,Anzoátegui,2025-12,SAN,0,0,0,0,0,0,0,0,0
osm:relation:10962009,Municipio Freites,Anzoátegui,2025-12,SEC,0,0,0,0,0,0,0,0,0
osm:relation:10962009,Municipio Freites,Anzoátegui,2026-01,CON,0,0,0,0,0,0,0,0,0
osm:relation:10962009,Municipio Freites,Anzoátegui,2026-01,ELM,0,0,0,0,0,0,0,0,0
osm:relation:10962009,Municipio Freites,Anzoátegui,2026-01,EXT,0,0,0,0,0,0,0,0,0
osm:relation:10962009,Municipio Freites,Anzoátegui,2026-01,MAC,0,0,0,0,0,0,0,0,0
osm:relation:10962009,Municipio Freites,Anzoátegui,2026-01,OIL,0,0,0,0,0,0,0,0,0
osm:relation:10962009,Municipio Freites,Anzoátegui,2026-01,POL,0,0,0,0,0,0,0,0,0
osm:relation:10962009,Municipio Freites,Anzoátegui,2026-01,SAN,0,0,0,0,0,0,0,0,0
osm:relation:10962009,Municipio Freites,Anzoátegui,2026-01,SEC,0,0,0,0,0,0,0,0,0
osm:relation:10962009,Municipio Freites,Anzoátegui,2026-02,CON,0,0,0,0,0,0,0,0,0
osm:relation:10962009,Municipio Freites,Anzoátegui,2026-02,ELM,0,0,0,0,0,0,0,0,0
osm:relation:10962009,Municipio Freites,Anzoátegui,2026-02,EXT,0,0,0,0,0,0,0,0,0
osm:relation:10962009,Municipio Freites,Anzoátegui,2026-02,MAC,0,0,0,0,0,0,0,0,0
osm:relation:10962009,Municipio Freites,Anzoátegui,2026-02,OIL,0,0,0,0,0,0,0,0,0
osm:relation:10962009,Municipio Freites,Anzoátegui,2026-02,POL,0,0,0,0,0,0,0,0,0
osm:relation:10962009,Municipio Freites,Anzoátegui,2026-02,SAN,0,0,0,0,0,0,0,0,0
osm:relation:10962009,Municipio Freites,Anzoátegui,2026-02,SEC,0,0,0,0,0,0,0,0,0
osm:relation:10962009,Municipio Freites,Anzoátegui,2026-03,CON,0,0,0,0,0,0,0,0,0
osm:relation:10962009,Municipio Freites,Anzoátegui,2026-03,ELM,0,0,0,0,0,0,0,0,0
osm:relation:10962009,Municipio Freites,Anzoátegui,2026-03,EXT,0,0,0,0,0,0,0,0,0
osm:relation:10962009,Municipio Freites,Anzoátegui,2026-03,MAC,0,0,0,0,0,0,0,0,0
osm:relation:10962009,Municipio Freites,Anzoátegui,2026-03,OIL,0,0,0,0,0,0,0,0,0
osm:relation:10962009,Municipio Freites,Anzoátegui,2026-03,POL,0,0,0,0,0,0,0,0,0
osm:relation:10962009,Municipio Freites,Anzoátegui,2026-03,SAN,0,0,0,0,0,0,0,0,0
osm:relation:10962009,Municipio Freites,Anzoátegui,2026-03,SEC,0,0,0,0,0,0,0,0,0
osm:relation:10962009,Municipio Freites,Anzoátegui,2026-04,CON,0,0,0,0,0,0,0,0,0
osm:relation:10962009,Municipio Freites,Anzoátegui,2026-04,ELM,0,0,0,0,0,0,0,0,0
osm:relation:10962009,Municipio Freites,Anzoátegui,2026-04,EXT,0,0,0,0,0,0,0,0,0
osm:relation:10962009,Municipio Freites,Anzoátegui,2026-04,MAC,0,0,0,0,0,0,0,0,0
osm:relation:10962009,Municipio Freites,Anzoátegui,2026-04,OIL,0,0,0,0,0,0,0,0,0
osm:relation:10962009,Municipio Freites,Anzoátegui,2026-04,POL,0,0,0,0,0,0,0,0,0
osm:relation:10962009,Municipio Freites,Anzoátegui,2026-04,SAN,0,0,0,0,0,0,0,0,0
osm:relation:10962009,Municipio Freites,Anzoátegui,2026-04,SEC,0,0,0,0,0,0,0,0,0
osm:relation:10962009,Municipio Freites,Anzoátegui,2026-05,CON,0,0,0,0,0,0,0,0,0
osm:relation:10962009,Municipio Freites,Anzoátegui,2026-05,ELM,0,0,0,0,0,0,0,0,0
osm:relation:10962009,Municipio Freites,Anzoátegui,2026-05,EXT,0,0,0,0,0,0,0,0,0
osm:relation:10962009,Municipio Freites,Anzoátegui,2026-05,MAC,0,0,0,0,0,0,0,0,0
osm:relation:10962009,Municipio Freites,Anzoátegui,2026-05,OIL,0,0,0,0,0,0,0,0,0
osm:relation:10962009,Municipio Freites,Anzoátegui,2026-05,POL,0,0,0,0,0,0,0,0,0
osm:relation:10962009,Municipio Freites,Anzoátegui,2026-05,SAN,0,0,0,0,0,0,0,0,0
osm:relation:10962009,Municipio Freites,Anzoátegui,2026-05,SEC,0,0,0,0,0,0,0,0,0
osm:relation:10962009,Municipio Freites,Anzoátegui,2026-06,CON,0,0,0,0,0,0,0,0,0
osm:relation:10962009,Municipio Freites,Anzoátegui,2026-06,ELM,0,0,0,0,0,0,0,0,0
osm:relation:10962009,Municipio Freites,Anzoátegui,2026-06,EXT,0,0,0,0,0,0,0,0,0
osm:relation:10962009,Municipio Freites,Anzoátegui,2026-06,MAC,0,0,0,0,0,0,0,0,0
osm:relation:10962009,Municipio Freites,Anzoátegui,2026-06,OIL,0,0,0,0,0,0,0,0,0
osm:relation:10962009,Municipio Freites,Anzoátegui,2026-06,POL,0,0,0,0,0,0,0,0,0
osm:relation:10962009,Municipio Freites,Anzoátegui,2026-06,SAN,0,0,0,0,0,0,0,0,0
osm:relation:10962009,Municipio Freites,Anzoátegui,2026-06,SEC,0,0,0,0,0,0,0,0,0
osm:relation:10962009,Municipio Freites,Anzoátegui,2026-07,CON,0,0,0,0,0,0,0,0,0
osm:relation:10962009,Municipio Freites,Anzoátegui,2026-07,ELM,0,0,0,0,0,0,0,0,0
osm:relation:10962009,Municipio Freites,Anzoátegui,2026-07,EXT,0,0,0,0,0,0,0,0,0
osm:relation:10962009,Municipio Freites,Anzoátegui,2026-07,MAC,0,0,0,0,0,0,0,0,0
osm:relation:10962009,Municipio Freites,Anzoátegui,2026-07,OIL,0,0,0,0,0,0,0,0,0
osm:relation:10962009,Municipio Freites,Anzoátegui,2026-07,POL,0,0,0,0,0,0,0,0,0
osm:relation:10962009,Municipio Freites,Anzoátegui,2026-07,SAN,0,0,0,0,0,0,0,0,0
osm:relation:10962009,Municipio Freites,Anzoátegui,2026-07,SEC,0,0,0,0,0,0,0,0,0
osm:relation:10962009,Municipio Freites,Anzoátegui,2026-08,CON,0,0,0,0,0,0,0,0,0
osm:relation:10962009,Municipio Freites,Anzoátegui,2026-08,ELM,0,0,0,0,0,0,0,0,0
osm:relation:10962009,Municipio Freites,Anzoátegui,2026-08,EXT,0,0,0,0,0,0,0,0,0
osm:relation:10962009,Municipio Freites,Anzoátegui,2026-08,MAC,0,0,0,0,0,0,0,0,0
osm:relation:10962009,Municipio Freites,Anzoátegui,2026-08,OIL,0,0,0,0,0,0,0,0,0
osm:relation:10962009,Municipio Freites,Anzoátegui,2026-08,POL,0,0,0,0,0,0,0,0,0
osm:relation:10962009,Municipio Freites,Anzoátegui,2026-08,SAN,0,0,0,0,0,0,0,0,0
osm:relation:10962009,Municipio Freites,Anzoátegui,2026-08,SEC,0,0,0,0,0,0,0,0,0
osm:relation:10962009,Municipio Freites,Anzoátegui,2026-09,CON,0,0,0,0,0,0,0,0,0
osm:relation:10962009,Municipio Freites,Anzoátegui,2026-09,ELM,0,0,0,0,0,0,0,0,0
osm:relation:10962009,Municipio Freites,Anzoátegui,2026-09,EXT,0,0,0,0,0,0,0,0,0
osm:relation:10962009,Municipio Freites,Anzoátegui,2026-09,MAC,0,0,0,0,0,0,0,0,0
osm:relation:10962009,Municipio Freites,Anzoátegui,2026-09,OIL,0,0,0,0,0,0,0,0,0
osm:relation:10962009,Municipio Freites,Anzoátegui,2026-09,POL,0,0,0,0,0,0,0,0,0
osm:relation:10962009,Municipio Freites,Anzoátegui,2026-09,SAN,0,0,0,0,0,0,0,0,0
osm:relation:10962009,Municipio Freites,Anzoátegui,2026-09,SEC,0,0,0,0,0,0,0,0,0
osm:relation:10962010,Municipio Simón Rodríguez,Anzoátegui,2024-09,CON,0,0,0,0,0,0,0,0,0
osm:relation:10962010,Municipio Simón Rodríguez,Anzoátegui,2024-09,ELM,0,0,0,0,0,0,0,0,0
osm:relation:10962010,Municipio Simón Rodríguez,Anzoátegui,2024-09,EXT,0,0,0,0,0,0,0,0,0
osm:relation:10962010,Municipio Simón Rodríguez,Anzoátegui,2024-09,MAC,0,0,0,0,0,0,0,0,0
osm:relation:10962010,Municipio Simón Rodríguez,Anzoátegui,2024-09,OIL,0,0,0,0,0,0,0,0,0
osm:relation:10962010,Municipio Simón Rodríguez,Anzoátegui,2024-09,POL,0,0,0,0,0,0,0,0,0
osm:relation:10962010,Municipio Simón Rodríguez,Anzoátegui,2024-09,SAN,0,0,0,0,0,0,0,0,0
osm:relation:10962010,Municipio Simón Rodríguez,Anzoátegui,2024-09,SEC,0,0,0,0,0,0,0,0,0
osm:relation:10962010,Municipio Simón Rodríguez,Anzoátegui,2024-10,CON,0,0,0,0,0,0,0,0,0
osm:relation:10962010,Municipio Simón Rodríguez,Anzoátegui,2024-10,ELM,0,0,0,0,0,0,0,0,0
osm:relation:10962010,Municipio Simón Rodríguez,Anzoátegui,2024-10,EXT,0,0,0,0,0,0,0,0,0
osm:relation:10962010,Municipio Simón Rodríguez,Anzoátegui,2024-10,MAC,0,0,0,0,0,0,0,0,0
osm:relation:10962010,Municipio Simón Rodríguez,Anzoátegui,2024-10,OIL,0,0,0,0,0,0,0,0,0
osm:relation:10962010,Municipio Simón Rodríguez,Anzoátegui,2024-10,POL,1,1,0,0,0,0,0,0,1
osm:relation:10962010,Municipio Simón Rodríguez,Anzoátegui,2024-10,SAN,0,0,0,0,0,0,0,0,0
osm:relation:10962010,Municipio Simón Rodríguez,Anzoátegui,2024-10,SEC,0,0,0,0,0,0,0,0,0
osm:relation:10962010,Municipio Simón Rodríguez,Anzoátegui,2024-11,CON,0,0,0,0,0,0,0,0,0
osm:relation:10962010,Municipio Simón Rodríguez,Anzoátegui,2024-11,ELM,0,0,0,0,0,0,0,0,0
osm:relation:10962010,Municipio Simón Rodríguez,Anzoátegui,2024-11,EXT,0,0,0,0,0,0,0,0,0
osm:relation:10962010,Municipio Simón Rodríguez,Anzoátegui,2024-11,MAC,0,0,0,0,0,0,0,0,0
osm:relation:10962010,Municipio Simón Rodríguez,Anzoátegui,2024-11,OIL,0,0,0,0,0,0,0,0,0
osm:relation:10962010,Municipio Simón Rodríguez,Anzoátegui,2024-11,POL,0,0,0,0,0,0,0,0,0
osm:relation:10962010,Municipio Simón Rodríguez,Anzoátegui,2024-11,SAN,0,0,0,0,0,0,0,0,0
osm:relation:10962010,Municipio Simón Rodríguez,Anzoátegui,2024-11,SEC,0,0,0,0,0,0,0,0,0
osm:relation:10962010,Municipio Simón Rodríguez,Anzoátegui,2024-12,CON,0,0,0,0,0,0,0,0,0
osm:relation:10962010,Municipio Simón Rodríguez,Anzoátegui,2024-12,ELM,0,0,0,0,0,0,0,0,0
osm:relation:10962010,Municipio Simón Rodríguez,Anzoátegui,2024-12,EXT,0,0,0,0,0,0,0,0,0
osm:relation:10962010,Municipio Simón Rodríguez,Anzoátegui,2024-12,MAC,0,0,0,0,0,0,0,0,0
osm:relation:10962010,Municipio Simón Rodríguez,Anzoátegui,2024-12,OIL,0,0,0,0,0,0,0,0,0
osm:relation:10962010,Municipio Simón Rodríguez,Anzoátegui,2024-12,POL,0,0,0,0,0,0,0,0,0
osm:relation:10962010,Municipio Simón Rodríguez,Anzoátegui,2024-12,SAN,0,0,0,0,0,0,0,0,0
osm:relation:10962010,Municipio Simón Rodríguez,Anzoátegui,2024-12,SEC,0,0,0,0,0,0,0,0,0
osm:relation:10962010,Municipio Simón Rodríguez,Anzoátegui,2025-01,CON,0,0,0,0,0,0,0,0,0
osm:relation:10962010,Municipio Simón Rodríguez,Anzoátegui,2025-01,ELM,0,0,0,0,0,0,0,0,0
osm:relation:10962010,Municipio Simón Rodríguez,Anzoátegui,2025-01,EXT,0,0,0,0,0,0,0,0,0
osm:relation:10962010,Municipio Simón Rodríguez,Anzoátegui,2025-01,MAC,0,0,0,0,0,0,0,0,0
osm:relation:10962010,Municipio Simón Rodríguez,Anzoátegui,2025-01,OIL,0,0,0,0,0,0,0,0,0
osm:relation:10962010,Municipio Simón Rodríguez,Anzoátegui,2025-01,POL,2,2,0,0,0,0,0,0,2
osm:relation:10962010,Municipio Simón Rodríguez,Anzoátegui,2025-01,SAN,0,0,0,0,0,0,0,0,0
osm:relation:10962010,Municipio Simón Rodríguez,Anzoátegui,2025-01,SEC,0,0,0,0,0,0,0,0,0
osm:relation:10962010,Municipio Simón Rodríguez,Anzoátegui,2025-02,CON,0,0,0,0,0,0,0,0,0
osm:relation:10962010,Municipio Simón Rodríguez,Anzoátegui,2025-02,ELM,0,0,0,0,0,0,0,0,0
osm:relation:10962010,Municipio Simón Rodríguez,Anzoátegui,2025-02,EXT,0,0,0,0,0,0,0,0,0
osm:relation:10962010,Municipio Simón Rodríguez,Anzoátegui,2025-02,MAC,0,0,0,0,0,0,0,0,0
osm:relation:10962010,Municipio Simón Rodríguez,Anzoátegui,2025-02,OIL,0,0,0,0,0,0,0,0,0
osm:relation:10962010,Municipio Simón Rodríguez,Anzoátegui,2025-02,POL,0,0,0,0,0,0,0,0,0
osm:relation:10962010,Municipio Simón Rodríguez,Anzoátegui,2025-02,SAN,0,0,0,0,0,0,0,0,0
osm:relation:10962010,Municipio Simón Rodríguez,Anzoátegui,2025-02,SEC,0,0,0,0,0,0,0,0,0
osm:relation:10962010,Municipio Simón Rodríguez,Anzoátegui,2025-03,CON,0,0,0,0,0,0,0,0,0
osm:relation:10962010,Municipio Simón Rodríguez,Anzoátegui,2025-03,ELM,0,0,0,0,0,0,0,0,0
osm:relation:10962010,Municipio Simón Rodríguez,Anzoátegui,2025-03,EXT,0,0,0,0,0,0,0,0,0
osm:relation:10962010,Municipio Simón Rodríguez,Anzoátegui,2025-03,MAC,0,0,0,0,0,0,0,0,0
osm:relation:10962010,Municipio Simón Rodríguez,Anzoátegui,2025-03,OIL,0,0,0,0,0,0,0,0,0
osm:relation:10962010,Municipio Simón Rodríguez,Anzoátegui,2025-03,POL,0,0,0,0,0,0,0,0,0
osm:relation:10962010,Municipio Simón Rodríguez,Anzoátegui,2025-03,SAN,0,0,0,0,0,0,0,0,0
osm:relation:10962010,Municipio Simón Rodríguez,Anzoátegui,2025-03,SEC,0,0,0,0,0,0,0,0,0
osm:relation:10962010,Municipio Simón Rodríguez,Anzoátegui,2025-04,CON,0,0,0,0,0,0,0,0,0
osm:relation:10962010,Municipio Simón Rodríguez,Anzoátegui,2025-04,ELM,0,0,0,0,0,0,0,0,0
osm:relation:10962010,Municipio Simón Rodríguez,Anzoátegui,2025-04,EXT,0,0,0,0,0,0,0,0,0
osm:relation:10962010,Municipio Simón Rodríguez,Anzoátegui,2025-04,MAC,0,0,0,0,0,0,0,0,0
osm:relation:10962010,Municipio Simón Rodríguez,Anzoátegui,2025-04,OIL,0,0,0,0,0,0,0,0,0
osm:relation:10962010,Municipio Simón Rodríguez,Anzoátegui,2025-04,POL,0,0,0,0,0,0,0,0,0
osm:relation:10962010,Municipio Simón Rodríguez,Anzoátegui,2025-04,SAN,0,0,0,0,0,0,0,0,0
osm:relation:10962010,Municipio Simón Rodríguez,Anzoátegui,2025-04,SEC,1,1,0,0,0,0,0,0,1
osm:relation:10962010,Municipio Simón Rodríguez,Anzoátegui,2025-05,CON,0,0,0,0,0,0,0,0,0
osm:relation:10962010,Municipio Simón Rodríguez,Anzoátegui,2025-05,ELM,0,0,0,0,0,0,0,0,0
osm:relation:10962010,Municipio Simón Rodríguez,Anzoátegui,2025-05,EXT,0,0,0,0,0,0,0,0,0
osm:relation:10962010,Municipio Simón Rodríguez,Anzoátegui,2025-05,MAC,0,0,0,0,0,0,0,0,0
osm:relation:10962010,Municipio Simón Rodríguez,Anzoátegui,2025-05,OIL,0,0,0,0,0,0,0,0,0
osm:relation:10962010,Municipio Simón Rodríguez,Anzoátegui,2025-05,POL,0,0,0,0,0,0,0,0,0
osm:relation:10962010,Municipio Simón Rodríguez,Anzoátegui,2025-05,SAN,0,0,0,0,0,0,0,0,0
osm:relation:10962010,Municipio Simón Rodríguez,Anzoátegui,2025-05,SEC,0,0,0,0,0,0,0,0,0
osm:relation:10962010,Municipio Simón Rodríguez,Anzoátegui,2025-06,CON,0,0,0,0,0,0,0,0,0
osm:relation:10962010,Municipio Simón Rodríguez,Anzoátegui,2025-06,ELM,0,0,0,0,0,0,0,0,0
osm:relation:10962010,Municipio Simón Rodríguez,Anzoátegui,2025-06,EXT,0,0,0,0,0,0,0,0,0
osm:relation:10962010,Municipio Simón Rodríguez,Anzoátegui,2025-06,MAC,0,0,0,0,0,0,0,0,0
osm:relation:10962010,Municipio Simón Rodríguez,Anzoátegui,2025-06,OIL,0,0,0,0,0,0,0,0,0
osm:relation:10962010,Municipio Simón Rodríguez,Anzoátegui,2025-06,POL,0,0,0,0,0,0,0,0,0
osm:relation:10962010,Municipio Simón Rodríguez,Anzoátegui,2025-06,SAN,0,0,0,0,0,0,0,0,0
osm:relation:10962010,Municipio Simón Rodríguez,Anzoátegui,2025-06,SEC,0,0,0,0,0,0,0,0,0
osm:relation:10962010,Municipio Simón Rodríguez,Anzoátegui,2025-07,CON,0,0,0,0,0,0,0,0,0
osm:relation:10962010,Municipio Simón Rodríguez,Anzoátegui,2025-07,ELM,0,0,0,0,0,0,0,0,0
osm:relation:10962010,Municipio Simón Rodríguez,Anzoátegui,2025-07,EXT,0,0,0,0,0,0,0,0,0
osm:relation:10962010,Municipio Simón Rodríguez,Anzoátegui,2025-07,MAC,0,0,0,0,0,0,0,0,0
osm:relation:10962010,Municipio Simón Rodríguez,Anzoátegui,2025-07,OIL,0,0,0,0,0,0,0,0,0
osm:relation:10962010,Municipio Simón Rodríguez,Anzoátegui,2025-07,POL,0,0,0,0,0,0,0,0,0
osm:relation:10962010,Municipio Simón Rodríguez,Anzoátegui,2025-07,SAN,0,0,0,0,0,0,0,0,0
osm:relation:10962010,Municipio Simón Rodríguez,Anzoátegui,2025-07,SEC,0,0,0,0,0,0,0,0,0
osm:relation:10962010,Municipio Simón Rodríguez,Anzoátegui,2025-08,CON,0,0,0,0,0,0,0,0,0
osm:relation:10962010,Municipio Simón Rodríguez,Anzoátegui,2025-08,ELM,0,0,0,0,0,0,0,0,0
osm:relation:10962010,Municipio Simón Rodríguez,Anzoátegui,2025-08,EXT,0,0,0,0,0,0,0,0,0
osm:relation:10962010,Municipio Simón Rodríguez,Anzoátegui,2025-08,MAC,0,0,0,0,0,0,0,0,0
osm:relation:10962010,Municipio Simón Rodríguez,Anzoátegui,2025-08,OIL,0,0,0,0,0,0,0,0,0
osm:relation:10962010,Municipio Simón Rodríguez,Anzoátegui,2025-08,POL,0,0,0,0,0,0,0,0,0
osm:relation:10962010,Municipio Simón Rodríguez,Anzoátegui,2025-08,SAN,0,0,0,0,0,0,0,0,0
osm:relation:10962010,Municipio Simón Rodríguez,Anzoátegui,2025-08,SEC,0,0,0,0,0,0,0,0,0
osm:relation:10962010,Municipio Simón Rodríguez,Anzoátegui,2025-09,CON,0,0,0,0,0,0,0,0,0
osm:relation:10962010,Municipio Simón Rodríguez,Anzoátegui,2025-09,ELM,0,0,0,0,0,0,0,0,0
osm:relation:10962010,Municipio Simón Rodríguez,Anzoátegui,2025-09,EXT,0,0,0,0,0,0,0,0,0
osm:relation:10962010,Municipio Simón Rodríguez,Anzoátegui,2025-09,MAC,0,0,0,0,0,0,0,0,0
osm:relation:10962010,Municipio Simón Rodríguez,Anzoátegui,2025-09,OIL,0,0,0,0,0,0,0,0,0
osm:relation:10962010,Municipio Simón Rodríguez,Anzoátegui,2025-09,POL,0,0,0,0,0,0,0,0,0
osm:relation:10962010,Municipio Simón Rodríguez,Anzoátegui,2025-09,SAN,0,0,0,0,0,0,0,0,0
osm:relation:10962010,Municipio Simón Rodríguez,Anzoátegui,2025-09,SEC,0,0,0,0,0,0,0,0,0
osm:relation:10962010,Municipio Simón Rodríguez,Anzoátegui,2025-10,CON,0,0,0,0,0,0,0,0,0
osm:relation:10962010,Municipio Simón Rodríguez,Anzoátegui,2025-10,ELM,0,0,0,0,0,0,0,0,0
osm:relation:10962010,Municipio Simón Rodríguez,Anzoátegui,2025-10,EXT,0,0,0,0,0,0,0,0,0
osm:relation:10962010,Municipio Simón Rodríguez,Anzoátegui,2025-10,MAC,0,0,0,0,0,0,0,0,0
osm:relation:10962010,Municipio Simón Rodríguez,Anzoátegui,2025-10,OIL,0,0,0,0,0,0,0,0,0
osm:relation:10962010,Municipio Simón Rodríguez,Anzoátegui,2025-10,POL,0,0,0,0,0,0,0,0,0
osm:relation:10962010,Municipio Simón Rodríguez,Anzoátegui,2025-10,SAN,0,0,0,0,0,0,0,0,0
osm:relation:10962010,Municipio Simón Rodríguez,Anzoátegui,2025-10,SEC,0,0,0,0,0,0,0,0,0
osm:relation:10962010,Municipio Simón Rodríguez,Anzoátegui,2025-11,CON,0,0,0,0,0,0,0,0,0
osm:relation:10962010,Municipio Simón Rodríguez,Anzoátegui,2025-11,ELM,0,0,0,0,0,0,0,0,0
osm:relation:10962010,Municipio Simón Rodríguez,Anzoátegui,2025-11,EXT,0,0,0,0,0,0,0,0,0
osm:relation:10962010,Municipio Simón Rodríguez,Anzoátegui,2025-11,MAC,0,0,0,0,0,0,0,0,0
osm:relation:10962010,Municipio Simón Rodríguez,Anzoátegui,2025-11,OIL,0,0,0,0,0,0,0,0,0
osm:relation:10962010,Municipio Simón Rodríguez,Anzoátegui,2025-11,POL,0,0,0,0,0,0,0,0,0
osm:relation:10962010,Municipio Simón Rodríguez,Anzoátegui,2025-11,SAN,0,0,0,0,0,0,0,0,0
osm:relation:10962010,Municipio Simón Rodríguez,Anzoátegui,2025-11,SEC,0,0,0,0,0,0,0,0,0
osm:relation:10962010,Municipio Simón Rodríguez,Anzoátegui,2025-12,CON,0,0,0,0,0,0,0,0,0
osm:relation:10962010,Municipio Simón Rodríguez,Anzoátegui,2025-12,ELM,0,0,0,0,0,0,0,0,0
osm:relation:10962010,Municipio Simón Rodríguez,Anzoátegui,2025-12,EXT,0,0,0,0,0,0,0,0,0
osm:relation:10962010,Municipio Simón Rodríguez,Anzoátegui,2025-12,MAC,0,0,0,0,0,0,0,0,0
osm:relation:10962010,Municipio Simón Rodríguez,Anzoátegui,2025-12,OIL,0,0,0,0,0,0,0,0,0
osm:relation:10962010,Municipio Simón Rodríguez,Anzoátegui,2025-12,POL,0,0,0,0,0,0,0,0,0
osm:relation:10962010,Municipio Simón Rodríguez,Anzoátegui,2025-12,SAN,0,0,0,0,0,0,0,0,0
osm:relation:10962010,Municipio Simón Rodríguez,Anzoátegui,2025-12,SEC,0,0,0,0,0,0,0,0,0
osm:relation:10962010,Municipio Simón Rodríguez,Anzoátegui,2026-01,CON,0,0,0,0,0,0,0,0,0
osm:relation:10962010,Municipio Simón Rodríguez,Anzoátegui,2026-01,ELM,0,0,0,0,0,0,0,0,0
osm:relation:10962010,Municipio Simón Rodríguez,Anzoátegui,2026-01,EXT,0,0,0,0,0,0,0,0,0
osm:relation:10962010,Municipio Simón Rodríguez,Anzoátegui,2026-01,MAC,0,0,0,0,0,0,0,0,0
osm:relation:10962010,Municipio Simón Rodríguez,Anzoátegui,2026-01,OIL,0,0,0,0,0,0,0,0,0
osm:relation:10962010,Municipio Simón Rodríguez,Anzoátegui,2026-01,POL,0,0,0,0,0,0,0,0,0
osm:relation:10962010,Municipio Simón Rodríguez,Anzoátegui,2026-01,SAN,0,0,0,0,0,0,0,0,0
osm:relation:10962010,Municipio Simón Rodríguez,Anzoátegui,2026-01,SEC,0,0,0,0,0,0,0,0,0
osm:relation:10962010,Municipio Simón Rodríguez,Anzoátegui,2026-02,CON,0,0,0,0,0,0,0,0,0
osm:relation:10962010,Municipio Simón Rodríguez,Anzoátegui,2026-02,ELM,0,0,0,0,0,0,0,0,0
osm:relation:10962010,Municipio Simón Rodríguez,Anzoátegui,2026-02,EXT,0,0,0,0,0,0,0,0,0
osm:relation:10962010,Municipio Simón Rodríguez,Anzoátegui,2026-02,MAC,0,0,0,0,0,0,0,0,0
osm:relation:10962010,Municipio Simón Rodríguez,Anzoátegui,2026-02,OIL,0,0,0,0,0,0,0,0,0
osm:relation:10962010,Municipio Simón Rodríguez,Anzoátegui,2026-02,POL,0,0,0,0,0,0,0,0,0
osm:relation:10962010,Municipio Simón Rodríguez,Anzoátegui,2026-02,SAN,0,0,0,0,0,0,0,0,0
osm:relation:10962010,Municipio Simón Rodríguez,Anzoátegui,2026-02,SEC,0,0,0,0,0,0,0,0,0
osm:relation:10962010,Municipio Simón Rodríguez,Anzoátegui,2026-03,CON,0,0,0,0,0,0,0,0,0
osm:relation:10962010,Municipio Simón Rodríguez,Anzoátegui,2026-03,ELM,0,0,0,0,0,0,0,0,0
osm:relation:10962010,Municipio Simón Rodríguez,Anzoátegui,2026-03,EXT,0,0,0,0,0,0,0,0,0
osm:relation:10962010,Municipio Simón Rodríguez,Anzoátegui,2026-03,MAC,0,0,0,0,0,0,0,0,0
osm:relation:10962010,Municipio Simón Rodríguez,Anzoátegui,2026-03,OIL,0,0,0,0,0,0,0,0,0
osm:relation:10962010,Municipio Simón Rodríguez,Anzoátegui,2026-03,POL,0,0,0,0,0,0,0,0,0
osm:relation:10962010,Municipio Simón Rodríguez,Anzoátegui,2026-03,SAN,0,0,0,0,0,0,0,0,0
osm:relation:10962010,Municipio Simón Rodríguez,Anzoátegui,2026-03,SEC,1,1,0,0,0,0,0,0,1
osm:relation:10962010,Municipio Simón Rodríguez,Anzoátegui,2026-04,CON,0,0,0,0,0,0,0,0,0
osm:relation:10962010,Municipio Simón Rodríguez,Anzoátegui,2026-04,ELM,0,0,0,0,0,0,0,0,0
osm:relation:10962010,Municipio Simón Rodríguez,Anzoátegui,2026-04,EXT,0,0,0,0,0,0,0,0,0
osm:relation:10962010,Municipio Simón Rodríguez,Anzoátegui,2026-04,MAC,0,0,0,0,0,0,0,0,0
osm:relation:10962010,Municipio Simón Rodríguez,Anzoátegui,2026-04,OIL,0,0,0,0,0,0,0,0,0
osm:relation:10962010,Municipio Simón Rodríguez,Anzoátegui,2026-04,POL,0,0,0,0,0,0,0,0,0
osm:relation:10962010,Municipio Simón Rodríguez,Anzoátegui,2026-04,SAN,0,0,0,0,0,0,0,0,0
osm:relation:10962010,Municipio Simón Rodríguez,Anzoátegui,2026-04,SEC,0,0,0,0,0,0,0,0,0
osm:relation:10962010,Municipio Simón Rodríguez,Anzoátegui,2026-05,CON,0,0,0,0,0,0,0,0,0
osm:relation:10962010,Municipio Simón Rodríguez,Anzoátegui,2026-05,ELM,0,0,0,0,0,0,0,0,0
osm:relation:10962010,Municipio Simón Rodríguez,Anzoátegui,2026-05,EXT,0,0,0,0,0,0,0,0,0
osm:relation:10962010,Municipio Simón Rodríguez,Anzoátegui,2026-05,MAC,0,0,0,0,0,0,0,0,0
osm:relation:10962010,Municipio Simón Rodríguez,Anzoátegui,2026-05,OIL,0,0,0,0,0,0,0,0,0
osm:relation:10962010,Municipio Simón Rodríguez,Anzoátegui,2026-05,POL,2,2,0,0,0,0,0,0,2
osm:relation:10962010,Municipio Simón Rodríguez,Anzoátegui,2026-05,SAN,0,0,0,0,0,0,0,0,0
osm:relation:10962010,Municipio Simón Rodríguez,Anzoátegui,2026-05,SEC,0,0,0,0,0,0,0,0,0
osm:relation:10962010,Municipio Simón Rodríguez,Anzoátegui,2026-06,CON,0,0,0,0,0,0,0,0,0
osm:relation:10962010,Municipio Simón Rodríguez,Anzoátegui,2026-06,ELM,0,0,0,0,0,0,0,0,0
osm:relation:10962010,Municipio Simón Rodríguez,Anzoátegui,2026-06,EXT,0,0,0,0,0,0,0,0,0
osm:relation:10962010,Municipio Simón Rodríguez,Anzoátegui,2026-06,MAC,0,0,0,0,0,0,0,0,0
osm:relation:10962010,Municipio Simón Rodríguez,Anzoátegui,2026-06,OIL,0,0,0,0,0,0,0,0,0
osm:relation:10962010,Municipio Simón Rodríguez,Anzoátegui,2026-06,POL,1,1,0,0,0,0,0,0,1
osm:relation:10962010,Municipio Simón Rodríguez,Anzoátegui,2026-06,SAN,0,0,0,0,0,0,0,0,0
osm:relation:10962010,Municipio Simón Rodríguez,Anzoátegui,2026-06,SEC,0,0,0,0,0,0,0,0,0
osm:relation:10962010,Municipio Simón Rodríguez,Anzoátegui,2026-07,CON,0,0,0,0,0,0,0,0,0
osm:relation:10962010,Municipio Simón Rodríguez,Anzoátegui,2026-07,ELM,0,0,0,0,0,0,0,0,0
osm:relation:10962010,Municipio Simón Rodríguez,Anzoátegui,2026-07,EXT,0,0,0,0,0,0,0,0,0
osm:relation:10962010,Municipio Simón Rodríguez,Anzoátegui,2026-07,MAC,0,0,0,0,0,0,0,0,0
osm:relation:10962010,Municipio Simón Rodríguez,Anzoátegui,2026-07,OIL,0,0,0,0,0,0,0,0,0
osm:relation:10962010,Municipio Simón Rodríguez,Anzoátegui,2026-07,POL,0,0,0,0,0,0,0,0,0
osm:relation:10962010,Municipio Simón Rodríguez,Anzoátegui,2026-07,SAN,0,0,0,0,0,0,0,0,0
osm:relation:10962010,Municipio Simón Rodríguez,Anzoátegui,2026-07,SEC,0,0,0,0,0,0,0,0,0
osm:relation:10962010,Municipio Simón Rodríguez,Anzoátegui,2026-08,CON,0,0,0,0,0,0,0,0,0
osm:relation:10962010,Municipio Simón Rodríguez,Anzoátegui,2026-08,ELM,0,0,0,0,0,0,0,0,0
osm:relation:10962010,Municipio Simón Rodríguez,Anzoátegui,2026-08,EXT,0,0,0,0,0,0,0,0,0
osm:relation:10962010,Municipio Simón Rodríguez,Anzoátegui,2026-08,MAC,0,0,0,0,0,0,0,0,0
osm:relation:10962010,Municipio Simón Rodríguez,Anzoátegui,2026-08,OIL,0,0,0,0,0,0,0,0,0
osm:relation:10962010,Municipio Simón Rodríguez,Anzoátegui,2026-08,POL,0,0,0,0,0,0,0,0,0
osm:relation:10962010,Municipio Simón Rodríguez,Anzoátegui,2026-08,SAN,0,0,0,0,0,0,0,0,0
osm:relation:10962010,Municipio Simón Rodríguez,Anzoátegui,2026-08,SEC,0,0,0,0,0,0,0,0,0
osm:relation:10962010,Municipio Simón Rodríguez,Anzoátegui,2026-09,CON,0,0,0,0,0,0,0,0,0
osm:relation:10962010,Municipio Simón Rodríguez,Anzoátegui,2026-09,ELM,0,0,0,0,0,0,0,0,0
osm:relation:10962010,Municipio Simón Rodríguez,Anzoátegui,2026-09,EXT,0,0,0,0,0,0,0,0,0
osm:relation:10962010,Municipio Simón Rodríguez,Anzoátegui,2026-09,MAC,0,0,0,0,0,0,0,0,0
osm:relation:10962010,Municipio Simón Rodríguez,Anzoátegui,2026-09,OIL,0,0,0,0,0,0,0,0,0
osm:relation:10962010,Municipio Simón Rodríguez,Anzoátegui,2026-09,POL,0,0,0,0,0,0,0,0,0
osm:relation:10962010,Municipio Simón Rodríguez,Anzoátegui,2026-09,SAN,0,0,0,0,0,0,0,0,0
osm:relation:10962010,Municipio Simón Rodríguez,Anzoátegui,2026-09,SEC,0,0,0,0,0,0,0,0,0
osm:relation:10962011,Municipio Guanipa,Anzoátegui,2024-09,CON,0,0,0,0,0,0,0,0,0
osm:relation:10962011,Municipio Guanipa,Anzoátegui,2024-09,ELM,0,0,0,0,0,0,0,0,0
osm:relation:10962011,Municipio Guanipa,Anzoátegui,2024-09,EXT,0,0,0,0,0,0,0,0,0
osm:relation:10962011,Municipio Guanipa,Anzoátegui,2024-09,MAC,0,0,0,0,0,0,0,0,0
osm:relation:10962011,Municipio Guanipa,Anzoátegui,2024-09,OIL,0,0,0,0,0,0,0,0,0
osm:relation:10962011,Municipio Guanipa,Anzoátegui,2024-09,POL,0,0,0,0,0,0,0,0,0
osm:relation:10962011,Municipio Guanipa,Anzoátegui,2024-09,SAN,0,0,0,0,0,0,0,0,0
osm:relation:10962011,Municipio Guanipa,Anzoátegui,2024-09,SEC,0,0,0,0,0,0,0,0,0
osm:relation:10962011,Municipio Guanipa,Anzoátegui,2024-10,CON,0,0,0,0,0,0,0,0,0
osm:relation:10962011,Municipio Guanipa,Anzoátegui,2024-10,ELM,0,0,0,0,0,0,0,0,0
osm:relation:10962011,Municipio Guanipa,Anzoátegui,2024-10,EXT,0,0,0,0,0,0,0,0,0
osm:relation:10962011,Municipio Guanipa,Anzoátegui,2024-10,MAC,0,0,0,0,0,0,0,0,0
osm:relation:10962011,Municipio Guanipa,Anzoátegui,2024-10,OIL,0,0,0,0,0,0,0,0,0
osm:relation:10962011,Municipio Guanipa,Anzoátegui,2024-10,POL,0,0,0,0,0,0,0,0,0
osm:relation:10962011,Municipio Guanipa,Anzoátegui,2024-10,SAN,0,0,0,0,0,0,0,0,0
osm:relation:10962011,Municipio Guanipa,Anzoátegui,2024-10,SEC,0,0,0,0,0,0,0,0,0
osm:relation:10962011,Municipio Guanipa,Anzoátegui,2024-11,CON,0,0,0,0,0,0,0,0,0
osm:relation:10962011,Municipio Guanipa,Anzoátegui,2024-11,ELM,0,0,0,0,0,0,0,0,0
osm:relation:10962011,Municipio Guanipa,Anzoátegui,2024-11,EXT,0,0,0,0,0,0,0,0,0
osm:relation:10962011,Municipio Guanipa,Anzoátegui,2024-11,MAC,0,0,0,0,0,0,0,0,0
osm:relation:10962011,Municipio Guanipa,Anzoátegui,2024-11,OIL,0,0,0,0,0,0,0,0,0
osm:relation:10962011,Municipio Guanipa,Anzoátegui,2024-11,POL,0,0,0,0,0,0,0,0,0
osm:relation:10962011,Municipio Guanipa,Anzoátegui,2024-11,SAN,0,0,0,0,0,0,0,0,0
osm:relation:10962011,Municipio Guanipa,Anzoátegui,2024-11,SEC,0,0,0,0,0,0,0,0,0
osm:relation:10962011,Municipio Guanipa,Anzoátegui,2024-12,CON,0,0,0,0,0,0,0,0,0
osm:relation:10962011,Municipio Guanipa,Anzoátegui,2024-12,ELM,0,0,0,0,0,0,0,0,0
osm:relation:10962011,Municipio Guanipa,Anzoátegui,2024-12,EXT,0,0,0,0,0,0,0,0,0
osm:relation:10962011,Municipio Guanipa,Anzoátegui,2024-12,MAC,0,0,0,0,0,0,0,0,0
osm:relation:10962011,Municipio Guanipa,Anzoátegui,2024-12,OIL,0,0,0,0,0,0,0,0,0
osm:relation:10962011,Municipio Guanipa,Anzoátegui,2024-12,POL,0,0,0,0,0,0,0,0,0
osm:relation:10962011,Municipio Guanipa,Anzoátegui,2024-12,SAN,0,0,0,0,0,0,0,0,0
osm:relation:10962011,Municipio Guanipa,Anzoátegui,2024-12,SEC,0,0,0,0,0,0,0,0,0
osm:relation:10962011,Municipio Guanipa,Anzoátegui,2025-01,CON,0,0,0,0,0,0,0,0,0
osm:relation:10962011,Municipio Guanipa,Anzoátegui,2025-01,ELM,0,0,0,0,0,0,0,0,0
osm:relation:10962011,Municipio Guanipa,Anzoátegui,2025-01,EXT,0,0,0,0,0,0,0,0,0
osm:relation:10962011,Municipio Guanipa,Anzoátegui,2025-01,MAC,0,0,0,0,0,0,0,0,0
osm:relation:10962011,Municipio Guanipa,Anzoátegui,2025-01,OIL,0,0,0,0,0,0,0,0,0
osm:relation:10962011,Municipio Guanipa,Anzoátegui,2025-01,POL,0,0,0,0,0,0,0,0,0
osm:relation:10962011,Municipio Guanipa,Anzoátegui,2025-01,SAN,0,0,0,0,0,0,0,0,0
osm:relation:10962011,Municipio Guanipa,Anzoátegui,2025-01,SEC,0,0,0,0,0,0,0,0,0
osm:relation:10962011,Municipio Guanipa,Anzoátegui,2025-02,CON,0,0,0,0,0,0,0,0,0
osm:relation:10962011,Municipio Guanipa,Anzoátegui,2025-02,ELM,0,0,0,0,0,0,0,0,0
osm:relation:10962011,Municipio Guanipa,Anzoátegui,2025-02,EXT,0,0,0,0,0,0,0,0,0
osm:relation:10962011,Municipio Guanipa,Anzoátegui,2025-02,MAC,0,0,0,0,0,0,0,0,0
osm:relation:10962011,Municipio Guanipa,Anzoátegui,2025-02,OIL,0,0,0,0,0,0,0,0,0
osm:relation:10962011,Municipio Guanipa,Anzoátegui,2025-02,POL,0,0,0,0,0,0,0,0,0
osm:relation:10962011,Municipio Guanipa,Anzoátegui,2025-02,SAN,0,0,0,0,0,0,0,0,0
osm:relation:10962011,Municipio Guanipa,Anzoátegui,2025-02,SEC,0,0,0,0,0,0,0,0,0
osm:relation:10962011,Municipio Guanipa,Anzoátegui,2025-03,CON,0,0,0,0,0,0,0,0,0
osm:relation:10962011,Municipio Guanipa,Anzoátegui,2025-03,ELM,0,0,0,0,0,0,0,0,0
osm:relation:10962011,Municipio Guanipa,Anzoátegui,2025-03,EXT,0,0,0,0,0,0,0,0,0
osm:relation:10962011,Municipio Guanipa,Anzoátegui,2025-03,MAC,0,0,0,0,0,0,0,0,0
osm:relation:10962011,Municipio Guanipa,Anzoátegui,2025-03,OIL,0,0,0,0,0,0,0,0,0
osm:relation:10962011,Municipio Guanipa,Anzoátegui,2025-03,POL,0,0,0,0,0,0,0,0,0
osm:relation:10962011,Municipio Guanipa,Anzoátegui,2025-03,SAN,0,0,0,0,0,0,0,0,0
osm:relation:10962011,Municipio Guanipa,Anzoátegui,2025-03,SEC,0,0,0,0,0,0,0,0,0
osm:relation:10962011,Municipio Guanipa,Anzoátegui,2025-04,CON,0,0,0,0,0,0,0,0,0
osm:relation:10962011,Municipio Guanipa,Anzoátegui,2025-04,ELM,0,0,0,0,0,0,0,0,0
osm:relation:10962011,Municipio Guanipa,Anzoátegui,2025-04,EXT,0,0,0,0,0,0,0,0,0
osm:relation:10962011,Municipio Guanipa,Anzoátegui,2025-04,MAC,0,0,0,0,0,0,0,0,0
osm:relation:10962011,Municipio Guanipa,Anzoátegui,2025-04,OIL,0,0,0,0,0,0,0,0,0
osm:relation:10962011,Municipio Guanipa,Anzoátegui,2025-04,POL,0,0,0,0,0,0,0,0,0
osm:relation:10962011,Municipio Guanipa,Anzoátegui,2025-04,SAN,0,0,0,0,0,0,0,0,0
osm:relation:10962011,Municipio Guanipa,Anzoátegui,2025-04,SEC,0,0,0,0,0,0,0,0,0
osm:relation:10962011,Municipio Guanipa,Anzoátegui,2025-05,CON,0,0,0,0,0,0,0,0,0
osm:relation:10962011,Municipio Guanipa,Anzoátegui,2025-05,ELM,0,0,0,0,0,0,0,0,0
osm:relation:10962011,Municipio Guanipa,Anzoátegui,2025-05,EXT,0,0,0,0,0,0,0,0,0
osm:relation:10962011,Municipio Guanipa,Anzoátegui,2025-05,MAC,0,0,0,0,0,0,0,0,0
osm:relation:10962011,Municipio Guanipa,Anzoátegui,2025-05,OIL,0,0,0,0,0,0,0,0,0
osm:relation:10962011,Municipio Guanipa,Anzoátegui,2025-05,POL,0,0,0,0,0,0,0,0,0
osm:relation:10962011,Municipio Guanipa,Anzoátegui,2025-05,SAN,0,0,0,0,0,0,0,0,0
osm:relation:10962011,Municipio Guanipa,Anzoátegui,2025-05,SEC,0,0,0,0,0,0,0,0,0
osm:relation:10962011,Municipio Guanipa,Anzoátegui,2025-06,CON,0,0,0,0,0,0,0,0,0
osm:relation:10962011,Municipio Guanipa,Anzoátegui,2025-06,ELM,0,0,0,0,0,0,0,0,0
osm:relation:10962011,Municipio Guanipa,Anzoátegui,2025-06,EXT,0,0,0,0,0,0,0,0,0
osm:relation:10962011,Municipio Guanipa,Anzoátegui,2025-06,MAC,0,0,0,0,0,0,0,0,0
osm:relation:10962011,Municipio Guanipa,Anzoátegui,2025-06,OIL,0,0,0,0,0,0,0,0,0
osm:relation:10962011,Municipio Guanipa,Anzoátegui,2025-06,POL,0,0,0,0,0,0,0,0,0
osm:relation:10962011,Municipio Guanipa,Anzoátegui,2025-06,SAN,0,0,0,0,0,0,0,0,0
osm:relation:10962011,Municipio Guanipa,Anzoátegui,2025-06,SEC,0,0,0,0,0,0,0,0,0
osm:relation:10962011,Municipio Guanipa,Anzoátegui,2025-07,CON,0,0,0,0,0,0,0,0,0
osm:relation:10962011,Municipio Guanipa,Anzoátegui,2025-07,ELM,0,0,0,0,0,0,0,0,0
osm:relation:10962011,Municipio Guanipa,Anzoátegui,2025-07,EXT,0,0,0,0,0,0,0,0,0
osm:relation:10962011,Municipio Guanipa,Anzoátegui,2025-07,MAC,0,0,0,0,0,0,0,0,0
osm:relation:10962011,Municipio Guanipa,Anzoátegui,2025-07,OIL,0,0,0,0,0,0,0,0,0
osm:relation:10962011,Municipio Guanipa,Anzoátegui,2025-07,POL,0,0,0,0,0,0,0,0,0
osm:relation:10962011,Municipio Guanipa,Anzoátegui,2025-07,SAN,0,0,0,0,0,0,0,0,0
osm:relation:10962011,Municipio Guanipa,Anzoátegui,2025-07,SEC,0,0,0,0,0,0,0,0,0
osm:relation:10962011,Municipio Guanipa,Anzoátegui,2025-08,CON,0,0,0,0,0,0,0,0,0
osm:relation:10962011,Municipio Guanipa,Anzoátegui,2025-08,ELM,0,0,0,0,0,0,0,0,0
osm:relation:10962011,Municipio Guanipa,Anzoátegui,2025-08,EXT,0,0,0,0,0,0,0,0,0
osm:relation:10962011,Municipio Guanipa,Anzoátegui,2025-08,MAC,0,0,0,0,0,0,0,0,0
osm:relation:10962011,Municipio Guanipa,Anzoátegui,2025-08,OIL,0,0,0,0,0,0,0,0,0
osm:relation:10962011,Municipio Guanipa,Anzoátegui,2025-08,POL,0,0,0,0,0,0,0,0,0
osm:relation:10962011,Municipio Guanipa,Anzoátegui,2025-08,SAN,0,0,0,0,0,0,0,0,0
osm:relation:10962011,Municipio Guanipa,Anzoátegui,2025-08,SEC,0,0,0,0,0,0,0,0,0
osm:relation:10962011,Municipio Guanipa,Anzoátegui,2025-09,CON,0,0,0,0,0,0,0,0,0
osm:relation:10962011,Municipio Guanipa,Anzoátegui,2025-09,ELM,0,0,0,0,0,0,0,0,0
osm:relation:10962011,Municipio Guanipa,Anzoátegui,2025-09,EXT,0,0,0,0,0,0,0,0,0
osm:relation:10962011,Municipio Guanipa,Anzoátegui,2025-09,MAC,0,0,0,0,0,0,0,0,0
osm:relation:10962011,Municipio Guanipa,Anzoátegui,2025-09,OIL,0,0,0,0,0,0,0,0,0
osm:relation:10962011,Municipio Guanipa,Anzoátegui,2025-09,POL,0,0,0,0,0,0,0,0,0
osm:relation:10962011,Municipio Guanipa,Anzoátegui,2025-09,SAN,0,0,0,0,0,0,0,0,0
osm:relation:10962011,Municipio Guanipa,Anzoátegui,2025-09,SEC,0,0,0,0,0,0,0,0,0
osm:relation:10962011,Municipio Guanipa,Anzoátegui,2025-10,CON,0,0,0,0,0,0,0,0,0
osm:relation:10962011,Municipio Guanipa,Anzoátegui,2025-10,ELM,0,0,0,0,0,0,0,0,0
osm:relation:10962011,Municipio Guanipa,Anzoátegui,2025-10,EXT,0,0,0,0,0,0,0,0,0
osm:relation:10962011,Municipio Guanipa,Anzoátegui,2025-10,MAC,0,0,0,0,0,0,0,0,0
osm:relation:10962011,Municipio Guanipa,Anzoátegui,2025-10,OIL,0,0,0,0,0,0,0,0,0
osm:relation:10962011,Municipio Guanipa,Anzoátegui,2025-10,POL,0,0,0,0,0,0,0,0,0
osm:relation:10962011,Municipio Guanipa,Anzoátegui,2025-10,SAN,0,0,0,0,0,0,0,0,0
osm:relation:10962011,Municipio Guanipa,Anzoátegui,2025-10,SEC,0,0,0,0,0,0,0,0,0
osm:relation:10962011,Municipio Guanipa,Anzoátegui,2025-11,CON,0,0,0,0,0,0,0,0,0
osm:relation:10962011,Municipio Guanipa,Anzoátegui,2025-11,ELM,0,0,0,0,0,0,0,0,0
osm:relation:10962011,Municipio Guanipa,Anzoátegui,2025-11,EXT,0,0,0,0,0,0,0,0,0
osm:relation:10962011,Municipio Guanipa,Anzoátegui,2025-11,MAC,0,0,0,0,0,0,0,0,0
osm:relation:10962011,Municipio Guanipa,Anzoátegui,2025-11,OIL,0,0,0,0,0,0,0,0,0
osm:relation:10962011,Municipio Guanipa,Anzoátegui,2025-11,POL,0,0,0,0,0,0,0,0,0
osm:relation:10962011,Municipio Guanipa,Anzoátegui,2025-11,SAN,0,0,0,0,0,0,0,0,0
osm:relation:10962011,Municipio Guanipa,Anzoátegui,2025-11,SEC,0,0,0,0,0,0,0,0,0
osm:relation:10962011,Municipio Guanipa,Anzoátegui,2025-12,CON,0,0,0,0,0,0,0,0,0
osm:relation:10962011,Municipio Guanipa,Anzoátegui,2025-12,ELM,0,0,0,0,0,0,0,0,0
osm:relation:10962011,Municipio Guanipa,Anzoátegui,2025-12,EXT,0,0,0,0,0,0,0,0,0
osm:relation:10962011,Municipio Guanipa,Anzoátegui,2025-12,MAC,0,0,0,0,0,0,0,0,0
osm:relation:10962011,Municipio Guanipa,Anzoátegui,2025-12,OIL,0,0,0,0,0,0,0,0,0
osm:relation:10962011,Municipio Guanipa,Anzoátegui,2025-12,POL,0,0,0,0,0,0,0,0,0
osm:relation:10962011,Municipio Guanipa,Anzoátegui,2025-12,SAN,0,0,0,0,0,0,0,0,0
osm:relation:10962011,Municipio Guanipa,Anzoátegui,2025-12,SEC,0,0,0,0,0,0,0,0,0
osm:relation:10962011,Municipio Guanipa,Anzoátegui,2026-01,CON,0,0,0,0,0,0,0,0,0
osm:relation:10962011,Municipio Guanipa,Anzoátegui,2026-01,ELM,0,0,0,0,0,0,0,0,0
osm:relation:10962011,Municipio Guanipa,Anzoátegui,2026-01,EXT,0,0,0,0,0,0,0,0,0
osm:relation:10962011,Municipio Guanipa,Anzoátegui,2026-01,MAC,0,0,0,0,0,0,0,0,0
osm:relation:10962011,Municipio Guanipa,Anzoátegui,2026-01,OIL,0,0,0,0,0,0,0,0,0
osm:relation:10962011,Municipio Guanipa,Anzoátegui,2026-01,POL,0,0,0,0,0,0,0,0,0
osm:relation:10962011,Municipio Guanipa,Anzoátegui,2026-01,SAN,0,0,0,0,0,0,0,0,0
osm:relation:10962011,Municipio Guanipa,Anzoátegui,2026-01,SEC,0,0,0,0,0,0,0,0,0
osm:relation:10962011,Municipio Guanipa,Anzoátegui,2026-02,CON,0,0,0,0,0,0,0,0,0
osm:relation:10962011,Municipio Guanipa,Anzoátegui,2026-02,ELM,0,0,0,0,0,0,0,0,0
osm:relation:10962011,Municipio Guanipa,Anzoátegui,2026-02,EXT,0,0,0,0,0,0,0,0,0
osm:relation:10962011,Municipio Guanipa,Anzoátegui,2026-02,MAC,0,0,0,0,0,0,0,0,0
osm:relation:10962011,Municipio Guanipa,Anzoátegui,2026-02,OIL,0,0,0,0,0,0,0,0,0
osm:relation:10962011,Municipio Guanipa,Anzoátegui,2026-02,POL,0,0,0,0,0,0,0,0,0
osm:relation:10962011,Municipio Guanipa,Anzoátegui,2026-02,SAN,0,0,0,0,0,0,0,0,0
osm:relation:10962011,Municipio Guanipa,Anzoátegui,2026-02,SEC,0,0,0,0,0,0,0,0,0
osm:relation:10962011,Municipio Guanipa,Anzoátegui,2026-03,CON,0,0,0,0,0,0,0,0,0
osm:relation:10962011,Municipio Guanipa,Anzoátegui,2026-03,ELM,0,0,0,0,0,0,0,0,0
osm:relation:10962011,Municipio Guanipa,Anzoátegui,2026-03,EXT,0,0,0,0,0,0,0,0,0
osm:relation:10962011,Municipio Guanipa,Anzoátegui,2026-03,MAC,0,0,0,0,0,0,0,0,0
osm:relation:10962011,Municipio Guanipa,Anzoátegui,2026-03,OIL,0,0,0,0,0,0,0,0,0
osm:relation:10962011,Municipio Guanipa,Anzoátegui,2026-03,POL,0,0,0,0,0,0,0,0,0
osm:relation:10962011,Municipio Guanipa,Anzoátegui,2026-03,SAN,0,0,0,0,0,0,0,0,0
osm:relation:10962011,Municipio Guanipa,Anzoátegui,2026-03,SEC,0,0,0,0,0,0,0,0,0
osm:relation:10962011,Municipio Guanipa,Anzoátegui,2026-04,CON,0,0,0,0,0,0,0,0,0
osm:relation:10962011,Municipio Guanipa,Anzoátegui,2026-04,ELM,0,0,0,0,0,0,0,0,0
osm:relation:10962011,Municipio Guanipa,Anzoátegui,2026-04,EXT,0,0,0,0,0,0,0,0,0
osm:relation:10962011,Municipio Guanipa,Anzoátegui,2026-04,MAC,0,0,0,0,0,0,0,0,0
osm:relation:10962011,Municipio Guanipa,Anzoátegui,2026-04,OIL,0,0,0,0,0,0,0,0,0
osm:relation:10962011,Municipio Guanipa,Anzoátegui,2026-04,POL,0,0,0,0,0,0,0,0,0
osm:relation:10962011,Municipio Guanipa,Anzoátegui,2026-04,SAN,0,0,0,0,0,0,0,0,0
osm:relation:10962011,Municipio Guanipa,Anzoátegui,2026-04,SEC,0,0,0,0,0,0,0,0,0
osm:relation:10962011,Municipio Guanipa,Anzoátegui,2026-05,CON,0,0,0,0,0,0,0,0,0
osm:relation:10962011,Municipio Guanipa,Anzoátegui,2026-05,ELM,0,0,0,0,0,0,0,0,0
osm:relation:10962011,Municipio Guanipa,Anzoátegui,2026-05,EXT,0,0,0,0,0,0,0,0,0
osm:relation:10962011,Municipio Guanipa,Anzoátegui,2026-05,MAC,0,0,0,0,0,0,0,0,0
osm:relation:10962011,Municipio Guanipa,Anzoátegui,2026-05,OIL,0,0,0,0,0,0,0,0,0
osm:relation:10962011,Municipio Guanipa,Anzoátegui,2026-05,POL,0,0,0,0,0,0,0,0,0
osm:relation:10962011,Municipio Guanipa,Anzoátegui,2026-05,SAN,0,0,0,0,0,0,0,0,0
osm:relation:10962011,Municipio Guanipa,Anzoátegui,2026-05,SEC,0,0,0,0,0,0,0,0,0
osm:relation:10962011,Municipio Guanipa,Anzoátegui,2026-06,CON,0,0,0,0,0,0,0,0,0
osm:relation:10962011,Municipio Guanipa,Anzoátegui,2026-06,ELM,0,0,0,0,0,0,0,0,0
osm:relation:10962011,Municipio Guanipa,Anzoátegui,2026-06,EXT,0,0,0,0,0,0,0,0,0
osm:relation:10962011,Municipio Guanipa,Anzoátegui,2026-06,MAC,0,0,0,0,0,0,0,0,0
osm:relation:10962011,Municipio Guanipa,Anzoátegui,2026-06,OIL,0,0,0,0,0,0,0,0,0
osm:relation:10962011,Municipio Guanipa,Anzoátegui,2026-06,POL,0,0,0,0,0,0,0,0,0
osm:relation:10962011,Municipio Guanipa,Anzoátegui,2026-06,SAN,0,0,0,0,0,0,0,0,0
osm:relation:10962011,Municipio Guanipa,Anzoátegui,2026-06,SEC,0,0,0,0,0,0,0,0,0
osm:relation:10962011,Municipio Guanipa,Anzoátegui,2026-07,CON,0,0,0,0,0,0,0,0,0
osm:relation:10962011,Municipio Guanipa,Anzoátegui,2026-07,ELM,0,0,0,0,0,0,0,0,0
osm:relation:10962011,Municipio Guanipa,Anzoátegui,2026-07,EXT,0,0,0,0,0,0,0,0,0
osm:relation:10962011,Municipio Guanipa,Anzoátegui,2026-07,MAC,0,0,0,0,0,0,0,0,0
osm:relation:10962011,Municipio Guanipa,Anzoátegui,2026-07,OIL,0,0,0,0,0,0,0,0,0
osm:relation:10962011,Municipio Guanipa,Anzoátegui,2026-07,POL,0,0,0,0,0,0,0,0,0
osm:relation:10962011,Municipio Guanipa,Anzoátegui,2026-07,SAN,0,0,0,0,0,0,0,0,0
osm:relation:10962011,Municipio Guanipa,Anzoátegui,2026-07,SEC,0,0,0,0,0,0,0,0,0
osm:relation:10962011,Municipio Guanipa,Anzoátegui,2026-08,CON,0,0,0,0,0,0,0,0,0
osm:relation:10962011,Municipio Guanipa,Anzoátegui,2026-08,ELM,0,0,0,0,0,0,0,0,0
osm:relation:10962011,Municipio Guanipa,Anzoátegui,2026-08,EXT,0,0,0,0,0,0,0,0,0
osm:relation:10962011,Municipio Guanipa,Anzoátegui,2026-08,MAC,0,0,0,0,0,0,0,0,0
osm:relation:10962011,Municipio Guanipa,Anzoátegui,2026-08,OIL,0,0,0,0,0,0,0,0,0
osm:relation:10962011,Municipio Guanipa,Anzoátegui,2026-08,POL,0,0,0,0,0,0,0,0,0
osm:relation:10962011,Municipio Guanipa,Anzoátegui,2026-08,SAN,0,0,0,0,0,0,0,0,0
osm:relation:10962011,Municipio Guanipa,Anzoátegui,2026-08,SEC,0,0,0,0,0,0,0,0,0
osm:relation:10962011,Municipio Guanipa,Anzoátegui,2026-09,CON,0,0,0,0,0,0,0,0,0
osm:relation:10962011,Municipio Guanipa,Anzoátegui,2026-09,ELM,0,0,0,0,0,0,0,0,0
osm:relation:10962011,Municipio Guanipa,Anzoátegui,2026-09,EXT,0,0,0,0,0,0,0,0,0
osm:relation:10962011,Municipio Guanipa,Anzoátegui,2026-09,MAC,0,0,0,0,0,0,0,0,0
osm:relation:10962011,Municipio Guanipa,Anzoátegui,2026-09,OIL,0,0,0,0,0,0,0,0,0
osm:relation:10962011,Municipio Guanipa,Anzoátegui,2026-09,POL,0,0,0,0,0,0,0,0,0
osm:relation:10962011,Municipio Guanipa,Anzoátegui,2026-09,SAN,0,0,0,0,0,0,0,0,0
osm:relation:10962011,Municipio Guanipa,Anzoátegui,2026-09,SEC,0,0,0,0,0,0,0,0,0
osm:relation:10962012,Municipio Independencia,Anzoátegui,2024-09,CON,0,0,0,0,0,0,0,0,0
osm:relation:10962012,Municipio Independencia,Anzoátegui,2024-09,ELM,0,0,0,0,0,0,0,0,0
osm:relation:10962012,Municipio Independencia,Anzoátegui,2024-09,EXT,0,0,0,0,0,0,0,0,0
osm:relation:10962012,Municipio Independencia,Anzoátegui,2024-09,MAC,0,0,0,0,0,0,0,0,0
osm:relation:10962012,Municipio Independencia,Anzoátegui,2024-09,OIL,0,0,0,0,0,0,0,0,0
osm:relation:10962012,Municipio Independencia,Anzoátegui,2024-09,POL,0,0,0,0,0,0,0,0,0
osm:relation:10962012,Municipio Independencia,Anzoátegui,2024-09,SAN,0,0,0,0,0,0,0,0,0
osm:relation:10962012,Municipio Independencia,Anzoátegui,2024-09,SEC,0,0,0,0,0,0,0,0,0
osm:relation:10962012,Municipio Independencia,Anzoátegui,2024-10,CON,0,0,0,0,0,0,0,0,0
osm:relation:10962012,Municipio Independencia,Anzoátegui,2024-10,ELM,0,0,0,0,0,0,0,0,0
osm:relation:10962012,Municipio Independencia,Anzoátegui,2024-10,EXT,0,0,0,0,0,0,0,0,0
osm:relation:10962012,Municipio Independencia,Anzoátegui,2024-10,MAC,0,0,0,0,0,0,0,0,0
osm:relation:10962012,Municipio Independencia,Anzoátegui,2024-10,OIL,0,0,0,0,0,0,0,0,0
osm:relation:10962012,Municipio Independencia,Anzoátegui,2024-10,POL,0,0,0,0,0,0,0,0,0
osm:relation:10962012,Municipio Independencia,Anzoátegui,2024-10,SAN,0,0,0,0,0,0,0,0,0
osm:relation:10962012,Municipio Independencia,Anzoátegui,2024-10,SEC,0,0,0,0,0,0,0,0,0
osm:relation:10962012,Municipio Independencia,Anzoátegui,2024-11,CON,0,0,0,0,0,0,0,0,0
osm:relation:10962012,Municipio Independencia,Anzoátegui,2024-11,ELM,0,0,0,0,0,0,0,0,0
osm:relation:10962012,Municipio Independencia,Anzoátegui,2024-11,EXT,0,0,0,0,0,0,0,0,0
osm:relation:10962012,Municipio Independencia,Anzoátegui,2024-11,MAC,0,0,0,0,0,0,0,0,0
osm:relation:10962012,Municipio Independencia,Anzoátegui,2024-11,OIL,0,0,0,0,0,0,0,0,0
osm:relation:10962012,Municipio Independencia,Anzoátegui,2024-11,POL,0,0,0,0,0,0,0,0,0
osm:relation:10962012,Municipio Independencia,Anzoátegui,2024-11,SAN,0,0,0,0,0,0,0,0,0
osm:relation:10962012,Municipio Independencia,Anzoátegui,2024-11,SEC,0,0,0,0,0,0,0,0,0
osm:relation:10962012,Municipio Independencia,Anzoátegui,2024-12,CON,0,0,0,0,0,0,0,0,0
osm:relation:10962012,Municipio Independencia,Anzoátegui,2024-12,ELM,0,0,0,0,0,0,0,0,0
osm:relation:10962012,Municipio Independencia,Anzoátegui,2024-12,EXT,0,0,0,0,0,0,0,0,0
osm:relation:10962012,Municipio Independencia,Anzoátegui,2024-12,MAC,0,0,0,0,0,0,0,0,0
osm:relation:10962012,Municipio Independencia,Anzoátegui,2024-12,OIL,0,0,0,0,0,0,0,0,0
osm:relation:10962012,Municipio Independencia,Anzoátegui,2024-12,POL,0,0,0,0,0,0,0,0,0
osm:relation:10962012,Municipio Independencia,Anzoátegui,2024-12,SAN,0,0,0,0,0,0,0,0,0
osm:relation:10962012,Municipio Independencia,Anzoátegui,2024-12,SEC,0,0,0,0,0,0,0,0,0
osm:relation:10962012,Municipio Independencia,Anzoátegui,2025-01,CON,0,0,0,0,0,0,0,0,0
osm:relation:10962012,Municipio Independencia,Anzoátegui,2025-01,ELM,0,0,0,0,0,0,0,0,0
osm:relation:10962012,Municipio Independencia,Anzoátegui,2025-01,EXT,0,0,0,0,0,0,0,0,0
osm:relation:10962012,Municipio Independencia,Anzoátegui,2025-01,MAC,0,0,0,0,0,0,0,0,0
osm:relation:10962012,Municipio Independencia,Anzoátegui,2025-01,OIL,0,0,0,0,0,0,0,0,0
osm:relation:10962012,Municipio Independencia,Anzoátegui,2025-01,POL,0,0,0,0,0,0,0,0,0
osm:relation:10962012,Municipio Independencia,Anzoátegui,2025-01,SAN,0,0,0,0,0,0,0,0,0
osm:relation:10962012,Municipio Independencia,Anzoátegui,2025-01,SEC,0,0,0,0,0,0,0,0,0
osm:relation:10962012,Municipio Independencia,Anzoátegui,2025-02,CON,0,0,0,0,0,0,0,0,0
osm:relation:10962012,Municipio Independencia,Anzoátegui,2025-02,ELM,0,0,0,0,0,0,0,0,0
osm:relation:10962012,Municipio Independencia,Anzoátegui,2025-02,EXT,0,0,0,0,0,0,0,0,0
osm:relation:10962012,Municipio Independencia,Anzoátegui,2025-02,MAC,0,0,0,0,0,0,0,0,0
osm:relation:10962012,Municipio Independencia,Anzoátegui,2025-02,OIL,0,0,0,0,0,0,0,0,0
osm:relation:10962012,Municipio Independencia,Anzoátegui,2025-02,POL,0,0,0,0,0,0,0,0,0
osm:relation:10962012,Municipio Independencia,Anzoátegui,2025-02,SAN,0,0,0,0,0,0,0,0,0
osm:relation:10962012,Municipio Independencia,Anzoátegui,2025-02,SEC,0,0,0,0,0,0,0,0,0
osm:relation:10962012,Municipio Independencia,Anzoátegui,2025-03,CON,0,0,0,0,0,0,0,0,0
osm:relation:10962012,Municipio Independencia,Anzoátegui,2025-03,ELM,0,0,0,0,0,0,0,0,0
osm:relation:10962012,Municipio Independencia,Anzoátegui,2025-03,EXT,0,0,0,0,0,0,0,0,0
osm:relation:10962012,Municipio Independencia,Anzoátegui,2025-03,MAC,0,0,0,0,0,0,0,0,0
osm:relation:10962012,Municipio Independencia,Anzoátegui,2025-03,OIL,0,0,0,0,0,0,0,0,0
osm:relation:10962012,Municipio Independencia,Anzoátegui,2025-03,POL,0,0,0,0,0,0,0,0,0
osm:relation:10962012,Municipio Independencia,Anzoátegui,2025-03,SAN,0,0,0,0,0,0,0,0,0
osm:relation:10962012,Municipio Independencia,Anzoátegui,2025-03,SEC,0,0,0,0,0,0,0,0,0
osm:relation:10962012,Municipio Independencia,Anzoátegui,2025-04,CON,0,0,0,0,0,0,0,0,0
osm:relation:10962012,Municipio Independencia,Anzoátegui,2025-04,ELM,0,0,0,0,0,0,0,0,0
osm:relation:10962012,Municipio Independencia,Anzoátegui,2025-04,EXT,0,0,0,0,0,0,0,0,0
osm:relation:10962012,Municipio Independencia,Anzoátegui,2025-04,MAC,0,0,0,0,0,0,0,0,0
osm:relation:10962012,Municipio Independencia,Anzoátegui,2025-04,OIL,0,0,0,0,0,0,0,0,0
osm:relation:10962012,Municipio Independencia,Anzoátegui,2025-04,POL,0,0,0,0,0,0,0,0,0
osm:relation:10962012,Municipio Independencia,Anzoátegui,2025-04,SAN,0,0,0,0,0,0,0,0,0
osm:relation:10962012,Municipio Independencia,Anzoátegui,2025-04,SEC,0,0,0,0,0,0,0,0,0
osm:relation:10962012,Municipio Independencia,Anzoátegui,2025-05,CON,0,0,0,0,0,0,0,0,0
osm:relation:10962012,Municipio Independencia,Anzoátegui,2025-05,ELM,0,0,0,0,0,0,0,0,0
osm:relation:10962012,Municipio Independencia,Anzoátegui,2025-05,EXT,0,0,0,0,0,0,0,0,0
osm:relation:10962012,Municipio Independencia,Anzoátegui,2025-05,MAC,0,0,0,0,0,0,0,0,0
osm:relation:10962012,Municipio Independencia,Anzoátegui,2025-05,OIL,0,0,0,0,0,0,0,0,0
osm:relation:10962012,Municipio Independencia,Anzoátegui,2025-05,POL,0,0,0,0,0,0,0,0,0
osm:relation:10962012,Municipio Independencia,Anzoátegui,2025-05,SAN,0,0,0,0,0,0,0,0,0
osm:relation:10962012,Municipio Independencia,Anzoátegui,2025-05,SEC,0,0,0,0,0,0,0,0,0
osm:relation:10962012,Municipio Independencia,Anzoátegui,2025-06,CON,0,0,0,0,0,0,0,0,0
osm:relation:10962012,Municipio Independencia,Anzoátegui,2025-06,ELM,0,0,0,0,0,0,0,0,0
osm:relation:10962012,Municipio Independencia,Anzoátegui,2025-06,EXT,0,0,0,0,0,0,0,0,0
osm:relation:10962012,Municipio Independencia,Anzoátegui,2025-06,MAC,0,0,0,0,0,0,0,0,0
osm:relation:10962012,Municipio Independencia,Anzoátegui,2025-06,OIL,0,0,0,0,0,0,0,0,0
osm:relation:10962012,Municipio Independencia,Anzoátegui,2025-06,POL,0,0,0,0,0,0,0,0,0
osm:relation:10962012,Municipio Independencia,Anzoátegui,2025-06,SAN,0,0,0,0,0,0,0,0,0
osm:relation:10962012,Municipio Independencia,Anzoátegui,2025-06,SEC,1,1,0,0,0,0,0,0,1
osm:relation:10962012,Municipio Independencia,Anzoátegui,2025-07,CON,0,0,0,0,0,0,0,0,0
osm:relation:10962012,Municipio Independencia,Anzoátegui,2025-07,ELM,0,0,0,0,0,0,0,0,0
osm:relation:10962012,Municipio Independencia,Anzoátegui,2025-07,EXT,0,0,0,0,0,0,0,0,0
osm:relation:10962012,Municipio Independencia,Anzoátegui,2025-07,MAC,0,0,0,0,0,0,0,0,0
osm:relation:10962012,Municipio Independencia,Anzoátegui,2025-07,OIL,0,0,0,0,0,0,0,0,0
osm:relation:10962012,Municipio Independencia,Anzoátegui,2025-07,POL,0,0,0,0,0,0,0,0,0
osm:relation:10962012,Municipio Independencia,Anzoátegui,2025-07,SAN,0,0,0,0,0,0,0,0,0
osm:relation:10962012,Municipio Independencia,Anzoátegui,2025-07,SEC,1,1,0,0,0,0,0,0,1
osm:relation:10962012,Municipio Independencia,Anzoátegui,2025-08,CON,0,0,0,0,0,0,0,0,0
osm:relation:10962012,Municipio Independencia,Anzoátegui,2025-08,ELM,0,0,0,0,0,0,0,0,0
osm:relation:10962012,Municipio Independencia,Anzoátegui,2025-08,EXT,0,0,0,0,0,0,0,0,0
osm:relation:10962012,Municipio Independencia,Anzoátegui,2025-08,MAC,0,0,0,0,0,0,0,0,0
osm:relation:10962012,Municipio Independencia,Anzoátegui,2025-08,OIL,0,0,0,0,0,0,0,0,0
osm:relation:10962012,Municipio Independencia,Anzoátegui,2025-08,POL,0,0,0,0,0,0,0,0,0
osm:relation:10962012,Municipio Independencia,Anzoátegui,2025-08,SAN,0,0,0,0,0,0,0,0,0
osm:relation:10962012,Municipio Independencia,Anzoátegui,2025-08,SEC,0,0,0,0,0,0,0,0,0
osm:relation:10962012,Municipio Independencia,Anzoátegui,2025-09,CON,0,0,0,0,0,0,0,0,0
osm:relation:10962012,Municipio Independencia,Anzoátegui,2025-09,ELM,0,0,0,0,0,0,0,0,0
osm:relation:10962012,Municipio Independencia,Anzoátegui,2025-09,EXT,0,0,0,0,0,0,0,0,0
osm:relation:10962012,Municipio Independencia,Anzoátegui,2025-09,MAC,0,0,0,0,0,0,0,0,0
osm:relation:10962012,Municipio Independencia,Anzoátegui,2025-09,OIL,0,0,0,0,0,0,0,0,0
osm:relation:10962012,Municipio Independencia,Anzoátegui,2025-09,POL,0,0,0,0,0,0,0,0,0
osm:relation:10962012,Municipio Independencia,Anzoátegui,2025-09,SAN,0,0,0,0,0,0,0,0,0
osm:relation:10962012,Municipio Independencia,Anzoátegui,2025-09,SEC,0,0,0,0,0,0,0,0,0
osm:relation:10962012,Municipio Independencia,Anzoátegui,2025-10,CON,0,0,0,0,0,0,0,0,0
osm:relation:10962012,Municipio Independencia,Anzoátegui,2025-10,ELM,1,1,0,0,0,0,0,0,1
osm:relation:10962012,Municipio Independencia,Anzoátegui,2025-10,EXT,1,1,0,0,0,0,0,0,1
osm:relation:10962012,Municipio Independencia,Anzoátegui,2025-10,MAC,0,0,0,0,0,0,0,0,0
osm:relation:10962012,Municipio Independencia,Anzoátegui,2025-10,OIL,0,0,0,0,0,0,0,0,0
osm:relation:10962012,Municipio Independencia,Anzoátegui,2025-10,POL,0,0,0,0,0,0,0,0,0
osm:relation:10962012,Municipio Independencia,Anzoátegui,2025-10,SAN,0,0,0,0,0,0,0,0,0
osm:relation:10962012,Municipio Independencia,Anzoátegui,2025-10,SEC,0,0,0,0,0,0,0,0,0
osm:relation:10962012,Municipio Independencia,Anzoátegui,2025-11,CON,0,0,0,0,0,0,0,0,0
osm:relation:10962012,Municipio Independencia,Anzoátegui,2025-11,ELM,0,0,0,0,0,0,0,0,0
osm:relation:10962012,Municipio Independencia,Anzoátegui,2025-11,EXT,0,0,0,0,0,0,0,0,0
osm:relation:10962012,Municipio Independencia,Anzoátegui,2025-11,MAC,0,0,0,0,0,0,0,0,0
osm:relation:10962012,Municipio Independencia,Anzoátegui,2025-11,OIL,0,0,0,0,0,0,0,0,0
osm:relation:10962012,Municipio Independencia,Anzoátegui,2025-11,POL,0,0,0,0,0,0,0,0,0
osm:relation:10962012,Municipio Independencia,Anzoátegui,2025-11,SAN,0,0,0,0,0,0,0,0,0
osm:relation:10962012,Municipio Independencia,Anzoátegui,2025-11,SEC,0,0,0,0,0,0,0,0,0
osm:relation:10962012,Municipio Independencia,Anzoátegui,2025-12,CON,0,0,0,0,0,0,0,0,0
osm:relation:10962012,Municipio Independencia,Anzoátegui,2025-12,ELM,0,0,0,0,0,0,0,0,0
osm:relation:10962012,Municipio Independencia,Anzoátegui,2025-12,EXT,0,0,0,0,0,0,0,0,0
osm:relation:10962012,Municipio Independencia,Anzoátegui,2025-12,MAC,0,0,0,0,0,0,0,0,0
osm:relation:10962012,Municipio Independencia,Anzoátegui,2025-12,OIL,0,0,0,0,0,0,0,0,0
osm:relation:10962012,Municipio Independencia,Anzoátegui,2025-12,POL,0,0,0,0,0,0,0,0,0
osm:relation:10962012,Municipio Independencia,Anzoátegui,2025-12,SAN,0,0,0,0,0,0,0,0,0
osm:relation:10962012,Municipio Independencia,Anzoátegui,2025-12,SEC,0,0,0,0,0,0,0,0,0
osm:relation:10962012,Municipio Independencia,Anzoátegui,2026-01,CON,0,0,0,0,0,0,0,0,0
osm:relation:10962012,Municipio Independencia,Anzoátegui,2026-01,ELM,0,0,0,0,0,0,0,0,0
osm:relation:10962012,Municipio Independencia,Anzoátegui,2026-01,EXT,0,0,0,0,0,0,0,0,0
osm:relation:10962012,Municipio Independencia,Anzoátegui,2026-01,MAC,0,0,0,0,0,0,0,0,0
osm:relation:10962012,Municipio Independencia,Anzoátegui,2026-01,OIL,0,0,0,0,0,0,0,0,0
osm:relation:10962012,Municipio Independencia,Anzoátegui,2026-01,POL,0,0,0,0,0,0,0,0,0
osm:relation:10962012,Municipio Independencia,Anzoátegui,2026-01,SAN,0,0,0,0,0,0,0,0,0
osm:relation:10962012,Municipio Independencia,Anzoátegui,2026-01,SEC,0,0,0,0,0,0,0,0,0
osm:relation:10962012,Municipio Independencia,Anzoátegui,2026-02,CON,0,0,0,0,0,0,0,0,0
osm:relation:10962012,Municipio Independencia,Anzoátegui,2026-02,ELM,0,0,0,0,0,0,0,0,0
osm:relation:10962012,Municipio Independencia,Anzoátegui,2026-02,EXT,0,0,0,0,0,0,0,0,0
osm:relation:10962012,Municipio Independencia,Anzoátegui,2026-02,MAC,0,0,0,0,0,0,0,0,0
osm:relation:10962012,Municipio Independencia,Anzoátegui,2026-02,OIL,0,0,0,0,0,0,0,0,0
osm:relation:10962012,Municipio Independencia,Anzoátegui,2026-02,POL,0,0,0,0,0,0,0,0,0
osm:relation:10962012,Municipio Independencia,Anzoátegui,2026-02,SAN,0,0,0,0,0,0,0,0,0
osm:relation:10962012,Municipio Independencia,Anzoátegui,2026-02,SEC,0,0,0,0,0,0,0,0,0
osm:relation:10962012,Municipio Independencia,Anzoátegui,2026-03,CON,0,0,0,0,0,0,0,0,0
osm:relation:10962012,Municipio Independencia,Anzoátegui,2026-03,ELM,0,0,0,0,0,0,0,0,0
osm:relation:10962012,Municipio Independencia,Anzoátegui,2026-03,EXT,0,0,0,0,0,0,0,0,0
osm:relation:10962012,Municipio Independencia,Anzoátegui,2026-03,MAC,0,0,0,0,0,0,0,0,0
osm:relation:10962012,Municipio Independencia,Anzoátegui,2026-03,OIL,0,0,0,0,0,0,0,0,0
osm:relation:10962012,Municipio Independencia,Anzoátegui,2026-03,POL,0,0,0,0,0,0,0,0,0
osm:relation:10962012,Municipio Independencia,Anzoátegui,2026-03,SAN,0,0,0,0,0,0,0,0,0
osm:relation:10962012,Municipio Independencia,Anzoátegui,2026-03,SEC,0,0,0,0,0,0,0,0,0
osm:relation:10962012,Municipio Independencia,Anzoátegui,2026-04,CON,0,0,0,0,0,0,0,0,0
osm:relation:10962012,Municipio Independencia,Anzoátegui,2026-04,ELM,0,0,0,0,0,0,0,0,0
osm:relation:10962012,Municipio Independencia,Anzoátegui,2026-04,EXT,0,0,0,0,0,0,0,0,0
osm:relation:10962012,Municipio Independencia,Anzoátegui,2026-04,MAC,0,0,0,0,0,0,0,0,0
osm:relation:10962012,Municipio Independencia,Anzoátegui,2026-04,OIL,0,0,0,0,0,0,0,0,0
osm:relation:10962012,Municipio Independencia,Anzoátegui,2026-04,POL,0,0,0,0,0,0,0,0,0
osm:relation:10962012,Municipio Independencia,Anzoátegui,2026-04,SAN,0,0,0,0,0,0,0,0,0
osm:relation:10962012,Municipio Independencia,Anzoátegui,2026-04,SEC,0,0,0,0,0,0,0,0,0
osm:relation:10962012,Municipio Independencia,Anzoátegui,2026-05,CON,0,0,0,0,0,0,0,0,0
osm:relation:10962012,Municipio Independencia,Anzoátegui,2026-05,ELM,0,0,0,0,0,0,0,0,0
osm:relation:10962012,Municipio Independencia,Anzoátegui,2026-05,EXT,0,0,0,0,0,0,0,0,0
osm:relation:10962012,Municipio Independencia,Anzoátegui,2026-05,MAC,0,0,0,0,0,0,0,0,0
osm:relation:10962012,Municipio Independencia,Anzoátegui,2026-05,OIL,0,0,0,0,0,0,0,0,0
osm:relation:10962012,Municipio Independencia,Anzoátegui,2026-05,POL,0,0,0,0,0,0,0,0,0
osm:relation:10962012,Municipio Independencia,Anzoátegui,2026-05,SAN,0,0,0,0,0,0,0,0,0
osm:relation:10962012,Municipio Independencia,Anzoátegui,2026-05,SEC,0,0,0,0,0,0,0,0,0
osm:relation:10962012,Municipio Independencia,Anzoátegui,2026-06,CON,0,0,0,0,0,0,0,0,0
osm:relation:10962012,Municipio Independencia,Anzoátegui,2026-06,ELM,0,0,0,0,0,0,0,0,0
osm:relation:10962012,Municipio Independencia,Anzoátegui,2026-06,EXT,0,0,0,0,0,0,0,0,0
osm:relation:10962012,Municipio Independencia,Anzoátegui,2026-06,MAC,0,0,0,0,0,0,0,0,0
osm:relation:10962012,Municipio Independencia,Anzoátegui,2026-06,OIL,0,0,0,0,0,0,0,0,0
osm:relation:10962012,Municipio Independencia,Anzoátegui,2026-06,POL,0,0,0,0,0,0,0,0,0
osm:relation:10962012,Municipio Independencia,Anzoátegui,2026-06,SAN,0,0,0,0,0,0,0,0,0
osm:relation:10962012,Municipio Independencia,Anzoátegui,2026-06,SEC,0,0,0,0,0,0,0,0,0
osm:relation:10962012,Municipio Independencia,Anzoátegui,2026-07,CON,0,0,0,0,0,0,0,0,0
osm:relation:10962012,Municipio Independencia,Anzoátegui,2026-07,ELM,0,0,0,0,0,0,0,0,0
osm:relation:10962012,Municipio Independencia,Anzoátegui,2026-07,EXT,0,0,0,0,0,0,0,0,0
osm:relation:10962012,Municipio Independencia,Anzoátegui,2026-07,MAC,0,0,0,0,0,0,0,0,0
osm:relation:10962012,Municipio Independencia,Anzoátegui,2026-07,OIL,0,0,0,0,0,0,0,0,0
osm:relation:10962012,Municipio Independencia,Anzoátegui,2026-07,POL,0,0,0,0,0,0,0,0,0
osm:relation:10962012,Municipio Independencia,Anzoátegui,2026-07,SAN,0,0,0,0,0,0,0,0,0
osm:relation:10962012,Municipio Independencia,Anzoátegui,2026-07,SEC,0,0,0,0,0,0,0,0,0
osm:relation:10962012,Municipio Independencia,Anzoátegui,2026-08,CON,0,0,0,0,0,0,0,0,0
osm:relation:10962012,Municipio Independencia,Anzoátegui,2026-08,ELM,0,0,0,0,0,0,0,0,0
osm:relation:10962012,Municipio Independencia,Anzoátegui,2026-08,EXT,0,0,0,0,0,0,0,0,0
osm:relation:10962012,Municipio Independencia,Anzoátegui,2026-08,MAC,0,0,0,0,0,0,0,0,0
osm:relation:10962012,Municipio Independencia,Anzoátegui,2026-08,OIL,0,0,0,0,0,0,0,0,0
osm:relation:10962012,Municipio Independencia,Anzoátegui,2026-08,POL,0,0,0,0,0,0,0,0,0
osm:relation:10962012,Municipio Independencia,Anzoátegui,2026-08,SAN,0,0,0,0,0,0,0,0,0
osm:relation:10962012,Municipio Independencia,Anzoátegui,2026-08,SEC,0,0,0,0,0,0,0,0,0
osm:relation:10962012,Municipio Independencia,Anzoátegui,2026-09,CON,0,0,0,0,0,0,0,0,0
osm:relation:10962012,Municipio Independencia,Anzoátegui,2026-09,ELM,0,0,0,0,0,0,0,0,0
osm:relation:10962012,Municipio Independencia,Anzoátegui,2026-09,EXT,0,0,0,0,0,0,0,0,0
osm:relation:10962012,Municipio Independencia,Anzoátegui,2026-09,MAC,0,0,0,0,0,0,0,0,0
osm:relation:10962012,Municipio Independencia,Anzoátegui,2026-09,OIL,0,0,0,0,0,0,0,0,0
osm:relation:10962012,Municipio Independencia,Anzoátegui,2026-09,POL,0,0,0,0,0,0,0,0,0
osm:relation:10962012,Municipio Independencia,Anzoátegui,2026-09,SAN,0,0,0,0,0,0,0,0,0
osm:relation:10962012,Municipio Independencia,Anzoátegui,2026-09,SEC,0,0,0,0,0,0,0,0,0
osm:relation:11089535,Municipio Piar,Monagas,2024-09,CON,0,0,0,0,0,0,0,0,0
osm:relation:11089535,Municipio Piar,Monagas,2024-09,ELM,0,0,0,0,0,0,0,0,0
osm:relation:11089535,Municipio Piar,Monagas,2024-09,EXT,0,0,0,0,0,0,0,0,0
osm:relation:11089535,Municipio Piar,Monagas,2024-09,MAC,0,0,0,0,0,0,0,0,0
osm:relation:11089535,Municipio Piar,Monagas,2024-09,OIL,0,0,0,0,0,0,0,0,0
osm:relation:11089535,Municipio Piar,Monagas,2024-09,POL,0,0,0,0,0,0,0,0,0
osm:relation:11089535,Municipio Piar,Monagas,2024-09,SAN,0,0,0,0,0,0,0,0,0
osm:relation:11089535,Municipio Piar,Monagas,2024-09,SEC,0,0,0,0,0,0,0,0,0
osm:relation:11089535,Municipio Piar,Monagas,2024-10,CON,0,0,0,0,0,0,0,0,0
osm:relation:11089535,Municipio Piar,Monagas,2024-10,ELM,0,0,0,0,0,0,0,0,0
osm:relation:11089535,Municipio Piar,Monagas,2024-10,EXT,0,0,0,0,0,0,0,0,0
osm:relation:11089535,Municipio Piar,Monagas,2024-10,MAC,0,0,0,0,0,0,0,0,0
osm:relation:11089535,Municipio Piar,Monagas,2024-10,OIL,0,0,0,0,0,0,0,0,0
osm:relation:11089535,Municipio Piar,Monagas,2024-10,POL,0,0,0,0,0,0,0,0,0
osm:relation:11089535,Municipio Piar,Monagas,2024-10,SAN,0,0,0,0,0,0,0,0,0
osm:relation:11089535,Municipio Piar,Monagas,2024-10,SEC,1,1,0,0,0,0,0,0,1
osm:relation:11089535,Municipio Piar,Monagas,2024-11,CON,0,0,0,0,0,0,0,0,0
osm:relation:11089535,Municipio Piar,Monagas,2024-11,ELM,0,0,0,0,0,0,0,0,0
osm:relation:11089535,Municipio Piar,Monagas,2024-11,EXT,0,0,0,0,0,0,0,0,0
osm:relation:11089535,Municipio Piar,Monagas,2024-11,MAC,0,0,0,0,0,0,0,0,0
osm:relation:11089535,Municipio Piar,Monagas,2024-11,OIL,0,0,0,0,0,0,0,0,0
osm:relation:11089535,Municipio Piar,Monagas,2024-11,POL,0,0,0,0,0,0,0,0,0
osm:relation:11089535,Municipio Piar,Monagas,2024-11,SAN,0,0,0,0,0,0,0,0,0
osm:relation:11089535,Municipio Piar,Monagas,2024-11,SEC,0,0,0,0,0,0,0,0,0
osm:relation:11089535,Municipio Piar,Monagas,2024-12,CON,0,0,0,0,0,0,0,0,0
osm:relation:11089535,Municipio Piar,Monagas,2024-12,ELM,0,0,0,0,0,0,0,0,0
osm:relation:11089535,Municipio Piar,Monagas,2024-12,EXT,0,0,0,0,0,0,0,0,0
osm:relation:11089535,Municipio Piar,Monagas,2024-12,MAC,0,0,0,0,0,0,0,0,0
osm:relation:11089535,Municipio Piar,Monagas,2024-12,OIL,0,0,0,0,0,0,0,0,0
osm:relation:11089535,Municipio Piar,Monagas,2024-12,POL,0,0,0,0,0,0,0,0,0
osm:relation:11089535,Municipio Piar,Monagas,2024-12,SAN,0,0,0,0,0,0,0,0,0
osm:relation:11089535,Municipio Piar,Monagas,2024-12,SEC,0,0,0,0,0,0,0,0,0
osm:relation:11089535,Municipio Piar,Monagas,2025-01,CON,0,0,0,0,0,0,0,0,0
osm:relation:11089535,Municipio Piar,Monagas,2025-01,ELM,0,0,0,0,0,0,0,0,0
osm:relation:11089535,Municipio Piar,Monagas,2025-01,EXT,0,0,0,0,0,0,0,0,0
osm:relation:11089535,Municipio Piar,Monagas,2025-01,MAC,0,0,0,0,0,0,0,0,0
osm:relation:11089535,Municipio Piar,Monagas,2025-01,OIL,0,0,0,0,0,0,0,0,0
osm:relation:11089535,Municipio Piar,Monagas,2025-01,POL,1,1,0,0,0,0,0,0,1
osm:relation:11089535,Municipio Piar,Monagas,2025-01,SAN,0,0,0,0,0,0,0,0,0
osm:relation:11089535,Municipio Piar,Monagas,2025-01,SEC,0,0,0,0,0,0,0,0,0
osm:relation:11089535,Municipio Piar,Monagas,2025-02,CON,0,0,0,0,0,0,0,0,0
osm:relation:11089535,Municipio Piar,Monagas,2025-02,ELM,0,0,0,0,0,0,0,0,0
osm:relation:11089535,Municipio Piar,Monagas,2025-02,EXT,0,0,0,0,0,0,0,0,0
osm:relation:11089535,Municipio Piar,Monagas,2025-02,MAC,0,0,0,0,0,0,0,0,0
osm:relation:11089535,Municipio Piar,Monagas,2025-02,OIL,0,0,0,0,0,0,0,0,0
osm:relation:11089535,Municipio Piar,Monagas,2025-02,POL,0,0,0,0,0,0,0,0,0
osm:relation:11089535,Municipio Piar,Monagas,2025-02,SAN,0,0,0,0,0,0,0,0,0
osm:relation:11089535,Municipio Piar,Monagas,2025-02,SEC,0,0,0,0,0,0,0,0,0
osm:relation:11089535,Municipio Piar,Monagas,2025-03,CON,0,0,0,0,0,0,0,0,0
osm:relation:11089535,Municipio Piar,Monagas,2025-03,ELM,0,0,0,0,0,0,0,0,0
osm:relation:11089535,Municipio Piar,Monagas,2025-03,EXT,0,0,0,0,0,0,0,0,0
osm:relation:11089535,Municipio Piar,Monagas,2025-03,MAC,0,0,0,0,0,0,0,0,0
osm:relation:11089535,Municipio Piar,Monagas,2025-03,OIL,0,0,0,0,0,0,0,0,0
osm:relation:11089535,Municipio Piar,Monagas,2025-03,POL,0,0,0,0,0,0,0,0,0
osm:relation:11089535,Municipio Piar,Monagas,2025-03,SAN,0,0,0,0,0,0,0,0,0
osm:relation:11089535,Municipio Piar,Monagas,2025-03,SEC,0,0,0,0,0,0,0,0,0
osm:relation:11089535,Municipio Piar,Monagas,2025-04,CON,0,0,0,0,0,0,0,0,0
osm:relation:11089535,Municipio Piar,Monagas,2025-04,ELM,0,0,0,0,0,0,0,0,0
osm:relation:11089535,Municipio Piar,Monagas,2025-04,EXT,0,0,0,0,0,0,0,0,0
osm:relation:11089535,Municipio Piar,Monagas,2025-04,MAC,0,0,0,0,0,0,0,0,0
osm:relation:11089535,Municipio Piar,Monagas,2025-04,OIL,0,0,0,0,0,0,0,0,0
osm:relation:11089535,Municipio Piar,Monagas,2025-04,POL,0,0,0,0,0,0,0,0,0
osm:relation:11089535,Municipio Piar,Monagas,2025-04,SAN,0,0,0,0,0,0,0,0,0
osm:relation:11089535,Municipio Piar,Monagas,2025-04,SEC,0,0,0,0,0,0,0,0,0
osm:relation:11089535,Municipio Piar,Monagas,2025-05,CON,0,0,0,0,0,0,0,0,0
osm:relation:11089535,Municipio Piar,Monagas,2025-05,ELM,0,0,0,0,0,0,0,0,0
osm:relation:11089535,Municipio Piar,Monagas,2025-05,EXT,0,0,0,0,0,0,0,0,0
osm:relation:11089535,Municipio Piar,Monagas,2025-05,MAC,0,0,0,0,0,0,0,0,0
osm:relation:11089535,Municipio Piar,Monagas,2025-05,OIL,0,0,0,0,0,0,0,0,0
osm:relation:11089535,Municipio Piar,Monagas,2025-05,POL,0,0,0,0,0,0,0,0,0
osm:relation:11089535,Municipio Piar,Monagas,2025-05,SAN,0,0,0,0,0,0,0,0,0
osm:relation:11089535,Municipio Piar,Monagas,2025-05,SEC,0,0,0,0,0,0,0,0,0
osm:relation:11089535,Municipio Piar,Monagas,2025-06,CON,0,0,0,0,0,0,0,0,0
osm:relation:11089535,Municipio Piar,Monagas,2025-06,ELM,0,0,0,0,0,0,0,0,0
osm:relation:11089535,Municipio Piar,Monagas,2025-06,EXT,0,0,0,0,0,0,0,0,0
osm:relation:11089535,Municipio Piar,Monagas,2025-06,MAC,0,0,0,0,0,0,0,0,0
osm:relation:11089535,Municipio Piar,Monagas,2025-06,OIL,0,0,0,0,0,0,0,0,0
osm:relation:11089535,Municipio Piar,Monagas,2025-06,POL,0,0,0,0,0,0,0,0,0
osm:relation:11089535,Municipio Piar,Monagas,2025-06,SAN,0,0,0,0,0,0,0,0,0
osm:relation:11089535,Municipio Piar,Monagas,2025-06,SEC,0,0,0,0,0,0,0,0,0
osm:relation:11089535,Municipio Piar,Monagas,2025-07,CON,0,0,0,0,0,0,0,0,0
osm:relation:11089535,Municipio Piar,Monagas,2025-07,ELM,0,0,0,0,0,0,0,0,0
osm:relation:11089535,Municipio Piar,Monagas,2025-07,EXT,0,0,0,0,0,0,0,0,0
osm:relation:11089535,Municipio Piar,Monagas,2025-07,MAC,0,0,0,0,0,0,0,0,0
osm:relation:11089535,Municipio Piar,Monagas,2025-07,OIL,0,0,0,0,0,0,0,0,0
osm:relation:11089535,Municipio Piar,Monagas,2025-07,POL,0,0,0,0,0,0,0,0,0
osm:relation:11089535,Municipio Piar,Monagas,2025-07,SAN,0,0,0,0,0,0,0,0,0
osm:relation:11089535,Municipio Piar,Monagas,2025-07,SEC,0,0,0,0,0,0,0,0,0
osm:relation:11089535,Municipio Piar,Monagas,2025-08,CON,0,0,0,0,0,0,0,0,0
osm:relation:11089535,Municipio Piar,Monagas,2025-08,ELM,0,0,0,0,0,0,0,0,0
osm:relation:11089535,Municipio Piar,Monagas,2025-08,EXT,0,0,0,0,0,0,0,0,0
osm:relation:11089535,Municipio Piar,Monagas,2025-08,MAC,0,0,0,0,0,0,0,0,0
osm:relation:11089535,Municipio Piar,Monagas,2025-08,OIL,0,0,0,0,0,0,0,0,0
osm:relation:11089535,Municipio Piar,Monagas,2025-08,POL,0,0,0,0,0,0,0,0,0
osm:relation:11089535,Municipio Piar,Monagas,2025-08,SAN,0,0,0,0,0,0,0,0,0
osm:relation:11089535,Municipio Piar,Monagas,2025-08,SEC,1,1,0,0,0,0,0,0,1
osm:relation:11089535,Municipio Piar,Monagas,2025-09,CON,0,0,0,0,0,0,0,0,0
osm:relation:11089535,Municipio Piar,Monagas,2025-09,ELM,0,0,0,0,0,0,0,0,0
osm:relation:11089535,Municipio Piar,Monagas,2025-09,EXT,0,0,0,0,0,0,0,0,0
osm:relation:11089535,Municipio Piar,Monagas,2025-09,MAC,0,0,0,0,0,0,0,0,0
osm:relation:11089535,Municipio Piar,Monagas,2025-09,OIL,0,0,0,0,0,0,0,0,0
osm:relation:11089535,Municipio Piar,Monagas,2025-09,POL,0,0,0,0,0,0,0,0,0
osm:relation:11089535,Municipio Piar,Monagas,2025-09,SAN,0,0,0,0,0,0,0,0,0
osm:relation:11089535,Municipio Piar,Monagas,2025-09,SEC,0,0,0,0,0,0,0,0,0
osm:relation:11089535,Municipio Piar,Monagas,2025-10,CON,0,0,0,0,0,0,0,0,0
osm:relation:11089535,Municipio Piar,Monagas,2025-10,ELM,0,0,0,0,0,0,0,0,0
osm:relation:11089535,Municipio Piar,Monagas,2025-10,EXT,0,0,0,0,0,0,0,0,0
osm:relation:11089535,Municipio Piar,Monagas,2025-10,MAC,0,0,0,0,0,0,0,0,0
osm:relation:11089535,Municipio Piar,Monagas,2025-10,OIL,0,0,0,0,0,0,0,0,0
osm:relation:11089535,Municipio Piar,Monagas,2025-10,POL,0,0,0,0,0,0,0,0,0
osm:relation:11089535,Municipio Piar,Monagas,2025-10,SAN,0,0,0,0,0,0,0,0,0
osm:relation:11089535,Municipio Piar,Monagas,2025-10,SEC,0,0,0,0,0,0,0,0,0
osm:relation:11089535,Municipio Piar,Monagas,2025-11,CON,0,0,0,0,0,0,0,0,0
osm:relation:11089535,Municipio Piar,Monagas,2025-11,ELM,0,0,0,0,0,0,0,0,0
osm:relation:11089535,Municipio Piar,Monagas,2025-11,EXT,0,0,0,0,0,0,0,0,0
osm:relation:11089535,Municipio Piar,Monagas,2025-11,MAC,0,0,0,0,0,0,0,0,0
osm:relation:11089535,Municipio Piar,Monagas,2025-11,OIL,0,0,0,0,0,0,0,0,0
osm:relation:11089535,Municipio Piar,Monagas,2025-11,POL,0,0,0,0,0,0,0,0,0
osm:relation:11089535,Municipio Piar,Monagas,2025-11,SAN,0,0,0,0,0,0,0,0,0
osm:relation:11089535,Municipio Piar,Monagas,2025-11,SEC,0,0,0,0,0,0,0,0,0
osm:relation:11089535,Municipio Piar,Monagas,2025-12,CON,0,0,0,0,0,0,0,0,0
osm:relation:11089535,Municipio Piar,Monagas,2025-12,ELM,0,0,0,0,0,0,0,0,0
osm:relation:11089535,Municipio Piar,Monagas,2025-12,EXT,0,0,0,0,0,0,0,0,0
osm:relation:11089535,Municipio Piar,Monagas,2025-12,MAC,0,0,0,0,0,0,0,0,0
osm:relation:11089535,Municipio Piar,Monagas,2025-12,OIL,0,0,0,0,0,0,0,0,0
osm:relation:11089535,Municipio Piar,Monagas,2025-12,POL,0,0,0,0,0,0,0,0,0
osm:relation:11089535,Municipio Piar,Monagas,2025-12,SAN,0,0,0,0,0,0,0,0,0
osm:relation:11089535,Municipio Piar,Monagas,2025-12,SEC,0,0,0,0,0,0,0,0,0
osm:relation:11089535,Municipio Piar,Monagas,2026-01,CON,0,0,0,0,0,0,0,0,0
osm:relation:11089535,Municipio Piar,Monagas,2026-01,ELM,0,0,0,0,0,0,0,0,0
osm:relation:11089535,Municipio Piar,Monagas,2026-01,EXT,0,0,0,0,0,0,0,0,0
osm:relation:11089535,Municipio Piar,Monagas,2026-01,MAC,0,0,0,0,0,0,0,0,0
osm:relation:11089535,Municipio Piar,Monagas,2026-01,OIL,0,0,0,0,0,0,0,0,0
osm:relation:11089535,Municipio Piar,Monagas,2026-01,POL,0,0,0,0,0,0,0,0,0
osm:relation:11089535,Municipio Piar,Monagas,2026-01,SAN,0,0,0,0,0,0,0,0,0
osm:relation:11089535,Municipio Piar,Monagas,2026-01,SEC,0,0,0,0,0,0,0,0,0
osm:relation:11089535,Municipio Piar,Monagas,2026-02,CON,0,0,0,0,0,0,0,0,0
osm:relation:11089535,Municipio Piar,Monagas,2026-02,ELM,0,0,0,0,0,0,0,0,0
osm:relation:11089535,Municipio Piar,Monagas,2026-02,EXT,0,0,0,0,0,0,0,0,0
osm:relation:11089535,Municipio Piar,Monagas,2026-02,MAC,0,0,0,0,0,0,0,0,0
osm:relation:11089535,Municipio Piar,Monagas,2026-02,OIL,0,0,0,0,0,0,0,0,0
osm:relation:11089535,Municipio Piar,Monagas,2026-02,POL,0,0,0,0,0,0,0,0,0
osm:relation:11089535,Municipio Piar,Monagas,2026-02,SAN,0,0,0,0,0,0,0,0,0
osm:relation:11089535,Municipio Piar,Monagas,2026-02,SEC,0,0,0,0,0,0,0,0,0
osm:relation:11089535,Municipio Piar,Monagas,2026-03,CON,0,0,0,0,0,0,0,0,0
osm:relation:11089535,Municipio Piar,Monagas,2026-03,ELM,0,0,0,0,0,0,0,0,0
osm:relation:11089535,Municipio Piar,Monagas,2026-03,EXT,0,0,0,0,0,0,0,0,0
osm:relation:11089535,Municipio Piar,Monagas,2026-03,MAC,0,0,0,0,0,0,0,0,0
osm:relation:11089535,Municipio Piar,Monagas,2026-03,OIL,0,0,0,0,0,0,0,0,0
osm:relation:11089535,Municipio Piar,Monagas,2026-03,POL,1,1,0,0,0,0,0,0,1
osm:relation:11089535,Municipio Piar,Monagas,2026-03,SAN,0,0,0,0,0,0,0,0,0
osm:relation:11089535,Municipio Piar,Monagas,2026-03,SEC,0,0,0,0,0,0,0,0,0
osm:relation:11089535,Municipio Piar,Monagas,2026-04,CON,0,0,0,0,0,0,0,0,0
osm:relation:11089535,Municipio Piar,Monagas,2026-04,ELM,0,0,0,0,0,0,0,0,0
osm:relation:11089535,Municipio Piar,Monagas,2026-04,EXT,0,0,0,0,0,0,0,0,0
osm:relation:11089535,Municipio Piar,Monagas,2026-04,MAC,0,0,0,0,0,0,0,0,0
osm:relation:11089535,Municipio Piar,Monagas,2026-04,OIL,0,0,0,0,0,0,0,0,0
osm:relation:11089535,Municipio Piar,Monagas,2026-04,POL,0,0,0,0,0,0,0,0,0
osm:relation:11089535,Municipio Piar,Monagas,2026-04,SAN,0,0,0,0,0,0,0,0,0
osm:relation:11089535,Municipio Piar,Monagas,2026-04,SEC,0,0,0,0,0,0,0,0,0
osm:relation:11089535,Municipio Piar,Monagas,2026-05,CON,0,0,0,0,0,0,0,0,0
osm:relation:11089535,Municipio Piar,Monagas,2026-05,ELM,0,0,0,0,0,0,0,0,0
osm:relation:11089535,Municipio Piar,Monagas,2026-05,EXT,0,0,0,0,0,0,0,0,0
osm:relation:11089535,Municipio Piar,Monagas,2026-05,MAC,0,0,0,0,0,0,0,0,0
osm:relation:11089535,Municipio Piar,Monagas,2026-05,OIL,0,0,0,0,0,0,0,0,0
osm:relation:11089535,Municipio Piar,Monagas,2026-05,POL,0,0,0,0,0,0,0,0,0
osm:relation:11089535,Municipio Piar,Monagas,2026-05,SAN,0,0,0,0,0,0,0,0,0
osm:relation:11089535,Municipio Piar,Monagas,2026-05,SEC,0,0,0,0,0,0,0,0,0
osm:relation:11089535,Municipio Piar,Monagas,2026-06,CON,0,0,0,0,0,0,0,0,0
osm:relation:11089535,Municipio Piar,Monagas,2026-06,ELM,0,0,0,0,0,0,0,0,0
osm:relation:11089535,Municipio Piar,Monagas,2026-06,EXT,0,0,0,0,0,0,0,0,0
osm:relation:11089535,Municipio Piar,Monagas,2026-06,MAC,0,0,0,0,0,0,0,0,0
osm:relation:11089535,Municipio Piar,Monagas,2026-06,OIL,0,0,0,0,0,0,0,0,0
osm:relation:11089535,Municipio Piar,Monagas,2026-06,POL,0,0,0,0,0,0,0,0,0
osm:relation:11089535,Municipio Piar,Monagas,2026-06,SAN,0,0,0,0,0,0,0,0,0
osm:relation:11089535,Municipio Piar,Monagas,2026-06,SEC,0,0,0,0,0,0,0,0,0
osm:relation:11089535,Municipio Piar,Monagas,2026-07,CON,0,0,0,0,0,0,0,0,0
osm:relation:11089535,Municipio Piar,Monagas,2026-07,ELM,0,0,0,0,0,0,0,0,0
osm:relation:11089535,Municipio Piar,Monagas,2026-07,EXT,0,0,0,0,0,0,0,0,0
osm:relation:11089535,Municipio Piar,Monagas,2026-07,MAC,0,0,0,0,0,0,0,0,0
osm:relation:11089535,Municipio Piar,Monagas,2026-07,OIL,0,0,0,0,0,0,0,0,0
osm:relation:11089535,Municipio Piar,Monagas,2026-07,POL,0,0,0,0,0,0,0,0,0
osm:relation:11089535,Municipio Piar,Monagas,2026-07,SAN,0,0,0,0,0,0,0,0,0
osm:relation:11089535,Municipio Piar,Monagas,2026-07,SEC,0,0,0,0,0,0,0,0,0
osm:relation:11089535,Municipio Piar,Monagas,2026-08,CON,0,0,0,0,0,0,0,0,0
osm:relation:11089535,Municipio Piar,Monagas,2026-08,ELM,0,0,0,0,0,0,0,0,0
osm:relation:11089535,Municipio Piar,Monagas,2026-08,EXT,0,0,0,0,0,0,0,0,0
osm:relation:11089535,Municipio Piar,Monagas,2026-08,MAC,0,0,0,0,0,0,0,0,0
osm:relation:11089535,Municipio Piar,Monagas,2026-08,OIL,0,0,0,0,0,0,0,0,0
osm:relation:11089535,Municipio Piar,Monagas,2026-08,POL,1,1,0,0,0,0,0,0,1
osm:relation:11089535,Municipio Piar,Monagas,2026-08,SAN,0,0,0,0,0,0,0,0,0
osm:relation:11089535,Municipio Piar,Monagas,2026-08,SEC,2,2,0,0,0,0,0,0,2
osm:relation:11089535,Municipio Piar,Monagas,2026-09,CON,0,0,0,0,0,0,0,0,0
osm:relation:11089535,Municipio Piar,Monagas,2026-09,ELM,0,0,0,0,0,0,0,0,0
osm:relation:11089535,Municipio Piar,Monagas,2026-09,EXT,0,0,0,0,0,0,0,0,0
osm:relation:11089535,Municipio Piar,Monagas,2026-09,MAC,0,0,0,0,0,0,0,0,0
osm:relation:11089535,Municipio Piar,Monagas,2026-09,OIL,0,0,0,0,0,0,0,0,0
osm:relation:11089535,Municipio Piar,Monagas,2026-09,POL,0,0,0,0,0,0,0,0,0
osm:relation:11089535,Municipio Piar,Monagas,2026-09,SAN,0,0,0,0,0,0,0,0,0
osm:relation:11089535,Municipio Piar,Monagas,2026-09,SEC,0,0,0,0,0,0,0,0,0
osm:relation:11089536,Municipio Punceres,Monagas,2024-09,CON,0,0,0,0,0,0,0,0,0
osm:relation:11089536,Municipio Punceres,Monagas,2024-09,ELM,0,0,0,0,0,0,0,0,0
osm:relation:11089536,Municipio Punceres,Monagas,2024-09,EXT,0,0,0,0,0,0,0,0,0
osm:relation:11089536,Municipio Punceres,Monagas,2024-09,MAC,0,0,0,0,0,0,0,0,0
osm:relation:11089536,Municipio Punceres,Monagas,2024-09,OIL,0,0,0,0,0,0,0,0,0
osm:relation:11089536,Municipio Punceres,Monagas,2024-09,POL,1,1,0,0,0,0,0,0,1
osm:relation:11089536,Municipio Punceres,Monagas,2024-09,SAN,0,0,0,0,0,0,0,0,0
osm:relation:11089536,Municipio Punceres,Monagas,2024-09,SEC,0,0,0,0,0,0,0,0,0
osm:relation:11089536,Municipio Punceres,Monagas,2024-10,CON,0,0,0,0,0,0,0,0,0
osm:relation:11089536,Municipio Punceres,Monagas,2024-10,ELM,0,0,0,0,0,0,0,0,0
osm:relation:11089536,Municipio Punceres,Monagas,2024-10,EXT,0,0,0,0,0,0,0,0,0
osm:relation:11089536,Municipio Punceres,Monagas,2024-10,MAC,0,0,0,0,0,0,0,0,0
osm:relation:11089536,Municipio Punceres,Monagas,2024-10,OIL,0,0,0,0,0,0,0,0,0
osm:relation:11089536,Municipio Punceres,Monagas,2024-10,POL,0,0,0,0,0,0,0,0,0
osm:relation:11089536,Municipio Punceres,Monagas,2024-10,SAN,0,0,0,0,0,0,0,0,0
osm:relation:11089536,Municipio Punceres,Monagas,2024-10,SEC,0,0,0,0,0,0,0,0,0
osm:relation:11089536,Municipio Punceres,Monagas,2024-11,CON,0,0,0,0,0,0,0,0,0
osm:relation:11089536,Municipio Punceres,Monagas,2024-11,ELM,0,0,0,0,0,0,0,0,0
osm:relation:11089536,Municipio Punceres,Monagas,2024-11,EXT,0,0,0,0,0,0,0,0,0
osm:relation:11089536,Municipio Punceres,Monagas,2024-11,MAC,0,0,0,0,0,0,0,0,0
osm:relation:11089536,Municipio Punceres,Monagas,2024-11,OIL,0,0,0,0,0,0,0,0,0
osm:relation:11089536,Municipio Punceres,Monagas,2024-11,POL,0,0,0,0,0,0,0,0,0
osm:relation:11089536,Municipio Punceres,Monagas,2024-11,SAN,0,0,0,0,0,0,0,0,0
osm:relation:11089536,Municipio Punceres,Monagas,2024-11,SEC,0,0,0,0,0,0,0,0,0
osm:relation:11089536,Municipio Punceres,Monagas,2024-12,CON,0,0,0,0,0,0,0,0,0
osm:relation:11089536,Municipio Punceres,Monagas,2024-12,ELM,0,0,0,0,0,0,0,0,0
osm:relation:11089536,Municipio Punceres,Monagas,2024-12,EXT,0,0,0,0,0,0,0,0,0
osm:relation:11089536,Municipio Punceres,Monagas,2024-12,MAC,0,0,0,0,0,0,0,0,0
osm:relation:11089536,Municipio Punceres,Monagas,2024-12,OIL,0,0,0,0,0,0,0,0,0
osm:relation:11089536,Municipio Punceres,Monagas,2024-12,POL,0,0,0,0,0,0,0,0,0
osm:relation:11089536,Municipio Punceres,Monagas,2024-12,SAN,0,0,0,0,0,0,0,0,0
osm:relation:11089536,Municipio Punceres,Monagas,2024-12,SEC,0,0,0,0,0,0,0,0,0
osm:relation:11089536,Municipio Punceres,Monagas,2025-01,CON,0,0,0,0,0,0,0,0,0
osm:relation:11089536,Municipio Punceres,Monagas,2025-01,ELM,0,0,0,0,0,0,0,0,0
osm:relation:11089536,Municipio Punceres,Monagas,2025-01,EXT,0,0,0,0,0,0,0,0,0
osm:relation:11089536,Municipio Punceres,Monagas,2025-01,MAC,0,0,0,0,0,0,0,0,0
osm:relation:11089536,Municipio Punceres,Monagas,2025-01,OIL,0,0,0,0,0,0,0,0,0
osm:relation:11089536,Municipio Punceres,Monagas,2025-01,POL,0,0,0,0,0,0,0,0,0
osm:relation:11089536,Municipio Punceres,Monagas,2025-01,SAN,0,0,0,0,0,0,0,0,0
osm:relation:11089536,Municipio Punceres,Monagas,2025-01,SEC,0,0,0,0,0,0,0,0,0
osm:relation:11089536,Municipio Punceres,Monagas,2025-02,CON,0,0,0,0,0,0,0,0,0
osm:relation:11089536,Municipio Punceres,Monagas,2025-02,ELM,0,0,0,0,0,0,0,0,0
osm:relation:11089536,Municipio Punceres,Monagas,2025-02,EXT,0,0,0,0,0,0,0,0,0
osm:relation:11089536,Municipio Punceres,Monagas,2025-02,MAC,0,0,0,0,0,0,0,0,0
osm:relation:11089536,Municipio Punceres,Monagas,2025-02,OIL,0,0,0,0,0,0,0,0,0
osm:relation:11089536,Municipio Punceres,Monagas,2025-02,POL,0,0,0,0,0,0,0,0,0
osm:relation:11089536,Municipio Punceres,Monagas,2025-02,SAN,0,0,0,0,0,0,0,0,0
osm:relation:11089536,Municipio Punceres,Monagas,2025-02,SEC,0,0,0,0,0,0,0,0,0
osm:relation:11089536,Municipio Punceres,Monagas,2025-03,CON,0,0,0,0,0,0,0,0,0
osm:relation:11089536,Municipio Punceres,Monagas,2025-03,ELM,0,0,0,0,0,0,0,0,0
osm:relation:11089536,Municipio Punceres,Monagas,2025-03,EXT,0,0,0,0,0,0,0,0,0
osm:relation:11089536,Municipio Punceres,Monagas,2025-03,MAC,0,0,0,0,0,0,0,0,0
osm:relation:11089536,Municipio Punceres,Monagas,2025-03,OIL,0,0,0,0,0,0,0,0,0
osm:relation:11089536,Municipio Punceres,Monagas,2025-03,POL,0,0,0,0,0,0,0,0,0
osm:relation:11089536,Municipio Punceres,Monagas,2025-03,SAN,0,0,0,0,0,0,0,0,0
osm:relation:11089536,Municipio Punceres,Monagas,2025-03,SEC,0,0,0,0,0,0,0,0,0
osm:relation:11089536,Municipio Punceres,Monagas,2025-04,CON,0,0,0,0,0,0,0,0,0
osm:relation:11089536,Municipio Punceres,Monagas,2025-04,ELM,0,0,0,0,0,0,0,0,0
osm:relation:11089536,Municipio Punceres,Monagas,2025-04,EXT,0,0,0,0,0,0,0,0,0
osm:relation:11089536,Municipio Punceres,Monagas,2025-04,MAC,0,0,0,0,0,0,0,0,0
osm:relation:11089536,Municipio Punceres,Monagas,2025-04,OIL,0,0,0,0,0,0,0,0,0
osm:relation:11089536,Municipio Punceres,Monagas,2025-04,POL,0,0,0,0,0,0,0,0,0
osm:relation:11089536,Municipio Punceres,Monagas,2025-04,SAN,0,0,0,0,0,0,0,0,0
osm:relation:11089536,Municipio Punceres,Monagas,2025-04,SEC,0,0,0,0,0,0,0,0,0
osm:relation:11089536,Municipio Punceres,Monagas,2025-05,CON,0,0,0,0,0,0,0,0,0
osm:relation:11089536,Municipio Punceres,Monagas,2025-05,ELM,0,0,0,0,0,0,0,0,0
osm:relation:11089536,Municipio Punceres,Monagas,2025-05,EXT,0,0,0,0,0,0,0,0,0
osm:relation:11089536,Municipio Punceres,Monagas,2025-05,MAC,0,0,0,0,0,0,0,0,0
osm:relation:11089536,Municipio Punceres,Monagas,2025-05,OIL,0,0,0,0,0,0,0,0,0
osm:relation:11089536,Municipio Punceres,Monagas,2025-05,POL,0,0,0,0,0,0,0,0,0
osm:relation:11089536,Municipio Punceres,Monagas,2025-05,SAN,0,0,0,0,0,0,0,0,0
osm:relation:11089536,Municipio Punceres,Monagas,2025-05,SEC,0,0,0,0,0,0,0,0,0
osm:relation:11089536,Municipio Punceres,Monagas,2025-06,CON,0,0,0,0,0,0,0,0,0
osm:relation:11089536,Municipio Punceres,Monagas,2025-06,ELM,0,0,0,0,0,0,0,0,0
osm:relation:11089536,Municipio Punceres,Monagas,2025-06,EXT,0,0,0,0,0,0,0,0,0
osm:relation:11089536,Municipio Punceres,Monagas,2025-06,MAC,0,0,0,0,0,0,0,0,0
osm:relation:11089536,Municipio Punceres,Monagas,2025-06,OIL,0,0,0,0,0,0,0,0,0
osm:relation:11089536,Municipio Punceres,Monagas,2025-06,POL,0,0,0,0,0,0,0,0,0
osm:relation:11089536,Municipio Punceres,Monagas,2025-06,SAN,0,0,0,0,0,0,0,0,0
osm:relation:11089536,Municipio Punceres,Monagas,2025-06,SEC,0,0,0,0,0,0,0,0,0
osm:relation:11089536,Municipio Punceres,Monagas,2025-07,CON,0,0,0,0,0,0,0,0,0
osm:relation:11089536,Municipio Punceres,Monagas,2025-07,ELM,0,0,0,0,0,0,0,0,0
osm:relation:11089536,Municipio Punceres,Monagas,2025-07,EXT,0,0,0,0,0,0,0,0,0
osm:relation:11089536,Municipio Punceres,Monagas,2025-07,MAC,0,0,0,0,0,0,0,0,0
osm:relation:11089536,Municipio Punceres,Monagas,2025-07,OIL,0,0,0,0,0,0,0,0,0
osm:relation:11089536,Municipio Punceres,Monagas,2025-07,POL,0,0,0,0,0,0,0,0,0
osm:relation:11089536,Municipio Punceres,Monagas,2025-07,SAN,0,0,0,0,0,0,0,0,0
osm:relation:11089536,Municipio Punceres,Monagas,2025-07,SEC,0,0,0,0,0,0,0,0,0
osm:relation:11089536,Municipio Punceres,Monagas,2025-08,CON,0,0,0,0,0,0,0,0,0
osm:relation:11089536,Municipio Punceres,Monagas,2025-08,ELM,0,0,0,0,0,0,0,0,0
osm:relation:11089536,Municipio Punceres,Monagas,2025-08,EXT,0,0,0,0,0,0,0,0,0
osm:relation:11089536,Municipio Punceres,Monagas,2025-08,MAC,0,0,0,0,0,0,0,0,0
osm:relation:11089536,Municipio Punceres,Monagas,2025-08,OIL,0,0,0,0,0,0,0,0,0
osm:relation:11089536,Municipio Punceres,Monagas,2025-08,POL,0,0,0,0,0,0,0,0,0
osm:relation:11089536,Municipio Punceres,Monagas,2025-08,SAN,0,0,0,0,0,0,0,0,0
osm:relation:11089536,Municipio Punceres,Monagas,2025-08,SEC,0,0,0,0,0,0,0,0,0
osm:relation:11089536,Municipio Punceres,Monagas,2025-09,CON,0,0,0,0,0,0,0,0,0
osm:relation:11089536,Municipio Punceres,Monagas,2025-09,ELM,0,0,0,0,0,0,0,0,0
osm:relation:11089536,Municipio Punceres,Monagas,2025-09,EXT,0,0,0,0,0,0,0,0,0
osm:relation:11089536,Municipio Punceres,Monagas,2025-09,MAC,0,0,0,0,0,0,0,0,0
osm:relation:11089536,Municipio Punceres,Monagas,2025-09,OIL,0,0,0,0,0,0,0,0,0
osm:relation:11089536,Municipio Punceres,Monagas,2025-09,POL,0,0,0,0,0,0,0,0,0
osm:relation:11089536,Municipio Punceres,Monagas,2025-09,SAN,0,0,0,0,0,0,0,0,0
osm:relation:11089536,Municipio Punceres,Monagas,2025-09,SEC,0,0,0,0,0,0,0,0,0
osm:relation:11089536,Municipio Punceres,Monagas,2025-10,CON,0,0,0,0,0,0,0,0,0
osm:relation:11089536,Municipio Punceres,Monagas,2025-10,ELM,0,0,0,0,0,0,0,0,0
osm:relation:11089536,Municipio Punceres,Monagas,2025-10,EXT,0,0,0,0,0,0,0,0,0
osm:relation:11089536,Municipio Punceres,Monagas,2025-10,MAC,0,0,0,0,0,0,0,0,0
osm:relation:11089536,Municipio Punceres,Monagas,2025-10,OIL,0,0,0,0,0,0,0,0,0
osm:relation:11089536,Municipio Punceres,Monagas,2025-10,POL,0,0,0,0,0,0,0,0,0
osm:relation:11089536,Municipio Punceres,Monagas,2025-10,SAN,0,0,0,0,0,0,0,0,0
osm:relation:11089536,Municipio Punceres,Monagas,2025-10,SEC,0,0,0,0,0,0,0,0,0
osm:relation:11089536,Municipio Punceres,Monagas,2025-11,CON,0,0,0,0,0,0,0,0,0
osm:relation:11089536,Municipio Punceres,Monagas,2025-11,ELM,0,0,0,0,0,0,0,0,0
osm:relation:11089536,Municipio Punceres,Monagas,2025-11,EXT,0,0,0,0,0,0,0,0,0
osm:relation:11089536,Municipio Punceres,Monagas,2025-11,MAC,0,0,0,0,0,0,0,0,0
osm:relation:11089536,Municipio Punceres,Monagas,2025-11,OIL,0,0,0,0,0,0,0,0,0
osm:relation:11089536,Municipio Punceres,Monagas,2025-11,POL,0,0,0,0,0,0,0,0,0
osm:relation:11089536,Municipio Punceres,Monagas,2025-11,SAN,0,0,0,0,0,0,0,0,0
osm:relation:11089536,Municipio Punceres,Monagas,2025-11,SEC,0,0,0,0,0,0,0,0,0
osm:relation:11089536,Municipio Punceres,Monagas,2025-12,CON,0,0,0,0,0,0,0,0,0
osm:relation:11089536,Municipio Punceres,Monagas,2025-12,ELM,0,0,0,0,0,0,0,0,0
osm:relation:11089536,Municipio Punceres,Monagas,2025-12,EXT,0,0,0,0,0,0,0,0,0
osm:relation:11089536,Municipio Punceres,Monagas,2025-12,MAC,0,0,0,0,0,0,0,0,0
osm:relation:11089536,Municipio Punceres,Monagas,2025-12,OIL,0,0,0,0,0,0,0,0,0
osm:relation:11089536,Municipio Punceres,Monagas,2025-12,POL,0,0,0,0,0,0,0,0,0
osm:relation:11089536,Municipio Punceres,Monagas,2025-12,SAN,0,0,0,0,0,0,0,0,0
osm:relation:11089536,Municipio Punceres,Monagas,2025-12,SEC,0,0,0,0,0,0,0,0,0
osm:relation:11089536,Municipio Punceres,Monagas,2026-01,CON,0,0,0,0,0,0,0,0,0
osm:relation:11089536,Municipio Punceres,Monagas,2026-01,ELM,0,0,0,0,0,0,0,0,0
osm:relation:11089536,Municipio Punceres,Monagas,2026-01,EXT,0,0,0,0,0,0,0,0,0
osm:relation:11089536,Municipio Punceres,Monagas,2026-01,MAC,0,0,0,0,0,0,0,0,0
osm:relation:11089536,Municipio Punceres,Monagas,2026-01,OIL,0,0,0,0,0,0,0,0,0
osm:relation:11089536,Municipio Punceres,Monagas,2026-01,POL,0,0,0,0,0,0,0,0,0
osm:relation:11089536,Municipio Punceres,Monagas,2026-01,SAN,0,0,0,0,0,0,0,0,0
osm:relation:11089536,Municipio Punceres,Monagas,2026-01,SEC,0,0,0,0,0,0,0,0,0
osm:relation:11089536,Municipio Punceres,Monagas,2026-02,CON,0,0,0,0,0,0,0,0,0
osm:relation:11089536,Municipio Punceres,Monagas,2026-02,ELM,0,0,0,0,0,0,0,0,0
osm:relation:11089536,Municipio Punceres,Monagas,2026-02,EXT,0,0,0,0,0,0,0,0,0
osm:relation:11089536,Municipio Punceres,Monagas,2026-02,MAC,0,0,0,0,0,0,0,0,0
osm:relation:11089536,Municipio Punceres,Monagas,2026-02,OIL,0,0,0,0,0,0,0,0,0
osm:relation:11089536,Municipio Punceres,Monagas,2026-02,POL,0,0,0,0,0,0,0,0,0
osm:relation:11089536,Municipio Punceres,Monagas,2026-02,SAN,0,0,0,0,0,0,0,0,0
osm:relation:11089536,Municipio Punceres,Monagas,2026-02,SEC,0,0,0,0,0,0,0,0,0
osm:relation:11089536,Municipio Punceres,Monagas,2026-03,CON,0,0,0,0,0,0,0,0,0
osm:relation:11089536,Municipio Punceres,Monagas,2026-03,ELM,0,0,0,0,0,0,0,0,0
osm:relation:11089536,Municipio Punceres,Monagas,2026-03,EXT,0,0,0,0,0,0,0,0,0
osm:relation:11089536,Municipio Punceres,Monagas,2026-03,MAC,0,0,0,0,0,0,0,0,0
osm:relation:11089536,Municipio Punceres,Monagas,2026-03,OIL,0,0,0,0,0,0,0,0,0
osm:relation:11089536,Municipio Punceres,Monagas,2026-03,POL,0,0,0,0,0,0,0,0,0
osm:relation:11089536,Municipio Punceres,Monagas,2026-03,SAN,0,0,0,0,0,0,0,0,0
osm:relation:11089536,Municipio Punceres,Monagas,2026-03,SEC,0,0,0,0,0,0,0,0,0
osm:relation:11089536,Municipio Punceres,Monagas,2026-04,CON,0,0,0,0,0,0,0,0,0
osm:relation:11089536,Municipio Punceres,Monagas,2026-04,ELM,0,0,0,0,0,0,0,0,0
osm:relation:11089536,Municipio Punceres,Monagas,2026-04,EXT,0,0,0,0,0,0,0,0,0
osm:relation:11089536,Municipio Punceres,Monagas,2026-04,MAC,0,0,0,0,0,0,0,0,0
osm:relation:11089536,Municipio Punceres,Monagas,2026-04,OIL,0,0,0,0,0,0,0,0,0
osm:relation:11089536,Municipio Punceres,Monagas,2026-04,POL,0,0,0,0,0,0,0,0,0
osm:relation:11089536,Municipio Punceres,Monagas,2026-04,SAN,0,0,0,0,0,0,0,0,0
osm:relation:11089536,Municipio Punceres,Monagas,2026-04,SEC,0,0,0,0,0,0,0,0,0
osm:relation:11089536,Municipio Punceres,Monagas,2026-05,CON,0,0,0,0,0,0,0,0,0
osm:relation:11089536,Municipio Punceres,Monagas,2026-05,ELM,0,0,0,0,0,0,0,0,0
osm:relation:11089536,Municipio Punceres,Monagas,2026-05,EXT,0,0,0,0,0,0,0,0,0
osm:relation:11089536,Municipio Punceres,Monagas,2026-05,MAC,0,0,0,0,0,0,0,0,0
osm:relation:11089536,Municipio Punceres,Monagas,2026-05,OIL,0,0,0,0,0,0,0,0,0
osm:relation:11089536,Municipio Punceres,Monagas,2026-05,POL,0,0,0,0,0,0,0,0,0
osm:relation:11089536,Municipio Punceres,Monagas,2026-05,SAN,0,0,0,0,0,0,0,0,0
osm:relation:11089536,Municipio Punceres,Monagas,2026-05,SEC,0,0,0,0,0,0,0,0,0
osm:relation:11089536,Municipio Punceres,Monagas,2026-06,CON,0,0,0,0,0,0,0,0,0
osm:relation:11089536,Municipio Punceres,Monagas,2026-06,ELM,0,0,0,0,0,0,0,0,0
osm:relation:11089536,Municipio Punceres,Monagas,2026-06,EXT,0,0,0,0,0,0,0,0,0
osm:relation:11089536,Municipio Punceres,Monagas,2026-06,MAC,0,0,0,0,0,0,0,0,0
osm:relation:11089536,Municipio Punceres,Monagas,2026-06,OIL,0,0,0,0,0,0,0,0,0
osm:relation:11089536,Municipio Punceres,Monagas,2026-06,POL,0,0,0,0,0,0,0,0,0
osm:relation:11089536,Municipio Punceres,Monagas,2026-06,SAN,0,0,0,0,0,0,0,0,0
osm:relation:11089536,Municipio Punceres,Monagas,2026-06,SEC,0,0,0,0,0,0,0,0,0
osm:relation:11089536,Municipio Punceres,Monagas,2026-07,CON,0,0,0,0,0,0,0,0,0
osm:relation:11089536,Municipio Punceres,Monagas,2026-07,ELM,0,0,0,0,0,0,0,0,0
osm:relation:11089536,Municipio Punceres,Monagas,2026-07,EXT,0,0,0,0,0,0,0,0,0
osm:relation:11089536,Municipio Punceres,Monagas,2026-07,MAC,0,0,0,0,0,0,0,0,0
osm:relation:11089536,Municipio Punceres,Monagas,2026-07,OIL,0,0,0,0,0,0,0,0,0
osm:relation:11089536,Municipio Punceres,Monagas,2026-07,POL,0,0,0,0,0,0,0,0,0
osm:relation:11089536,Municipio Punceres,Monagas,2026-07,SAN,0,0,0,0,0,0,0,0,0
osm:relation:11089536,Municipio Punceres,Monagas,2026-07,SEC,0,0,0,0,0,0,0,0,0
osm:relation:11089536,Municipio Punceres,Monagas,2026-08,CON,0,0,0,0,0,0,0,0,0
osm:relation:11089536,Municipio Punceres,Monagas,2026-08,ELM,0,0,0,0,0,0,0,0,0
osm:relation:11089536,Municipio Punceres,Monagas,2026-08,EXT,0,0,0,0,0,0,0,0,0
osm:relation:11089536,Municipio Punceres,Monagas,2026-08,MAC,0,0,0,0,0,0,0,0,0
osm:relation:11089536,Municipio Punceres,Monagas,2026-08,OIL,1,0,1,0,0,0,0,0,1
osm:relation:11089536,Municipio Punceres,Monagas,2026-08,POL,0,0,0,0,0,0,0,0,0
osm:relation:11089536,Municipio Punceres,Monagas,2026-08,SAN,0,0,0,0,0,0,0,0,0
osm:relation:11089536,Municipio Punceres,Monagas,2026-08,SEC,1,0,1,0,0,0,0,0,1
osm:relation:11089536,Municipio Punceres,Monagas,2026-09,CON,0,0,0,0,0,0,0,0,0
osm:relation:11089536,Municipio Punceres,Monagas,2026-09,ELM,0,0,0,0,0,0,0,0,0
osm:relation:11089536,Municipio Punceres,Monagas,2026-09,EXT,0,0,0,0,0,0,0,0,0
osm:relation:11089536,Municipio Punceres,Monagas,2026-09,MAC,0,0,0,0,0,0,0,0,0
osm:relation:11089536,Municipio Punceres,Monagas,2026-09,OIL,0,0,0,0,0,0,0,0,0
osm:relation:11089536,Municipio Punceres,Monagas,2026-09,POL,0,0,0,0,0,0,0,0,0
osm:relation:11089536,Municipio Punceres,Monagas,2026-09,SAN,0,0,0,0,0,0,0,0,0
osm:relation:11089536,Municipio Punceres,Monagas,2026-09,SEC,0,0,0,0,0,0,0,0,0
osm:relation:11089537,Municipio Bolívar,Monagas,2024-09,CON,0,0,0,0,0,0,0,0,0
osm:relation:11089537,Municipio Bolívar,Monagas,2024-09,ELM,0,0,0,0,0,0,0,0,0
osm:relation:11089537,Municipio Bolívar,Monagas,2024-09,EXT,0,0,0,0,0,0,0,0,0
osm:relation:11089537,Municipio Bolívar,Monagas,2024-09,MAC,0,0,0,0,0,0,0,0,0
osm:relation:11089537,Municipio Bolívar,Monagas,2024-09,OIL,0,0,0,0,0,0,0,0,0
osm:relation:11089537,Municipio Bolívar,Monagas,2024-09,POL,0,0,0,0,0,0,0,0,0
osm:relation:11089537,Municipio Bolívar,Monagas,2024-09,SAN,0,0,0,0,0,0,0,0,0
osm:relation:11089537,Municipio Bolívar,Monagas,2024-09,SEC,0,0,0,0,0,0,0,0,0
osm:relation:11089537,Municipio Bolívar,Monagas,2024-10,CON,0,0,0,0,0,0,0,0,0
osm:relation:11089537,Municipio Bolívar,Monagas,2024-10,ELM,0,0,0,0,0,0,0,0,0
osm:relation:11089537,Municipio Bolívar,Monagas,2024-10,EXT,0,0,0,0,0,0,0,0,0
osm:relation:11089537,Municipio Bolívar,Monagas,2024-10,MAC,0,0,0,0,0,0,0,0,0
osm:relation:11089537,Municipio Bolívar,Monagas,2024-10,OIL,0,0,0,0,0,0,0,0,0
osm:relation:11089537,Municipio Bolívar,Monagas,2024-10,POL,0,0,0,0,0,0,0,0,0
osm:relation:11089537,Municipio Bolívar,Monagas,2024-10,SAN,0,0,0,0,0,0,0,0,0
osm:relation:11089537,Municipio Bolívar,Monagas,2024-10,SEC,0,0,0,0,0,0,0,0,0
osm:relation:11089537,Municipio Bolívar,Monagas,2024-11,CON,0,0,0,0,0,0,0,0,0
osm:relation:11089537,Municipio Bolívar,Monagas,2024-11,ELM,0,0,0,0,0,0,0,0,0
osm:relation:11089537,Municipio Bolívar,Monagas,2024-11,EXT,0,0,0,0,0,0,0,0,0
osm:relation:11089537,Municipio Bolívar,Monagas,2024-11,MAC,0,0,0,0,0,0,0,0,0
osm:relation:11089537,Municipio Bolívar,Monagas,2024-11,OIL,0,0,0,0,0,0,0,0,0
osm:relation:11089537,Municipio Bolívar,Monagas,2024-11,POL,0,0,0,0,0,0,0,0,0
osm:relation:11089537,Municipio Bolívar,Monagas,2024-11,SAN,0,0,0,0,0,0,0,0,0
osm:relation:11089537,Municipio Bolívar,Monagas,2024-11,SEC,0,0,0,0,0,0,0,0,0
osm:relation:11089537,Municipio Bolívar,Monagas,2024-12,CON,0,0,0,0,0,0,0,0,0
osm:relation:11089537,Municipio Bolívar,Monagas,2024-12,ELM,0,0,0,0,0,0,0,0,0
osm:relation:11089537,Municipio Bolívar,Monagas,2024-12,EXT,0,0,0,0,0,0,0,0,0
osm:relation:11089537,Municipio Bolívar,Monagas,2024-12,MAC,0,0,0,0,0,0,0,0,0
osm:relation:11089537,Municipio Bolívar,Monagas,2024-12,OIL,2,2,0,0,0,0,0,0,2
osm:relation:11089537,Municipio Bolívar,Monagas,2024-12,POL,0,0,0,0,0,0,0,0,0
osm:relation:11089537,Municipio Bolívar,Monagas,2024-12,SAN,0,0,0,0,0,0,0,0,0
osm:relation:11089537,Municipio Bolívar,Monagas,2024-12,SEC,0,0,0,0,0,0,0,0,0
osm:relation:11089537,Municipio Bolívar,Monagas,2025-01,CON,0,0,0,0,0,0,0,0,0
osm:relation:11089537,Municipio Bolívar,Monagas,2025-01,ELM,1,1,0,0,0,0,0,0,1
osm:relation:11089537,Municipio Bolívar,Monagas,2025-01,EXT,0,0,0,0,0,0,0,0,0
osm:relation:11089537,Municipio Bolívar,Monagas,2025-01,MAC,0,0,0,0,0,0,0,0,0
osm:relation:11089537,Municipio Bolívar,Monagas,2025-01,OIL,0,0,0,0,0,0,0,0,0
osm:relation:11089537,Municipio Bolívar,Monagas,2025-01,POL,1,1,0,0,0,0,0,0,1
osm:relation:11089537,Municipio Bolívar,Monagas,2025-01,SAN,0,0,0,0,0,0,0,0,0
osm:relation:11089537,Municipio Bolívar,Monagas,2025-01,SEC,0,0,0,0,0,0,0,0,0
osm:relation:11089537,Municipio Bolívar,Monagas,2025-02,CON,0,0,0,0,0,0,0,0,0
osm:relation:11089537,Municipio Bolívar,Monagas,2025-02,ELM,0,0,0,0,0,0,0,0,0
osm:relation:11089537,Municipio Bolívar,Monagas,2025-02,EXT,0,0,0,0,0,0,0,0,0
osm:relation:11089537,Municipio Bolívar,Monagas,2025-02,MAC,0,0,0,0,0,0,0,0,0
osm:relation:11089537,Municipio Bolívar,Monagas,2025-02,OIL,0,0,0,0,0,0,0,0,0
osm:relation:11089537,Municipio Bolívar,Monagas,2025-02,POL,0,0,0,0,0,0,0,0,0
osm:relation:11089537,Municipio Bolívar,Monagas,2025-02,SAN,0,0,0,0,0,0,0,0,0
osm:relation:11089537,Municipio Bolívar,Monagas,2025-02,SEC,0,0,0,0,0,0,0,0,0
osm:relation:11089537,Municipio Bolívar,Monagas,2025-03,CON,0,0,0,0,0,0,0,0,0
osm:relation:11089537,Municipio Bolívar,Monagas,2025-03,ELM,0,0,0,0,0,0,0,0,0
osm:relation:11089537,Municipio Bolívar,Monagas,2025-03,EXT,0,0,0,0,0,0,0,0,0
osm:relation:11089537,Municipio Bolívar,Monagas,2025-03,MAC,0,0,0,0,0,0,0,0,0
osm:relation:11089537,Municipio Bolívar,Monagas,2025-03,OIL,0,0,0,0,0,0,0,0,0
osm:relation:11089537,Municipio Bolívar,Monagas,2025-03,POL,0,0,0,0,0,0,0,0,0
osm:relation:11089537,Municipio Bolívar,Monagas,2025-03,SAN,0,0,0,0,0,0,0,0,0
osm:relation:11089537,Municipio Bolívar,Monagas,2025-03,SEC,0,0,0,0,0,0,0,0,0
osm:relation:11089537,Municipio Bolívar,Monagas,2025-04,CON,0,0,0,0,0,0,0,0,0
osm:relation:11089537,Municipio Bolívar,Monagas,2025-04,ELM,0,0,0,0,0,0,0,0,0
osm:relation:11089537,Municipio Bolívar,Monagas,2025-04,EXT,0,0,0,0,0,0,0,0,0
osm:relation:11089537,Municipio Bolívar,Monagas,2025-04,MAC,0,0,0,0,0,0,0,0,0
osm:relation:11089537,Municipio Bolívar,Monagas,2025-04,OIL,0,0,0,0,0,0,0,0,0
osm:relation:11089537,Municipio Bolívar,Monagas,2025-04,POL,0,0,0,0,0,0,0,0,0
osm:relation:11089537,Municipio Bolívar,Monagas,2025-04,SAN,0,0,0,0,0,0,0,0,0
osm:relation:11089537,Municipio Bolívar,Monagas,2025-04,SEC,0,0,0,0,0,0,0,0,0
osm:relation:11089537,Municipio Bolívar,Monagas,2025-05,CON,0,0,0,0,0,0,0,0,0
osm:relation:11089537,Municipio Bolívar,Monagas,2025-05,ELM,1,1,0,0,0,0,0,0,1
osm:relation:11089537,Municipio Bolívar,Monagas,2025-05,EXT,0,0,0,0,0,0,0,0,0
osm:relation:11089537,Municipio Bolívar,Monagas,2025-05,MAC,0,0,0,0,0,0,0,0,0
osm:relation:11089537,Municipio Bolívar,Monagas,2025-05,OIL,0,0,0,0,0,0,0,0,0
osm:relation:11089537,Municipio Bolívar,Monagas,2025-05,POL,0,0,0,0,0,0,0,0,0
osm:relation:11089537,Municipio Bolívar,Monagas,2025-05,SAN,0,0,0,0,0,0,0,0,0
osm:relation:11089537,Municipio Bolívar,Monagas,2025-05,SEC,3,2,1,0,0,0,0,0,3
osm:relation:11089537,Municipio Bolívar,Monagas,2025-06,CON,0,0,0,0,0,0,0,0,0
osm:relation:11089537,Municipio Bolívar,Monagas,2025-06,ELM,0,0,0,0,0,0,0,0,0
osm:relation:11089537,Municipio Bolívar,Monagas,2025-06,EXT,0,0,0,0,0,0,0,0,0
osm:relation:11089537,Municipio Bolívar,Monagas,2025-06,MAC,0,0,0,0,0,0,0,0,0
osm:relation:11089537,Municipio Bolívar,Monagas,2025-06,OIL,0,0,0,0,0,0,0,0,0
osm:relation:11089537,Municipio Bolívar,Monagas,2025-06,POL,0,0,0,0,0,0,0,0,0
osm:relation:11089537,Municipio Bolívar,Monagas,2025-06,SAN,0,0,0,0,0,0,0,0,0
osm:relation:11089537,Municipio Bolívar,Monagas,2025-06,SEC,2,1,1,0,0,0,0,0,2
osm:relation:11089537,Municipio Bolívar,Monagas,2025-07,CON,0,0,0,0,0,0,0,0,0
osm:relation:11089537,Municipio Bolívar,Monagas,2025-07,ELM,1,0,1,0,0,0,0,0,1
osm:relation:11089537,Municipio Bolívar,Monagas,2025-07,EXT,0,0,0,0,0,0,0,0,0
osm:relation:11089537,Municipio Bolívar,Monagas,2025-07,MAC,0,0,0,0,0,0,0,0,0
osm:relation:11089537,Municipio Bolívar,Monagas,2025-07,OIL,0,0,0,0,0,0,0,0,0
osm:relation:11089537,Municipio Bolívar,Monagas,2025-07,POL,0,0,0,0,0,0,0,0,0
osm:relation:11089537,Municipio Bolívar,Monagas,2025-07,SAN,0,0,0,0,0,0,0,0,0
osm:relation:11089537,Municipio Bolívar,Monagas,2025-07,SEC,0,0,0,0,0,0,0,0,0
osm:relation:11089537,Municipio Bolívar,Monagas,2025-08,CON,0,0,0,0,0,0,0,0,0
osm:relation:11089537,Municipio Bolívar,Monagas,2025-08,ELM,0,0,0,0,0,0,0,0,0
osm:relation:11089537,Municipio Bolívar,Monagas,2025-08,EXT,0,0,0,0,0,0,0,0,0
osm:relation:11089537,Municipio Bolívar,Monagas,2025-08,MAC,0,0,0,0,0,0,0,0,0
osm:relation:11089537,Municipio Bolívar,Monagas,2025-08,OIL,0,0,0,0,0,0,0,0,0
osm:relation:11089537,Municipio Bolívar,Monagas,2025-08,POL,1,1,0,0,0,0,0,0,1
osm:relation:11089537,Municipio Bolívar,Monagas,2025-08,SAN,0,0,0,0,0,0,0,0,0
osm:relation:11089537,Municipio Bolívar,Monagas,2025-08,SEC,1,0,1,0,0,0,0,0,1
osm:relation:11089537,Municipio Bolívar,Monagas,2025-09,CON,0,0,0,0,0,0,0,0,0
osm:relation:11089537,Municipio Bolívar,Monagas,2025-09,ELM,0,0,0,0,0,0,0,0,0
osm:relation:11089537,Municipio Bolívar,Monagas,2025-09,EXT,0,0,0,0,0,0,0,0,0
osm:relation:11089537,Municipio Bolívar,Monagas,2025-09,MAC,0,0,0,0,0,0,0,0,0
osm:relation:11089537,Municipio Bolívar,Monagas,2025-09,OIL,0,0,0,0,0,0,0,0,0
osm:relation:11089537,Municipio Bolívar,Monagas,2025-09,POL,0,0,0,0,0,0,0,0,0
osm:relation:11089537,Municipio Bolívar,Monagas,2025-09,SAN,0,0,0,0,0,0,0,0,0
osm:relation:11089537,Municipio Bolívar,Monagas,2025-09,SEC,0,0,0,0,0,0,0,0,0
osm:relation:11089537,Municipio Bolívar,Monagas,2025-10,CON,0,0,0,0,0,0,0,0,0
osm:relation:11089537,Municipio Bolívar,Monagas,2025-10,ELM,0,0,0,0,0,0,0,0,0
osm:relation:11089537,Municipio Bolívar,Monagas,2025-10,EXT,0,0,0,0,0,0,0,0,0
osm:relation:11089537,Municipio Bolívar,Monagas,2025-10,MAC,0,0,0,0,0,0,0,0,0
osm:relation:11089537,Municipio Bolívar,Monagas,2025-10,OIL,0,0,0,0,0,0,0,0,0
osm:relation:11089537,Municipio Bolívar,Monagas,2025-10,POL,0,0,0,0,0,0,0,0,0
osm:relation:11089537,Municipio Bolívar,Monagas,2025-10,SAN,0,0,0,0,0,0,0,0,0
osm:relation:11089537,Municipio Bolívar,Monagas,2025-10,SEC,0,0,0,0,0,0,0,0,0
osm:relation:11089537,Municipio Bolívar,Monagas,2025-11,CON,0,0,0,0,0,0,0,0,0
osm:relation:11089537,Municipio Bolívar,Monagas,2025-11,ELM,0,0,0,0,0,0,0,0,0
osm:relation:11089537,Municipio Bolívar,Monagas,2025-11,EXT,0,0,0,0,0,0,0,0,0
osm:relation:11089537,Municipio Bolívar,Monagas,2025-11,MAC,0,0,0,0,0,0,0,0,0
osm:relation:11089537,Municipio Bolívar,Monagas,2025-11,OIL,0,0,0,0,0,0,0,0,0
osm:relation:11089537,Municipio Bolívar,Monagas,2025-11,POL,0,0,0,0,0,0,0,0,0
osm:relation:11089537,Municipio Bolívar,Monagas,2025-11,SAN,0,0,0,0,0,0,0,0,0
osm:relation:11089537,Municipio Bolívar,Monagas,2025-11,SEC,1,1,0,0,0,0,0,0,1
osm:relation:11089537,Municipio Bolívar,Monagas,2025-12,CON,0,0,0,0,0,0,0,0,0
osm:relation:11089537,Municipio Bolívar,Monagas,2025-12,ELM,0,0,0,0,0,0,0,0,0
osm:relation:11089537,Municipio Bolívar,Monagas,2025-12,EXT,0,0,0,0,0,0,0,0,0
osm:relation:11089537,Municipio Bolívar,Monagas,2025-12,MAC,0,0,0,0,0,0,0,0,0
osm:relation:11089537,Municipio Bolívar,Monagas,2025-12,OIL,0,0,0,0,0,0,0,0,0
osm:relation:11089537,Municipio Bolívar,Monagas,2025-12,POL,0,0,0,0,0,0,0,0,0
osm:relation:11089537,Municipio Bolívar,Monagas,2025-12,SAN,0,0,0,0,0,0,0,0,0
osm:relation:11089537,Municipio Bolívar,Monagas,2025-12,SEC,0,0,0,0,0,0,0,0,0
osm:relation:11089537,Municipio Bolívar,Monagas,2026-01,CON,0,0,0,0,0,0,0,0,0
osm:relation:11089537,Municipio Bolívar,Monagas,2026-01,ELM,0,0,0,0,0,0,0,0,0
osm:relation:11089537,Municipio Bolívar,Monagas,2026-01,EXT,0,0,0,0,0,0,0,0,0
osm:relation:11089537,Municipio Bolívar,Monagas,2026-01,MAC,0,0,0,0,0,0,0,0,0
osm:relation:11089537,Municipio Bolívar,Monagas,2026-01,OIL,0,0,0,0,0,0,0,0,0
osm:relation:11089537,Municipio Bolívar,Monagas,2026-01,POL,0,0,0,0,0,0,0,0,0
osm:relation:11089537,Municipio Bolívar,Monagas,2026-01,SAN,0,0,0,0,0,0,0,0,0
osm:relation:11089537,Municipio Bolívar,Monagas,2026-01,SEC,0,0,0,0,0,0,0,0,0
osm:relation:11089537,Municipio Bolívar,Monagas,2026-02,CON,0,0,0,0,0,0,0,0,0
osm:relation:11089537,Municipio Bolívar,Monagas,2026-02,ELM,0,0,0,0,0,0,0,0,0
osm:relation:11089537,Municipio Bolívar,Monagas,2026-02,EXT,0,0,0,0,0,0,0,0,0
osm:relation:11089537,Municipio Bolívar,Monagas,2026-02,MAC,0,0,0,0,0,0,0,0,0
osm:relation:11089537,Municipio Bolívar,Monagas,2026-02,OIL,0,0,0,0,0,0,0,0,0
osm:relation:11089537,Municipio Bolívar,Monagas,2026-02,POL,1,1,0,0,0,0,0,0,1
osm:relation:11089537,Municipio Bolívar,Monagas,2026-02,SAN,0,0,0,0,0,0,0,0,0
osm:relation:11089537,Municipio Bolívar,Monagas,2026-02,SEC,0,0,0,0,0,0,0,0,0
osm:relation:11089537,Municipio Bolívar,Monagas,2026-03,CON,0,0,0,0,0,0,0,0,0
osm:relation:11089537,Municipio Bolívar,Monagas,2026-03,ELM,0,0,0,0,0,0,0,0,0
osm:relation:11089537,Municipio Bolívar,Monagas,2026-03,EXT,0,0,0,0,0,0,0,0,0
osm:relation:11089537,Municipio Bolívar,Monagas,2026-03,MAC,0,0,0,0,0,0,0,0,0
osm:relation:11089537,Municipio Bolívar,Monagas,2026-03,OIL,0,0,0,0,0,0,0,0,0
osm:relation:11089537,Municipio Bolívar,Monagas,2026-03,POL,0,0,0,0,0,0,0,0,0
osm:relation:11089537,Municipio Bolívar,Monagas,2026-03,SAN,0,0,0,0,0,0,0,0,0
osm:relation:11089537,Municipio Bolívar,Monagas,2026-03,SEC,0,0,0,0,0,0,0,0,0
osm:relation:11089537,Municipio Bolívar,Monagas,2026-04,CON,0,0,0,0,0,0,0,0,0
osm:relation:11089537,Municipio Bolívar,Monagas,2026-04,ELM,1,1,0,0,0,0,0,0,1
osm:relation:11089537,Municipio Bolívar,Monagas,2026-04,EXT,0,0,0,0,0,0,0,0,0
osm:relation:11089537,Municipio Bolívar,Monagas,2026-04,MAC,0,0,0,0,0,0,0,0,0
osm:relation:11089537,Municipio Bolívar,Monagas,2026-04,OIL,2,2,0,0,0,0,0,0,2
osm:relation:11089537,Municipio Bolívar,Monagas,2026-04,POL,0,0,0,0,0,0,0,0,0
osm:relation:11089537,Municipio Bolívar,Monagas,2026-04,SAN,0,0,0,0,0,0,0,0,0
osm:relation:11089537,Municipio Bolívar,Monagas,2026-04,SEC,0,0,0,0,0,0,0,0,0
osm:relation:11089537,Municipio Bolívar,Monagas,2026-05,CON,0,0,0,0,0,0,0,0,0
osm:relation:11089537,Municipio Bolívar,Monagas,2026-05,ELM,0,0,0,0,0,0,0,0,0
osm:relation:11089537,Municipio Bolívar,Monagas,2026-05,EXT,0,0,0,0,0,0,0,0,0
osm:relation:11089537,Municipio Bolívar,Monagas,2026-05,MAC,0,0,0,0,0,0,0,0,0
osm:relation:11089537,Municipio Bolívar,Monagas,2026-05,OIL,0,0,0,0,0,0,0,0,0
osm:relation:11089537,Municipio Bolívar,Monagas,2026-05,POL,0,0,0,0,0,0,0,0,0
osm:relation:11089537,Municipio Bolívar,Monagas,2026-05,SAN,0,0,0,0,0,0,0,0,0
osm:relation:11089537,Municipio Bolívar,Monagas,2026-05,SEC,0,0,0,0,0,0,0,0,0
osm:relation:11089537,Municipio Bolívar,Monagas,2026-06,CON,0,0,0,0,0,0,0,0,0
osm:relation:11089537,Municipio Bolívar,Monagas,2026-06,ELM,0,0,0,0,0,0,0,0,0
osm:relation:11089537,Municipio Bolívar,Monagas,2026-06,EXT,0,0,0,0,0,0,0,0,0
osm:relation:11089537,Municipio Bolívar,Monagas,2026-06,MAC,0,0,0,0,0,0,0,0,0
osm:relation:11089537,Municipio Bolívar,Monagas,2026-06,OIL,0,0,0,0,0,0,0,0,0
osm:relation:11089537,Municipio Bolívar,Monagas,2026-06,POL,0,0,0,0,0,0,0,0,0
osm:relation:11089537,Municipio Bolívar,Monagas,2026-06,SAN,0,0,0,0,0,0,0,0,0
osm:relation:11089537,Municipio Bolívar,Monagas,2026-06,SEC,0,0,0,0,0,0,0,0,0
osm:relation:11089537,Municipio Bolívar,Monagas,2026-07,CON,0,0,0,0,0,0,0,0,0
osm:relation:11089537,Municipio Bolívar,Monagas,2026-07,ELM,0,0,0,0,0,0,0,0,0
osm:relation:11089537,Municipio Bolívar,Monagas,2026-07,EXT,0,0,0,0,0,0,0,0,0
osm:relation:11089537,Municipio Bolívar,Monagas,2026-07,MAC,0,0,0,0,0,0,0,0,0
osm:relation:11089537,Municipio Bolívar,Monagas,2026-07,OIL,0,0,0,0,0,0,0,0,0
osm:relation:11089537,Municipio Bolívar,Monagas,2026-07,POL,0,0,0,0,0,0,0,0,0
osm:relation:11089537,Municipio Bolívar,Monagas,2026-07,SAN,0,0,0,0,0,0,0,0,0
osm:relation:11089537,Municipio Bolívar,Monagas,2026-07,SEC,0,0,0,0,0,0,0,0,0
osm:relation:11089537,Municipio Bolívar,Monagas,2026-08,CON,0,0,0,0,0,0,0,0,0
osm:relation:11089537,Municipio Bolívar,Monagas,2026-08,ELM,0,0,0,0,0,0,0,0,0
osm:relation:11089537,Municipio Bolívar,Monagas,2026-08,EXT,0,0,0,0,0,0,0,0,0
osm:relation:11089537,Municipio Bolívar,Monagas,2026-08,MAC,1,1,0,0,0,0,0,0,1
osm:relation:11089537,Municipio Bolívar,Monagas,2026-08,OIL,1,1,0,0,0,0,0,0,1
osm:relation:11089537,Municipio Bolívar,Monagas,2026-08,POL,0,0,0,0,0,0,0,0,0
osm:relation:11089537,Municipio Bolívar,Monagas,2026-08,SAN,0,0,0,0,0,0,0,0,0
osm:relation:11089537,Municipio Bolívar,Monagas,2026-08,SEC,0,0,0,0,0,0,0,0,0
osm:relation:11089537,Municipio Bolívar,Monagas,2026-09,CON,0,0,0,0,0,0,0,0,0
osm:relation:11089537,Municipio Bolívar,Monagas,2026-09,ELM,0,0,0,0,0,0,0,0,0
osm:relation:11089537,Municipio Bolívar,Monagas,2026-09,EXT,0,0,0,0,0,0,0,0,0
osm:relation:11089537,Municipio Bolívar,Monagas,2026-09,MAC,0,0,0,0,0,0,0,0,0
osm:relation:11089537,Municipio Bolívar,Monagas,2026-09,OIL,0,0,0,0,0,0,0,0,0
osm:relation:11089537,Municipio Bolívar,Monagas,2026-09,POL,0,0,0,0,0,0,0,0,0
osm:relation:11089537,Municipio Bolívar,Monagas,2026-09,SAN,0,0,0,0,0,0,0,0,0
osm:relation:11089537,Municipio Bolívar,Monagas,2026-09,SEC,0,0,0,0,0,0,0,0,0
osm:relation:11089538,Municipio Caripe,Monagas,2024-09,CON,0,0,0,0,0,0,0,0,0
osm:relation:11089538,Municipio Caripe,Monagas,2024-09,ELM,0,0,0,0,0,0,0,0,0
osm:relation:11089538,Municipio Caripe,Monagas,2024-09,EXT,0,0,0,0,0,0,0,0,0
osm:relation:11089538,Municipio Caripe,Monagas,2024-09,MAC,0,0,0,0,0,0,0,0,0
osm:relation:11089538,Municipio Caripe,Monagas,2024-09,OIL,0,0,0,0,0,0,0,0,0
osm:relation:11089538,Municipio Caripe,Monagas,2024-09,POL,0,0,0,0,0,0,0,0,0
osm:relation:11089538,Municipio Caripe,Monagas,2024-09,SAN,0,0,0,0,0,0,0,0,0
osm:relation:11089538,Municipio Caripe,Monagas,2024-09,SEC,0,0,0,0,0,0,0,0,0
osm:relation:11089538,Municipio Caripe,Monagas,2024-10,CON,0,0,0,0,0,0,0,0,0
osm:relation:11089538,Municipio Caripe,Monagas,2024-10,ELM,0,0,0,0,0,0,0,0,0
osm:relation:11089538,Municipio Caripe,Monagas,2024-10,EXT,0,0,0,0,0,0,0,0,0
osm:relation:11089538,Municipio Caripe,Monagas,2024-10,MAC,0,0,0,0,0,0,0,0,0
osm:relation:11089538,Municipio Caripe,Monagas,2024-10,OIL,0,0,0,0,0,0,0,0,0
osm:relation:11089538,Municipio Caripe,Monagas,2024-10,POL,0,0,0,0,0,0,0,0,0
osm:relation:11089538,Municipio Caripe,Monagas,2024-10,SAN,0,0,0,0,0,0,0,0,0
osm:relation:11089538,Municipio Caripe,Monagas,2024-10,SEC,0,0,0,0,0,0,0,0,0
osm:relation:11089538,Municipio Caripe,Monagas,2024-11,CON,0,0,0,0,0,0,0,0,0
osm:relation:11089538,Municipio Caripe,Monagas,2024-11,ELM,0,0,0,0,0,0,0,0,0
osm:relation:11089538,Municipio Caripe,Monagas,2024-11,EXT,0,0,0,0,0,0,0,0,0
osm:relation:11089538,Municipio Caripe,Monagas,2024-11,MAC,0,0,0,0,0,0,0,0,0
osm:relation:11089538,Municipio Caripe,Monagas,2024-11,OIL,0,0,0,0,0,0,0,0,0
osm:relation:11089538,Municipio Caripe,Monagas,2024-11,POL,0,0,0,0,0,0,0,0,0
osm:relation:11089538,Municipio Caripe,Monagas,2024-11,SAN,0,0,0,0,0,0,0,0,0
osm:relation:11089538,Municipio Caripe,Monagas,2024-11,SEC,0,0,0,0,0,0,0,0,0
osm:relation:11089538,Municipio Caripe,Monagas,2024-12,CON,0,0,0,0,0,0,0,0,0
osm:relation:11089538,Municipio Caripe,Monagas,2024-12,ELM,0,0,0,0,0,0,0,0,0
osm:relation:11089538,Municipio Caripe,Monagas,2024-12,EXT,0,0,0,0,0,0,0,0,0
osm:relation:11089538,Municipio Caripe,Monagas,2024-12,MAC,0,0,0,0,0,0,0,0,0
osm:relation:11089538,Municipio Caripe,Monagas,2024-12,OIL,0,0,0,0,0,0,0,0,0
osm:relation:11089538,Municipio Caripe,Monagas,2024-12,POL,0,0,0,0,0,0,0,0,0
osm:relation:11089538,Municipio Caripe,Monagas,2024-12,SAN,0,0,0,0,0,0,0,0,0
osm:relation:11089538,Municipio Caripe,Monagas,2024-12,SEC,0,0,0,0,0,0,0,0,0
osm:relation:11089538,Municipio Caripe,Monagas,2025-01,CON,0,0,0,0,0,0,0,0,0
osm:relation:11089538,Municipio Caripe,Monagas,2025-01,ELM,0,0,0,0,0,0,0,0,0
osm:relation:11089538,Municipio Caripe,Monagas,2025-01,EXT,0,0,0,0,0,0,0,0,0
osm:relation:11089538,Municipio Caripe,Monagas,2025-01,MAC,0,0,0,0,0,0,0,0,0
osm:relation:11089538,Municipio Caripe,Monagas,2025-01,OIL,0,0,0,0,0,0,0,0,0
osm:relation:11089538,Municipio Caripe,Monagas,2025-01,POL,0,0,0,0,0,0,0,0,0
osm:relation:11089538,Municipio Caripe,Monagas,2025-01,SAN,0,0,0,0,0,0,0,0,0
osm:relation:11089538,Municipio Caripe,Monagas,2025-01,SEC,0,0,0,0,0,0,0,0,0
osm:relation:11089538,Municipio Caripe,Monagas,2025-02,CON,0,0,0,0,0,0,0,0,0
osm:relation:11089538,Municipio Caripe,Monagas,2025-02,ELM,0,0,0,0,0,0,0,0,0
osm:relation:11089538,Municipio Caripe,Monagas,2025-02,EXT,0,0,0,0,0,0,0,0,0
osm:relation:11089538,Municipio Caripe,Monagas,2025-02,MAC,0,0,0,0,0,0,0,0,0
osm:relation:11089538,Municipio Caripe,Monagas,2025-02,OIL,0,0,0,0,0,0,0,0,0
osm:relation:11089538,Municipio Caripe,Monagas,2025-02,POL,0,0,0,0,0,0,0,0,0
osm:relation:11089538,Municipio Caripe,Monagas,2025-02,SAN,0,0,0,0,0,0,0,0,0
osm:relation:11089538,Municipio Caripe,Monagas,2025-02,SEC,0,0,0,0,0,0,0,0,0
osm:relation:11089538,Municipio Caripe,Monagas,2025-03,CON,0,0,0,0,0,0,0,0,0
osm:relation:11089538,Municipio Caripe,Monagas,2025-03,ELM,0,0,0,0,0,0,0,0,0
osm:relation:11089538,Municipio Caripe,Monagas,2025-03,EXT,0,0,0,0,0,0,0,0,0
osm:relation:11089538,Municipio Caripe,Monagas,2025-03,MAC,0,0,0,0,0,0,0,0,0
osm:relation:11089538,Municipio Caripe,Monagas,2025-03,OIL,0,0,0,0,0,0,0,0,0
osm:relation:11089538,Municipio Caripe,Monagas,2025-03,POL,0,0,0,0,0,0,0,0,0
osm:relation:11089538,Municipio Caripe,Monagas,2025-03,SAN,0,0,0,0,0,0,0,0,0
osm:relation:11089538,Municipio Caripe,Monagas,2025-03,SEC,0,0,0,0,0,0,0,0,0
osm:relation:11089538,Municipio Caripe,Monagas,2025-04,CON,0,0,0,0,0,0,0,0,0
osm:relation:11089538,Municipio Caripe,Monagas,2025-04,ELM,0,0,0,0,0,0,0,0,0
osm:relation:11089538,Municipio Caripe,Monagas,2025-04,EXT,0,0,0,0,0,0,0,0,0
osm:relation:11089538,Municipio Caripe,Monagas,2025-04,MAC,0,0,0,0,0,0,0,0,0
osm:relation:11089538,Municipio Caripe,Monagas,2025-04,OIL,0,0,0,0,0,0,0,0,0
osm:relation:11089538,Municipio Caripe,Monagas,2025-04,POL,0,0,0,0,0,0,0,0,0
osm:relation:11089538,Municipio Caripe,Monagas,2025-04,SAN,0,0,0,0,0,0,0,0,0
osm:relation:11089538,Municipio Caripe,Monagas,2025-04,SEC,0,0,0,0,0,0,0,0,0
osm:relation:11089538,Municipio Caripe,Monagas,2025-05,CON,0,0,0,0,0,0,0,0,0
osm:relation:11089538,Municipio Caripe,Monagas,2025-05,ELM,0,0,0,0,0,0,0,0,0
osm:relation:11089538,Municipio Caripe,Monagas,2025-05,EXT,0,0,0,0,0,0,0,0,0
osm:relation:11089538,Municipio Caripe,Monagas,2025-05,MAC,0,0,0,0,0,0,0,0,0
osm:relation:11089538,Municipio Caripe,Monagas,2025-05,OIL,0,0,0,0,0,0,0,0,0
osm:relation:11089538,Municipio Caripe,Monagas,2025-05,POL,1,1,0,0,0,0,0,0,1
osm:relation:11089538,Municipio Caripe,Monagas,2025-05,SAN,0,0,0,0,0,0,0,0,0
osm:relation:11089538,Municipio Caripe,Monagas,2025-05,SEC,0,0,0,0,0,0,0,0,0
osm:relation:11089538,Municipio Caripe,Monagas,2025-06,CON,0,0,0,0,0,0,0,0,0
osm:relation:11089538,Municipio Caripe,Monagas,2025-06,ELM,0,0,0,0,0,0,0,0,0
osm:relation:11089538,Municipio Caripe,Monagas,2025-06,EXT,0,0,0,0,0,0,0,0,0
osm:relation:11089538,Municipio Caripe,Monagas,2025-06,MAC,0,0,0,0,0,0,0,0,0
osm:relation:11089538,Municipio Caripe,Monagas,2025-06,OIL,0,0,0,0,0,0,0,0,0
osm:relation:11089538,Municipio Caripe,Monagas,2025-06,POL,1,1,0,0,0,0,0,0,1
osm:relation:11089538,Municipio Caripe,Monagas,2025-06,SAN,0,0,0,0,0,0,0,0,0
osm:relation:11089538,Municipio Caripe,Monagas,2025-06,SEC,1,1,0,0,0,0,0,0,1
osm:relation:11089538,Municipio Caripe,Monagas,2025-07,CON,0,0,0,0,0,0,0,0,0
osm:relation:11089538,Municipio Caripe,Monagas,2025-07,ELM,0,0,0,0,0,0,0,0,0
osm:relation:11089538,Municipio Caripe,Monagas,2025-07,EXT,0,0,0,0,0,0,0,0,0
osm:relation:11089538,Municipio Caripe,Monagas,2025-07,MAC,0,0,0,0,0,0,0,0,0
osm:relation:11089538,Municipio Caripe,Monagas,2025-07,OIL,0,0,0,0,0,0,0,0,0
osm:relation:11089538,Municipio Caripe,Monagas,2025-07,POL,0,0,0,0,0,0,0,0,0
osm:relation:11089538,Municipio Caripe,Monagas,2025-07,SAN,0,0,0,0,0,0,0,0,0
osm:relation:11089538,Municipio Caripe,Monagas,2025-07,SEC,0,0,0,0,0,0,0,0,0
osm:relation:11089538,Municipio Caripe,Monagas,2025-08,CON,0,0,0,0,0,0,0,0,0
osm:relation:11089538,Municipio Caripe,Monagas,2025-08,ELM,0,0,0,0,0,0,0,0,0
osm:relation:11089538,Municipio Caripe,Monagas,2025-08,EXT,0,0,0,0,0,0,0,0,0
osm:relation:11089538,Municipio Caripe,Monagas,2025-08,MAC,0,0,0,0,0,0,0,0,0
osm:relation:11089538,Municipio Caripe,Monagas,2025-08,OIL,0,0,0,0,0,0,0,0,0
osm:relation:11089538,Municipio Caripe,Monagas,2025-08,POL,0,0,0,0,0,0,0,0,0
osm:relation:11089538,Municipio Caripe,Monagas,2025-08,SAN,0,0,0,0,0,0,0,0,0
osm:relation:11089538,Municipio Caripe,Monagas,2025-08,SEC,0,0,0,0,0,0,0,0,0
osm:relation:11089538,Municipio Caripe,Monagas,2025-09,CON,0,0,0,0,0,0,0,0,0
osm:relation:11089538,Municipio Caripe,Monagas,2025-09,ELM,0,0,0,0,0,0,0,0,0
osm:relation:11089538,Municipio Caripe,Monagas,2025-09,EXT,0,0,0,0,0,0,0,0,0
osm:relation:11089538,Municipio Caripe,Monagas,2025-09,MAC,0,0,0,0,0,0,0,0,0
osm:relation:11089538,Municipio Caripe,Monagas,2025-09,OIL,0,0,0,0,0,0,0,0,0
osm:relation:11089538,Municipio Caripe,Monagas,2025-09,POL,0,0,0,0,0,0,0,0,0
osm:relation:11089538,Municipio Caripe,Monagas,2025-09,SAN,0,0,0,0,0,0,0,0,0
osm:relation:11089538,Municipio Caripe,Monagas,2025-09,SEC,0,0,0,0,0,0,0,0,0
osm:relation:11089538,Municipio Caripe,Monagas,2025-10,CON,0,0,0,0,0,0,0,0,0
osm:relation:11089538,Municipio Caripe,Monagas,2025-10,ELM,0,0,0,0,0,0,0,0,0
osm:relation:11089538,Municipio Caripe,Monagas,2025-10,EXT,0,0,0,0,0,0,0,0,0
osm:relation:11089538,Municipio Caripe,Monagas,2025-10,MAC,0,0,0,0,0,0,0,0,0
osm:relation:11089538,Municipio Caripe,Monagas,2025-10,OIL,0,0,0,0,0,0,0,0,0
osm:relation:11089538,Municipio Caripe,Monagas,2025-10,POL,0,0,0,0,0,0,0,0,0
osm:relation:11089538,Municipio Caripe,Monagas,2025-10,SAN,0,0,0,0,0,0,0,0,0
osm:relation:11089538,Municipio Caripe,Monagas,2025-10,SEC,0,0,0,0,0,0,0,0,0
osm:relation:11089538,Municipio Caripe,Monagas,2025-11,CON,0,0,0,0,0,0,0,0,0
osm:relation:11089538,Municipio Caripe,Monagas,2025-11,ELM,0,0,0,0,0,0,0,0,0
osm:relation:11089538,Municipio Caripe,Monagas,2025-11,EXT,0,0,0,0,0,0,0,0,0
osm:relation:11089538,Municipio Caripe,Monagas,2025-11,MAC,0,0,0,0,0,0,0,0,0
osm:relation:11089538,Municipio Caripe,Monagas,2025-11,OIL,0,0,0,0,0,0,0,0,0
osm:relation:11089538,Municipio Caripe,Monagas,2025-11,POL,0,0,0,0,0,0,0,0,0
osm:relation:11089538,Municipio Caripe,Monagas,2025-11,SAN,0,0,0,0,0,0,0,0,0
osm:relation:11089538,Municipio Caripe,Monagas,2025-11,SEC,0,0,0,0,0,0,0,0,0
osm:relation:11089538,Municipio Caripe,Monagas,2025-12,CON,0,0,0,0,0,0,0,0,0
osm:relation:11089538,Municipio Caripe,Monagas,2025-12,ELM,0,0,0,0,0,0,0,0,0
osm:relation:11089538,Municipio Caripe,Monagas,2025-12,EXT,0,0,0,0,0,0,0,0,0
osm:relation:11089538,Municipio Caripe,Monagas,2025-12,MAC,0,0,0,0,0,0,0,0,0
osm:relation:11089538,Municipio Caripe,Monagas,2025-12,OIL,0,0,0,0,0,0,0,0,0
osm:relation:11089538,Municipio Caripe,Monagas,2025-12,POL,0,0,0,0,0,0,0,0,0
osm:relation:11089538,Municipio Caripe,Monagas,2025-12,SAN,0,0,0,0,0,0,0,0,0
osm:relation:11089538,Municipio Caripe,Monagas,2025-12,SEC,0,0,0,0,0,0,0,0,0
osm:relation:11089538,Municipio Caripe,Monagas,2026-01,CON,0,0,0,0,0,0,0,0,0
osm:relation:11089538,Municipio Caripe,Monagas,2026-01,ELM,0,0,0,0,0,0,0,0,0
osm:relation:11089538,Municipio Caripe,Monagas,2026-01,EXT,0,0,0,0,0,0,0,0,0
osm:relation:11089538,Municipio Caripe,Monagas,2026-01,MAC,0,0,0,0,0,0,0,0,0
osm:relation:11089538,Municipio Caripe,Monagas,2026-01,OIL,0,0,0,0,0,0,0,0,0
osm:relation:11089538,Municipio Caripe,Monagas,2026-01,POL,0,0,0,0,0,0,0,0,0
osm:relation:11089538,Municipio Caripe,Monagas,2026-01,SAN,0,0,0,0,0,0,0,0,0
osm:relation:11089538,Municipio Caripe,Monagas,2026-01,SEC,0,0,0,0,0,0,0,0,0
osm:relation:11089538,Municipio Caripe,Monagas,2026-02,CON,0,0,0,0,0,0,0,0,0
osm:relation:11089538,Municipio Caripe,Monagas,2026-02,ELM,0,0,0,0,0,0,0,0,0
osm:relation:11089538,Municipio Caripe,Monagas,2026-02,EXT,0,0,0,0,0,0,0,0,0
osm:relation:11089538,Municipio Caripe,Monagas,2026-02,MAC,0,0,0,0,0,0,0,0,0
osm:relation:11089538,Municipio Caripe,Monagas,2026-02,OIL,0,0,0,0,0,0,0,0,0
osm:relation:11089538,Municipio Caripe,Monagas,2026-02,POL,0,0,0,0,0,0,0,0,0
osm:relation:11089538,Municipio Caripe,Monagas,2026-02,SAN,0,0,0,0,0,0,0,0,0
osm:relation:11089538,Municipio Caripe,Monagas,2026-02,SEC,0,0,0,0,0,0,0,0,0
osm:relation:11089538,Municipio Caripe,Monagas,2026-03,CON,0,0,0,0,0,0,0,0,0
osm:relation:11089538,Municipio Caripe,Monagas,2026-03,ELM,0,0,0,0,0,0,0,0,0
osm:relation:11089538,Municipio Caripe,Monagas,2026-03,EXT,0,0,0,0,0,0,0,0,0
osm:relation:11089538,Municipio Caripe,Monagas,2026-03,MAC,0,0,0,0,0,0,0,0,0
osm:relation:11089538,Municipio Caripe,Monagas,2026-03,OIL,0,0,0,0,0,0,0,0,0
osm:relation:11089538,Municipio Caripe,Monagas,2026-03,POL,0,0,0,0,0,0,0,0,0
osm:relation:11089538,Municipio Caripe,Monagas,2026-03,SAN,0,0,0,0,0,0,0,0,0
osm:relation:11089538,Municipio Caripe,Monagas,2026-03,SEC,0,0,0,0,0,0,0,0,0
osm:relation:11089538,Municipio Caripe,Monagas,2026-04,CON,0,0,0,0,0,0,0,0,0
osm:relation:11089538,Municipio Caripe,Monagas,2026-04,ELM,0,0,0,0,0,0,0,0,0
osm:relation:11089538,Municipio Caripe,Monagas,2026-04,EXT,0,0,0,0,0,0,0,0,0
osm:relation:11089538,Municipio Caripe,Monagas,2026-04,MAC,0,0,0,0,0,0,0,0,0
osm:relation:11089538,Municipio Caripe,Monagas,2026-04,OIL,0,0,0,0,0,0,0,0,0
osm:relation:11089538,Municipio Caripe,Monagas,2026-04,POL,0,0,0,0,0,0,0,0,0
osm:relation:11089538,Municipio Caripe,Monagas,2026-04,SAN,0,0,0,0,0,0,0,0,0
osm:relation:11089538,Municipio Caripe,Monagas,2026-04,SEC,0,0,0,0,0,0,0,0,0
osm:relation:11089538,Municipio Caripe,Monagas,2026-05,CON,0,0,0,0,0,0,0,0,0
osm:relation:11089538,Municipio Caripe,Monagas,2026-05,ELM,0,0,0,0,0,0,0,0,0
osm:relation:11089538,Municipio Caripe,Monagas,2026-05,EXT,0,0,0,0,0,0,0,0,0
osm:relation:11089538,Municipio Caripe,Monagas,2026-05,MAC,0,0,0,0,0,0,0,0,0
osm:relation:11089538,Municipio Caripe,Monagas,2026-05,OIL,0,0,0,0,0,0,0,0,0
osm:relation:11089538,Municipio Caripe,Monagas,2026-05,POL,0,0,0,0,0,0,0,0,0
osm:relation:11089538,Municipio Caripe,Monagas,2026-05,SAN,0,0,0,0,0,0,0,0,0
osm:relation:11089538,Municipio Caripe,Monagas,2026-05,SEC,0,0,0,0,0,0,0,0,0
osm:relation:11089538,Municipio Caripe,Monagas,2026-06,CON,0,0,0,0,0,0,0,0,0
osm:relation:11089538,Municipio Caripe,Monagas,2026-06,ELM,0,0,0,0,0,0,0,0,0
osm:relation:11089538,Municipio Caripe,Monagas,2026-06,EXT,0,0,0,0,0,0,0,0,0
osm:relation:11089538,Municipio Caripe,Monagas,2026-06,MAC,0,0,0,0,0,0,0,0,0
osm:relation:11089538,Municipio Caripe,Monagas,2026-06,OIL,0,0,0,0,0,0,0,0,0
osm:relation:11089538,Municipio Caripe,Monagas,2026-06,POL,0,0,0,0,0,0,0,0,0
osm:relation:11089538,Municipio Caripe,Monagas,2026-06,SAN,0,0,0,0,0,0,0,0,0
osm:relation:11089538,Municipio Caripe,Monagas,2026-06,SEC,0,0,0,0,0,0,0,0,0
osm:relation:11089538,Municipio Caripe,Monagas,2026-07,CON,0,0,0,0,0,0,0,0,0
osm:relation:11089538,Municipio Caripe,Monagas,2026-07,ELM,0,0,0,0,0,0,0,0,0
osm:relation:11089538,Municipio Caripe,Monagas,2026-07,EXT,0,0,0,0,0,0,0,0,0
osm:relation:11089538,Municipio Caripe,Monagas,2026-07,MAC,0,0,0,0,0,0,0,0,0
osm:relation:11089538,Municipio Caripe,Monagas,2026-07,OIL,0,0,0,0,0,0,0,0,0
osm:relation:11089538,Municipio Caripe,Monagas,2026-07,POL,0,0,0,0,0,0,0,0,0
osm:relation:11089538,Municipio Caripe,Monagas,2026-07,SAN,0,0,0,0,0,0,0,0,0
osm:relation:11089538,Municipio Caripe,Monagas,2026-07,SEC,0,0,0,0,0,0,0,0,0
osm:relation:11089538,Municipio Caripe,Monagas,2026-08,CON,0,0,0,0,0,0,0,0,0
osm:relation:11089538,Municipio Caripe,Monagas,2026-08,ELM,0,0,0,0,0,0,0,0,0
osm:relation:11089538,Municipio Caripe,Monagas,2026-08,EXT,0,0,0,0,0,0,0,0,0
osm:relation:11089538,Municipio Caripe,Monagas,2026-08,MAC,0,0,0,0,0,0,0,0,0
osm:relation:11089538,Municipio Caripe,Monagas,2026-08,OIL,0,0,0,0,0,0,0,0,0
osm:relation:11089538,Municipio Caripe,Monagas,2026-08,POL,0,0,0,0,0,0,0,0,0
osm:relation:11089538,Municipio Caripe,Monagas,2026-08,SAN,0,0,0,0,0,0,0,0,0
osm:relation:11089538,Municipio Caripe,Monagas,2026-08,SEC,0,0,0,0,0,0,0,0,0
osm:relation:11089538,Municipio Caripe,Monagas,2026-09,CON,0,0,0,0,0,0,0,0,0
osm:relation:11089538,Municipio Caripe,Monagas,2026-09,ELM,0,0,0,0,0,0,0,0,0
osm:relation:11089538,Municipio Caripe,Monagas,2026-09,EXT,0,0,0,0,0,0,0,0,0
osm:relation:11089538,Municipio Caripe,Monagas,2026-09,MAC,0,0,0,0,0,0,0,0,0
osm:relation:11089538,Municipio Caripe,Monagas,2026-09,OIL,0,0,0,0,0,0,0,0,0
osm:relation:11089538,Municipio Caripe,Monagas,2026-09,POL,0,0,0,0,0,0,0,0,0
osm:relation:11089538,Municipio Caripe,Monagas,2026-09,SAN,0,0,0,0,0,0,0,0,0
osm:relation:11089538,Municipio Caripe,Monagas,2026-09,SEC,0,0,0,0,0,0,0,0,0
osm:relation:11089539,Municipio Acosta,Monagas,2024-09,CON,0,0,0,0,0,0,0,0,0
osm:relation:11089539,Municipio Acosta,Monagas,2024-09,ELM,0,0,0,0,0,0,0,0,0
osm:relation:11089539,Municipio Acosta,Monagas,2024-09,EXT,0,0,0,0,0,0,0,0,0
osm:relation:11089539,Municipio Acosta,Monagas,2024-09,MAC,0,0,0,0,0,0,0,0,0
osm:relation:11089539,Municipio Acosta,Monagas,2024-09,OIL,0,0,0,0,0,0,0,0,0
osm:relation:11089539,Municipio Acosta,Monagas,2024-09,POL,0,0,0,0,0,0,0,0,0
osm:relation:11089539,Municipio Acosta,Monagas,2024-09,SAN,0,0,0,0,0,0,0,0,0
osm:relation:11089539,Municipio Acosta,Monagas,2024-09,SEC,0,0,0,0,0,0,0,0,0
osm:relation:11089539,Municipio Acosta,Monagas,2024-10,CON,0,0,0,0,0,0,0,0,0
osm:relation:11089539,Municipio Acosta,Monagas,2024-10,ELM,0,0,0,0,0,0,0,0,0
osm:relation:11089539,Municipio Acosta,Monagas,2024-10,EXT,0,0,0,0,0,0,0,0,0
osm:relation:11089539,Municipio Acosta,Monagas,2024-10,MAC,0,0,0,0,0,0,0,0,0
osm:relation:11089539,Municipio Acosta,Monagas,2024-10,OIL,0,0,0,0,0,0,0,0,0
osm:relation:11089539,Municipio Acosta,Monagas,2024-10,POL,0,0,0,0,0,0,0,0,0
osm:relation:11089539,Municipio Acosta,Monagas,2024-10,SAN,0,0,0,0,0,0,0,0,0
osm:relation:11089539,Municipio Acosta,Monagas,2024-10,SEC,0,0,0,0,0,0,0,0,0
osm:relation:11089539,Municipio Acosta,Monagas,2024-11,CON,0,0,0,0,0,0,0,0,0
osm:relation:11089539,Municipio Acosta,Monagas,2024-11,ELM,0,0,0,0,0,0,0,0,0
osm:relation:11089539,Municipio Acosta,Monagas,2024-11,EXT,0,0,0,0,0,0,0,0,0
osm:relation:11089539,Municipio Acosta,Monagas,2024-11,MAC,0,0,0,0,0,0,0,0,0
osm:relation:11089539,Municipio Acosta,Monagas,2024-11,OIL,0,0,0,0,0,0,0,0,0
osm:relation:11089539,Municipio Acosta,Monagas,2024-11,POL,0,0,0,0,0,0,0,0,0
osm:relation:11089539,Municipio Acosta,Monagas,2024-11,SAN,0,0,0,0,0,0,0,0,0
osm:relation:11089539,Municipio Acosta,Monagas,2024-11,SEC,0,0,0,0,0,0,0,0,0
osm:relation:11089539,Municipio Acosta,Monagas,2024-12,CON,0,0,0,0,0,0,0,0,0
osm:relation:11089539,Municipio Acosta,Monagas,2024-12,ELM,0,0,0,0,0,0,0,0,0
osm:relation:11089539,Municipio Acosta,Monagas,2024-12,EXT,0,0,0,0,0,0,0,0,0
osm:relation:11089539,Municipio Acosta,Monagas,2024-12,MAC,0,0,0,0,0,0,0,0,0
osm:relation:11089539,Municipio Acosta,Monagas,2024-12,OIL,0,0,0,0,0,0,0,0,0
osm:relation:11089539,Municipio Acosta,Monagas,2024-12,POL,0,0,0,0,0,0,0,0,0
osm:relation:11089539,Municipio Acosta,Monagas,2024-12,SAN,0,0,0,0,0,0,0,0,0
osm:relation:11089539,Municipio Acosta,Monagas,2024-12,SEC,0,0,0,0,0,0,0,0,0
osm:relation:11089539,Municipio Acosta,Monagas,2025-01,CON,0,0,0,0,0,0,0,0,0
osm:relation:11089539,Municipio Acosta,Monagas,2025-01,ELM,0,0,0,0,0,0,0,0,0
osm:relation:11089539,Municipio Acosta,Monagas,2025-01,EXT,0,0,0,0,0,0,0,0,0
osm:relation:11089539,Municipio Acosta,Monagas,2025-01,MAC,0,0,0,0,0,0,0,0,0
osm:relation:11089539,Municipio Acosta,Monagas,2025-01,OIL,0,0,0,0,0,0,0,0,0
osm:relation:11089539,Municipio Acosta,Monagas,2025-01,POL,0,0,0,0,0,0,0,0,0
osm:relation:11089539,Municipio Acosta,Monagas,2025-01,SAN,0,0,0,0,0,0,0,0,0
osm:relation:11089539,Municipio Acosta,Monagas,2025-01,SEC,0,0,0,0,0,0,0,0,0
osm:relation:11089539,Municipio Acosta,Monagas,2025-02,CON,0,0,0,0,0,0,0,0,0
osm:relation:11089539,Municipio Acosta,Monagas,2025-02,ELM,0,0,0,0,0,0,0,0,0
osm:relation:11089539,Municipio Acosta,Monagas,2025-02,EXT,0,0,0,0,0,0,0,0,0
osm:relation:11089539,Municipio Acosta,Monagas,2025-02,MAC,0,0,0,0,0,0,0,0,0
osm:relation:11089539,Municipio Acosta,Monagas,2025-02,OIL,0,0,0,0,0,0,0,0,0
osm:relation:11089539,Municipio Acosta,Monagas,2025-02,POL,0,0,0,0,0,0,0,0,0
osm:relation:11089539,Municipio Acosta,Monagas,2025-02,SAN,0,0,0,0,0,0,0,0,0
osm:relation:11089539,Municipio Acosta,Monagas,2025-02,SEC,0,0,0,0,0,0,0,0,0
osm:relation:11089539,Municipio Acosta,Monagas,2025-03,CON,0,0,0,0,0,0,0,0,0
osm:relation:11089539,Municipio Acosta,Monagas,2025-03,ELM,0,0,0,0,0,0,0,0,0
osm:relation:11089539,Municipio Acosta,Monagas,2025-03,EXT,0,0,0,0,0,0,0,0,0
osm:relation:11089539,Municipio Acosta,Monagas,2025-03,MAC,0,0,0,0,0,0,0,0,0
osm:relation:11089539,Municipio Acosta,Monagas,2025-03,OIL,0,0,0,0,0,0,0,0,0
osm:relation:11089539,Municipio Acosta,Monagas,2025-03,POL,0,0,0,0,0,0,0,0,0
osm:relation:11089539,Municipio Acosta,Monagas,2025-03,SAN,0,0,0,0,0,0,0,0,0
osm:relation:11089539,Municipio Acosta,Monagas,2025-03,SEC,0,0,0,0,0,0,0,0,0
osm:relation:11089539,Municipio Acosta,Monagas,2025-04,CON,0,0,0,0,0,0,0,0,0
osm:relation:11089539,Municipio Acosta,Monagas,2025-04,ELM,0,0,0,0,0,0,0,0,0
osm:relation:11089539,Municipio Acosta,Monagas,2025-04,EXT,0,0,0,0,0,0,0,0,0
osm:relation:11089539,Municipio Acosta,Monagas,2025-04,MAC,0,0,0,0,0,0,0,0,0
osm:relation:11089539,Municipio Acosta,Monagas,2025-04,OIL,0,0,0,0,0,0,0,0,0
osm:relation:11089539,Municipio Acosta,Monagas,2025-04,POL,0,0,0,0,0,0,0,0,0
osm:relation:11089539,Municipio Acosta,Monagas,2025-04,SAN,0,0,0,0,0,0,0,0,0
osm:relation:11089539,Municipio Acosta,Monagas,2025-04,SEC,0,0,0,0,0,0,0,0,0
osm:relation:11089539,Municipio Acosta,Monagas,2025-05,CON,0,0,0,0,0,0,0,0,0
osm:relation:11089539,Municipio Acosta,Monagas,2025-05,ELM,0,0,0,0,0,0,0,0,0
osm:relation:11089539,Municipio Acosta,Monagas,2025-05,EXT,0,0,0,0,0,0,0,0,0
osm:relation:11089539,Municipio Acosta,Monagas,2025-05,MAC,0,0,0,0,0,0,0,0,0
osm:relation:11089539,Municipio Acosta,Monagas,2025-05,OIL,0,0,0,0,0,0,0,0,0
osm:relation:11089539,Municipio Acosta,Monagas,2025-05,POL,0,0,0,0,0,0,0,0,0
osm:relation:11089539,Municipio Acosta,Monagas,2025-05,SAN,0,0,0,0,0,0,0,0,0
osm:relation:11089539,Municipio Acosta,Monagas,2025-05,SEC,0,0,0,0,0,0,0,0,0
osm:relation:11089539,Municipio Acosta,Monagas,2025-06,CON,0,0,0,0,0,0,0,0,0
osm:relation:11089539,Municipio Acosta,Monagas,2025-06,ELM,0,0,0,0,0,0,0,0,0
osm:relation:11089539,Municipio Acosta,Monagas,2025-06,EXT,0,0,0,0,0,0,0,0,0
osm:relation:11089539,Municipio Acosta,Monagas,2025-06,MAC,0,0,0,0,0,0,0,0,0
osm:relation:11089539,Municipio Acosta,Monagas,2025-06,OIL,0,0,0,0,0,0,0,0,0
osm:relation:11089539,Municipio Acosta,Monagas,2025-06,POL,0,0,0,0,0,0,0,0,0
osm:relation:11089539,Municipio Acosta,Monagas,2025-06,SAN,0,0,0,0,0,0,0,0,0
osm:relation:11089539,Municipio Acosta,Monagas,2025-06,SEC,0,0,0,0,0,0,0,0,0
osm:relation:11089539,Municipio Acosta,Monagas,2025-07,CON,0,0,0,0,0,0,0,0,0
osm:relation:11089539,Municipio Acosta,Monagas,2025-07,ELM,0,0,0,0,0,0,0,0,0
osm:relation:11089539,Municipio Acosta,Monagas,2025-07,EXT,0,0,0,0,0,0,0,0,0
osm:relation:11089539,Municipio Acosta,Monagas,2025-07,MAC,0,0,0,0,0,0,0,0,0
osm:relation:11089539,Municipio Acosta,Monagas,2025-07,OIL,0,0,0,0,0,0,0,0,0
osm:relation:11089539,Municipio Acosta,Monagas,2025-07,POL,2,2,0,0,0,0,0,0,2
osm:relation:11089539,Municipio Acosta,Monagas,2025-07,SAN,0,0,0,0,0,0,0,0,0
osm:relation:11089539,Municipio Acosta,Monagas,2025-07,SEC,0,0,0,0,0,0,0,0,0
osm:relation:11089539,Municipio Acosta,Monagas,2025-08,CON,0,0,0,0,0,0,0,0,0
osm:relation:11089539,Municipio Acosta,Monagas,2025-08,ELM,0,0,0,0,0,0,0,0,0
osm:relation:11089539,Municipio Acosta,Monagas,2025-08,EXT,0,0,0,0,0,0,0,0,0
osm:relation:11089539,Municipio Acosta,Monagas,2025-08,MAC,0,0,0,0,0,0,0,0,0
osm:relation:11089539,Municipio Acosta,Monagas,2025-08,OIL,0,0,0,0,0,0,0,0,0
osm:relation:11089539,Municipio Acosta,Monagas,2025-08,POL,0,0,0,0,0,0,0,0,0
osm:relation:11089539,Municipio Acosta,Monagas,2025-08,SAN,0,0,0,0,0,0,0,0,0
osm:relation:11089539,Municipio Acosta,Monagas,2025-08,SEC,0,0,0,0,0,0,0,0,0
osm:relation:11089539,Municipio Acosta,Monagas,2025-09,CON,0,0,0,0,0,0,0,0,0
osm:relation:11089539,Municipio Acosta,Monagas,2025-09,ELM,0,0,0,0,0,0,0,0,0
osm:relation:11089539,Municipio Acosta,Monagas,2025-09,EXT,0,0,0,0,0,0,0,0,0
osm:relation:11089539,Municipio Acosta,Monagas,2025-09,MAC,0,0,0,0,0,0,0,0,0
osm:relation:11089539,Municipio Acosta,Monagas,2025-09,OIL,0,0,0,0,0,0,0,0,0
osm:relation:11089539,Municipio Acosta,Monagas,2025-09,POL,0,0,0,0,0,0,0,0,0
osm:relation:11089539,Municipio Acosta,Monagas,2025-09,SAN,0,0,0,0,0,0,0,0,0
osm:relation:11089539,Municipio Acosta,Monagas,2025-09,SEC,0,0,0,0,0,0,0,0,0
osm:relation:11089539,Municipio Acosta,Monagas,2025-10,CON,0,0,0,0,0,0,0,0,0
osm:relation:11089539,Municipio Acosta,Monagas,2025-10,ELM,0,0,0,0,0,0,0,0,0
osm:relation:11089539,Municipio Acosta,Monagas,2025-10,EXT,0,0,0,0,0,0,0,0,0
osm:relation:11089539,Municipio Acosta,Monagas,2025-10,MAC,0,0,0,0,0,0,0,0,0
osm:relation:11089539,Municipio Acosta,Monagas,2025-10,OIL,0,0,0,0,0,0,0,0,0
osm:relation:11089539,Municipio Acosta,Monagas,2025-10,POL,0,0,0,0,0,0,0,0,0
osm:relation:11089539,Municipio Acosta,Monagas,2025-10,SAN,0,0,0,0,0,0,0,0,0
osm:relation:11089539,Municipio Acosta,Monagas,2025-10,SEC,0,0,0,0,0,0,0,0,0
osm:relation:11089539,Municipio Acosta,Monagas,2025-11,CON,0,0,0,0,0,0,0,0,0
osm:relation:11089539,Municipio Acosta,Monagas,2025-11,ELM,0,0,0,0,0,0,0,0,0
osm:relation:11089539,Municipio Acosta,Monagas,2025-11,EXT,0,0,0,0,0,0,0,0,0
osm:relation:11089539,Municipio Acosta,Monagas,2025-11,MAC,0,0,0,0,0,0,0,0,0
osm:relation:11089539,Municipio Acosta,Monagas,2025-11,OIL,0,0,0,0,0,0,0,0,0
osm:relation:11089539,Municipio Acosta,Monagas,2025-11,POL,0,0,0,0,0,0,0,0,0
osm:relation:11089539,Municipio Acosta,Monagas,2025-11,SAN,0,0,0,0,0,0,0,0,0
osm:relation:11089539,Municipio Acosta,Monagas,2025-11,SEC,0,0,0,0,0,0,0,0,0
osm:relation:11089539,Municipio Acosta,Monagas,2025-12,CON,0,0,0,0,0,0,0,0,0
osm:relation:11089539,Municipio Acosta,Monagas,2025-12,ELM,0,0,0,0,0,0,0,0,0
osm:relation:11089539,Municipio Acosta,Monagas,2025-12,EXT,0,0,0,0,0,0,0,0,0
osm:relation:11089539,Municipio Acosta,Monagas,2025-12,MAC,0,0,0,0,0,0,0,0,0
osm:relation:11089539,Municipio Acosta,Monagas,2025-12,OIL,0,0,0,0,0,0,0,0,0
osm:relation:11089539,Municipio Acosta,Monagas,2025-12,POL,0,0,0,0,0,0,0,0,0
osm:relation:11089539,Municipio Acosta,Monagas,2025-12,SAN,0,0,0,0,0,0,0,0,0
osm:relation:11089539,Municipio Acosta,Monagas,2025-12,SEC,0,0,0,0,0,0,0,0,0
osm:relation:11089539,Municipio Acosta,Monagas,2026-01,CON,0,0,0,0,0,0,0,0,0
osm:relation:11089539,Municipio Acosta,Monagas,2026-01,ELM,0,0,0,0,0,0,0,0,0
osm:relation:11089539,Municipio Acosta,Monagas,2026-01,EXT,0,0,0,0,0,0,0,0,0
osm:relation:11089539,Municipio Acosta,Monagas,2026-01,MAC,0,0,0,0,0,0,0,0,0
osm:relation:11089539,Municipio Acosta,Monagas,2026-01,OIL,0,0,0,0,0,0,0,0,0
osm:relation:11089539,Municipio Acosta,Monagas,2026-01,POL,0,0,0,0,0,0,0,0,0
osm:relation:11089539,Municipio Acosta,Monagas,2026-01,SAN,0,0,0,0,0,0,0,0,0
osm:relation:11089539,Municipio Acosta,Monagas,2026-01,SEC,0,0,0,0,0,0,0,0,0
osm:relation:11089539,Municipio Acosta,Monagas,2026-02,CON,0,0,0,0,0,0,0,0,0
osm:relation:11089539,Municipio Acosta,Monagas,2026-02,ELM,0,0,0,0,0,0,0,0,0
osm:relation:11089539,Municipio Acosta,Monagas,2026-02,EXT,0,0,0,0,0,0,0,0,0
osm:relation:11089539,Municipio Acosta,Monagas,2026-02,MAC,0,0,0,0,0,0,0,0,0
osm:relation:11089539,Municipio Acosta,Monagas,2026-02,OIL,0,0,0,0,0,0,0,0,0
osm:relation:11089539,Municipio Acosta,Monagas,2026-02,POL,0,0,0,0,0,0,0,0,0
osm:relation:11089539,Municipio Acosta,Monagas,2026-02,SAN,0,0,0,0,0,0,0,0,0
osm:relation:11089539,Municipio Acosta,Monagas,2026-02,SEC,0,0,0,0,0,0,0,0,0
osm:relation:11089539,Municipio Acosta,Monagas,2026-03,CON,0,0,0,0,0,0,0,0,0
osm:relation:11089539,Municipio Acosta,Monagas,2026-03,ELM,0,0,0,0,0,0,0,0,0
osm:relation:11089539,Municipio Acosta,Monagas,2026-03,EXT,0,0,0,0,0,0,0,0,0
osm:relation:11089539,Municipio Acosta,Monagas,2026-03,MAC,0,0,0,0,0,0,0,0,0
osm:relation:11089539,Municipio Acosta,Monagas,2026-03,OIL,0,0,0,0,0,0,0,0,0
osm:relation:11089539,Municipio Acosta,Monagas,2026-03,POL,0,0,0,0,0,0,0,0,0
osm:relation:11089539,Municipio Acosta,Monagas,2026-03,SAN,0,0,0,0,0,0,0,0,0
osm:relation:11089539,Municipio Acosta,Monagas,2026-03,SEC,0,0,0,0,0,0,0,0,0
osm:relation:11089539,Municipio Acosta,Monagas,2026-04,CON,0,0,0,0,0,0,0,0,0
osm:relation:11089539,Municipio Acosta,Monagas,2026-04,ELM,0,0,0,0,0,0,0,0,0
osm:relation:11089539,Municipio Acosta,Monagas,2026-04,EXT,0,0,0,0,0,0,0,0,0
osm:relation:11089539,Municipio Acosta,Monagas,2026-04,MAC,0,0,0,0,0,0,0,0,0
osm:relation:11089539,Municipio Acosta,Monagas,2026-04,OIL,0,0,0,0,0,0,0,0,0
osm:relation:11089539,Municipio Acosta,Monagas,2026-04,POL,0,0,0,0,0,0,0,0,0
osm:relation:11089539,Municipio Acosta,Monagas,2026-04,SAN,0,0,0,0,0,0,0,0,0
osm:relation:11089539,Municipio Acosta,Monagas,2026-04,SEC,0,0,0,0,0,0,0,0,0
osm:relation:11089539,Municipio Acosta,Monagas,2026-05,CON,0,0,0,0,0,0,0,0,0
osm:relation:11089539,Municipio Acosta,Monagas,2026-05,ELM,0,0,0,0,0,0,0,0,0
osm:relation:11089539,Municipio Acosta,Monagas,2026-05,EXT,0,0,0,0,0,0,0,0,0
osm:relation:11089539,Municipio Acosta,Monagas,2026-05,MAC,0,0,0,0,0,0,0,0,0
osm:relation:11089539,Municipio Acosta,Monagas,2026-05,OIL,0,0,0,0,0,0,0,0,0
osm:relation:11089539,Municipio Acosta,Monagas,2026-05,POL,0,0,0,0,0,0,0,0,0
osm:relation:11089539,Municipio Acosta,Monagas,2026-05,SAN,0,0,0,0,0,0,0,0,0
osm:relation:11089539,Municipio Acosta,Monagas,2026-05,SEC,0,0,0,0,0,0,0,0,0
osm:relation:11089539,Municipio Acosta,Monagas,2026-06,CON,0,0,0,0,0,0,0,0,0
osm:relation:11089539,Municipio Acosta,Monagas,2026-06,ELM,0,0,0,0,0,0,0,0,0
osm:relation:11089539,Municipio Acosta,Monagas,2026-06,EXT,0,0,0,0,0,0,0,0,0
osm:relation:11089539,Municipio Acosta,Monagas,2026-06,MAC,0,0,0,0,0,0,0,0,0
osm:relation:11089539,Municipio Acosta,Monagas,2026-06,OIL,0,0,0,0,0,0,0,0,0
osm:relation:11089539,Municipio Acosta,Monagas,2026-06,POL,0,0,0,0,0,0,0,0,0
osm:relation:11089539,Municipio Acosta,Monagas,2026-06,SAN,0,0,0,0,0,0,0,0,0
osm:relation:11089539,Municipio Acosta,Monagas,2026-06,SEC,0,0,0,0,0,0,0,0,0
osm:relation:11089539,Municipio Acosta,Monagas,2026-07,CON,0,0,0,0,0,0,0,0,0
osm:relation:11089539,Municipio Acosta,Monagas,2026-07,ELM,0,0,0,0,0,0,0,0,0
osm:relation:11089539,Municipio Acosta,Monagas,2026-07,EXT,0,0,0,0,0,0,0,0,0
osm:relation:11089539,Municipio Acosta,Monagas,2026-07,MAC,0,0,0,0,0,0,0,0,0
osm:relation:11089539,Municipio Acosta,Monagas,2026-07,OIL,0,0,0,0,0,0,0,0,0
osm:relation:11089539,Municipio Acosta,Monagas,2026-07,POL,0,0,0,0,0,0,0,0,0
osm:relation:11089539,Municipio Acosta,Monagas,2026-07,SAN,0,0,0,0,0,0,0,0,0
osm:relation:11089539,Municipio Acosta,Monagas,2026-07,SEC,0,0,0,0,0,0,0,0,0
osm:relation:11089539,Municipio Acosta,Monagas,2026-08,CON,0,0,0,0,0,0,0,0,0
osm:relation:11089539,Municipio Acosta,Monagas,2026-08,ELM,0,0,0,0,0,0,0,0,0
osm:relation:11089539,Municipio Acosta,Monagas,2026-08,EXT,0,0,0,0,0,0,0,0,0
osm:relation:11089539,Municipio Acosta,Monagas,2026-08,MAC,0,0,0,0,0,0,0,0,0
osm:relation:11089539,Municipio Acosta,Monagas,2026-08,OIL,0,0,0,0,0,0,0,0,0
osm:relation:11089539,Municipio Acosta,Monagas,2026-08,POL,0,0,0,0,0,0,0,0,0
osm:relation:11089539,Municipio Acosta,Monagas,2026-08,SAN,0,0,0,0,0,0,0,0,0
osm:relation:11089539,Municipio Acosta,Monagas,2026-08,SEC,0,0,0,0,0,0,0,0,0
osm:relation:11089539,Municipio Acosta,Monagas,2026-09,CON,0,0,0,0,0,0,0,0,0
osm:relation:11089539,Municipio Acosta,Monagas,2026-09,ELM,0,0,0,0,0,0,0,0,0
osm:relation:11089539,Municipio Acosta,Monagas,2026-09,EXT,0,0,0,0,0,0,0,0,0
osm:relation:11089539,Municipio Acosta,Monagas,2026-09,MAC,0,0,0,0,0,0,0,0,0
osm:relation:11089539,Municipio Acosta,Monagas,2026-09,OIL,0,0,0,0,0,0,0,0,0
osm:relation:11089539,Municipio Acosta,Monagas,2026-09,POL,0,0,0,0,0,0,0,0,0
osm:relation:11089539,Municipio Acosta,Monagas,2026-09,SAN,0,0,0,0,0,0,0,0,0
osm:relation:11089539,Municipio Acosta,Monagas,2026-09,SEC,0,0,0,0,0,0,0,0,0
osm:relation:11089540,Municipio Cedeño,Monagas,2024-09,CON,0,0,0,0,0,0,0,0,0
osm:relation:11089540,Municipio Cedeño,Monagas,2024-09,ELM,0,0,0,0,0,0,0,0,0
osm:relation:11089540,Municipio Cedeño,Monagas,2024-09,EXT,0,0,0,0,0,0,0,0,0
osm:relation:11089540,Municipio Cedeño,Monagas,2024-09,MAC,0,0,0,0,0,0,0,0,0
osm:relation:11089540,Municipio Cedeño,Monagas,2024-09,OIL,0,0,0,0,0,0,0,0,0
osm:relation:11089540,Municipio Cedeño,Monagas,2024-09,POL,0,0,0,0,0,0,0,0,0
osm:relation:11089540,Municipio Cedeño,Monagas,2024-09,SAN,0,0,0,0,0,0,0,0,0
osm:relation:11089540,Municipio Cedeño,Monagas,2024-09,SEC,0,0,0,0,0,0,0,0,0
osm:relation:11089540,Municipio Cedeño,Monagas,2024-10,CON,0,0,0,0,0,0,0,0,0
osm:relation:11089540,Municipio Cedeño,Monagas,2024-10,ELM,0,0,0,0,0,0,0,0,0
osm:relation:11089540,Municipio Cedeño,Monagas,2024-10,EXT,0,0,0,0,0,0,0,0,0
osm:relation:11089540,Municipio Cedeño,Monagas,2024-10,MAC,0,0,0,0,0,0,0,0,0
osm:relation:11089540,Municipio Cedeño,Monagas,2024-10,OIL,0,0,0,0,0,0,0,0,0
osm:relation:11089540,Municipio Cedeño,Monagas,2024-10,POL,0,0,0,0,0,0,0,0,0
osm:relation:11089540,Municipio Cedeño,Monagas,2024-10,SAN,0,0,0,0,0,0,0,0,0
osm:relation:11089540,Municipio Cedeño,Monagas,2024-10,SEC,0,0,0,0,0,0,0,0,0
osm:relation:11089540,Municipio Cedeño,Monagas,2024-11,CON,0,0,0,0,0,0,0,0,0
osm:relation:11089540,Municipio Cedeño,Monagas,2024-11,ELM,0,0,0,0,0,0,0,0,0
osm:relation:11089540,Municipio Cedeño,Monagas,2024-11,EXT,0,0,0,0,0,0,0,0,0
osm:relation:11089540,Municipio Cedeño,Monagas,2024-11,MAC,0,0,0,0,0,0,0,0,0
osm:relation:11089540,Municipio Cedeño,Monagas,2024-11,OIL,0,0,0,0,0,0,0,0,0
osm:relation:11089540,Municipio Cedeño,Monagas,2024-11,POL,0,0,0,0,0,0,0,0,0
osm:relation:11089540,Municipio Cedeño,Monagas,2024-11,SAN,0,0,0,0,0,0,0,0,0
osm:relation:11089540,Municipio Cedeño,Monagas,2024-11,SEC,0,0,0,0,0,0,0,0,0
osm:relation:11089540,Municipio Cedeño,Monagas,2024-12,CON,0,0,0,0,0,0,0,0,0
osm:relation:11089540,Municipio Cedeño,Monagas,2024-12,ELM,0,0,0,0,0,0,0,0,0
osm:relation:11089540,Municipio Cedeño,Monagas,2024-12,EXT,0,0,0,0,0,0,0,0,0
osm:relation:11089540,Municipio Cedeño,Monagas,2024-12,MAC,0,0,0,0,0,0,0,0,0
osm:relation:11089540,Municipio Cedeño,Monagas,2024-12,OIL,0,0,0,0,0,0,0,0,0
osm:relation:11089540,Municipio Cedeño,Monagas,2024-12,POL,0,0,0,0,0,0,0,0,0
osm:relation:11089540,Municipio Cedeño,Monagas,2024-12,SAN,0,0,0,0,0,0,0,0,0
osm:relation:11089540,Municipio Cedeño,Monagas,2024-12,SEC,0,0,0,0,0,0,0,0,0
osm:relation:11089540,Municipio Cedeño,Monagas,2025-01,CON,0,0,0,0,0,0,0,0,0
osm:relation:11089540,Municipio Cedeño,Monagas,2025-01,ELM,0,0,0,0,0,0,0,0,0
osm:relation:11089540,Municipio Cedeño,Monagas,2025-01,EXT,0,0,0,0,0,0,0,0,0
osm:relation:11089540,Municipio Cedeño,Monagas,2025-01,MAC,0,0,0,0,0,0,0,0,0
osm:relation:11089540,Municipio Cedeño,Monagas,2025-01,OIL,0,0,0,0,0,0,0,0,0
osm:relation:11089540,Municipio Cedeño,Monagas,2025-01,POL,0,0,0,0,0,0,0,0,0
osm:relation:11089540,Municipio Cedeño,Monagas,2025-01,SAN,0,0,0,0,0,0,0,0,0
osm:relation:11089540,Municipio Cedeño,Monagas,2025-01,SEC,0,0,0,0,0,0,0,0,0
osm:relation:11089540,Municipio Cedeño,Monagas,2025-02,CON,0,0,0,0,0,0,0,0,0
osm:relation:11089540,Municipio Cedeño,Monagas,2025-02,ELM,0,0,0,0,0,0,0,0,0
osm:relation:11089540,Municipio Cedeño,Monagas,2025-02,EXT,0,0,0,0,0,0,0,0,0
osm:relation:11089540,Municipio Cedeño,Monagas,2025-02,MAC,0,0,0,0,0,0,0,0,0
osm:relation:11089540,Municipio Cedeño,Monagas,2025-02,OIL,0,0,0,0,0,0,0,0,0
osm:relation:11089540,Municipio Cedeño,Monagas,2025-02,POL,0,0,0,0,0,0,0,0,0
osm:relation:11089540,Municipio Cedeño,Monagas,2025-02,SAN,0,0,0,0,0,0,0,0,0
osm:relation:11089540,Municipio Cedeño,Monagas,2025-02,SEC,0,0,0,0,0,0,0,0,0
osm:relation:11089540,Municipio Cedeño,Monagas,2025-03,CON,0,0,0,0,0,0,0,0,0
osm:relation:11089540,Municipio Cedeño,Monagas,2025-03,ELM,0,0,0,0,0,0,0,0,0
osm:relation:11089540,Municipio Cedeño,Monagas,2025-03,EXT,0,0,0,0,0,0,0,0,0
osm:relation:11089540,Municipio Cedeño,Monagas,2025-03,MAC,0,0,0,0,0,0,0,0,0
osm:relation:11089540,Municipio Cedeño,Monagas,2025-03,OIL,0,0,0,0,0,0,0,0,0
osm:relation:11089540,Municipio Cedeño,Monagas,2025-03,POL,0,0,0,0,0,0,0,0,0
osm:relation:11089540,Municipio Cedeño,Monagas,2025-03,SAN,0,0,0,0,0,0,0,0,0
osm:relation:11089540,Municipio Cedeño,Monagas,2025-03,SEC,0,0,0,0,0,0,0,0,0
osm:relation:11089540,Municipio Cedeño,Monagas,2025-04,CON,0,0,0,0,0,0,0,0,0
osm:relation:11089540,Municipio Cedeño,Monagas,2025-04,ELM,0,0,0,0,0,0,0,0,0
osm:relation:11089540,Municipio Cedeño,Monagas,2025-04,EXT,0,0,0,0,0,0,0,0,0
osm:relation:11089540,Municipio Cedeño,Monagas,2025-04,MAC,0,0,0,0,0,0,0,0,0
osm:relation:11089540,Municipio Cedeño,Monagas,2025-04,OIL,0,0,0,0,0,0,0,0,0
osm:relation:11089540,Municipio Cedeño,Monagas,2025-04,POL,0,0,0,0,0,0,0,0,0
osm:relation:11089540,Municipio Cedeño,Monagas,2025-04,SAN,0,0,0,0,0,0,0,0,0
osm:relation:11089540,Municipio Cedeño,Monagas,2025-04,SEC,0,0,0,0,0,0,0,0,0
osm:relation:11089540,Municipio Cedeño,Monagas,2025-05,CON,0,0,0,0,0,0,0,0,0
osm:relation:11089540,Municipio Cedeño,Monagas,2025-05,ELM,0,0,0,0,0,0,0,0,0
osm:relation:11089540,Municipio Cedeño,Monagas,2025-05,EXT,0,0,0,0,0,0,0,0,0
osm:relation:11089540,Municipio Cedeño,Monagas,2025-05,MAC,0,0,0,0,0,0,0,0,0
osm:relation:11089540,Municipio Cedeño,Monagas,2025-05,OIL,0,0,0,0,0,0,0,0,0
osm:relation:11089540,Municipio Cedeño,Monagas,2025-05,POL,0,0,0,0,0,0,0,0,0
osm:relation:11089540,Municipio Cedeño,Monagas,2025-05,SAN,0,0,0,0,0,0,0,0,0
osm:relation:11089540,Municipio Cedeño,Monagas,2025-05,SEC,0,0,0,0,0,0,0,0,0
osm:relation:11089540,Municipio Cedeño,Monagas,2025-06,CON,0,0,0,0,0,0,0,0,0
osm:relation:11089540,Municipio Cedeño,Monagas,2025-06,ELM,0,0,0,0,0,0,0,0,0
osm:relation:11089540,Municipio Cedeño,Monagas,2025-06,EXT,0,0,0,0,0,0,0,0,0
osm:relation:11089540,Municipio Cedeño,Monagas,2025-06,MAC,0,0,0,0,0,0,0,0,0
osm:relation:11089540,Municipio Cedeño,Monagas,2025-06,OIL,0,0,0,0,0,0,0,0,0
osm:relation:11089540,Municipio Cedeño,Monagas,2025-06,POL,0,0,0,0,0,0,0,0,0
osm:relation:11089540,Municipio Cedeño,Monagas,2025-06,SAN,0,0,0,0,0,0,0,0,0
osm:relation:11089540,Municipio Cedeño,Monagas,2025-06,SEC,0,0,0,0,0,0,0,0,0
osm:relation:11089540,Municipio Cedeño,Monagas,2025-07,CON,0,0,0,0,0,0,0,0,0
osm:relation:11089540,Municipio Cedeño,Monagas,2025-07,ELM,0,0,0,0,0,0,0,0,0
osm:relation:11089540,Municipio Cedeño,Monagas,2025-07,EXT,0,0,0,0,0,0,0,0,0
osm:relation:11089540,Municipio Cedeño,Monagas,2025-07,MAC,0,0,0,0,0,0,0,0,0
osm:relation:11089540,Municipio Cedeño,Monagas,2025-07,OIL,0,0,0,0,0,0,0,0,0
osm:relation:11089540,Municipio Cedeño,Monagas,2025-07,POL,1,1,0,0,0,0,0,0,1
osm:relation:11089540,Municipio Cedeño,Monagas,2025-07,SAN,0,0,0,0,0,0,0,0,0
osm:relation:11089540,Municipio Cedeño,Monagas,2025-07,SEC,0,0,0,0,0,0,0,0,0
osm:relation:11089540,Municipio Cedeño,Monagas,2025-08,CON,0,0,0,0,0,0,0,0,0
osm:relation:11089540,Municipio Cedeño,Monagas,2025-08,ELM,0,0,0,0,0,0,0,0,0
osm:relation:11089540,Municipio Cedeño,Monagas,2025-08,EXT,0,0,0,0,0,0,0,0,0
osm:relation:11089540,Municipio Cedeño,Monagas,2025-08,MAC,0,0,0,0,0,0,0,0,0
osm:relation:11089540,Municipio Cedeño,Monagas,2025-08,OIL,0,0,0,0,0,0,0,0,0
osm:relation:11089540,Municipio Cedeño,Monagas,2025-08,POL,1,1,0,0,0,0,0,0,1
osm:relation:11089540,Municipio Cedeño,Monagas,2025-08,SAN,0,0,0,0,0,0,0,0,0
osm:relation:11089540,Municipio Cedeño,Monagas,2025-08,SEC,0,0,0,0,0,0,0,0,0
osm:relation:11089540,Municipio Cedeño,Monagas,2025-09,CON,0,0,0,0,0,0,0,0,0
osm:relation:11089540,Municipio Cedeño,Monagas,2025-09,ELM,0,0,0,0,0,0,0,0,0
osm:relation:11089540,Municipio Cedeño,Monagas,2025-09,EXT,0,0,0,0,0,0,0,0,0
osm:relation:11089540,Municipio Cedeño,Monagas,2025-09,MAC,0,0,0,0,0,0,0,0,0
osm:relation:11089540,Municipio Cedeño,Monagas,2025-09,OIL,0,0,0,0,0,0,0,0,0
osm:relation:11089540,Municipio Cedeño,Monagas,2025-09,POL,0,0,0,0,0,0,0,0,0
osm:relation:11089540,Municipio Cedeño,Monagas,2025-09,SAN,0,0,0,0,0,0,0,0,0
osm:relation:11089540,Municipio Cedeño,Monagas,2025-09,SEC,0,0,0,0,0,0,0,0,0
osm:relation:11089540,Municipio Cedeño,Monagas,2025-10,CON,0,0,0,0,0,0,0,0,0
osm:relation:11089540,Municipio Cedeño,Monagas,2025-10,ELM,0,0,0,0,0,0,0,0,0
osm:relation:11089540,Municipio Cedeño,Monagas,2025-10,EXT,0,0,0,0,0,0,0,0,0
osm:relation:11089540,Municipio Cedeño,Monagas,2025-10,MAC,0,0,0,0,0,0,0,0,0
osm:relation:11089540,Municipio Cedeño,Monagas,2025-10,OIL,0,0,0,0,0,0,0,0,0
osm:relation:11089540,Municipio Cedeño,Monagas,2025-10,POL,0,0,0,0,0,0,0,0,0
osm:relation:11089540,Municipio Cedeño,Monagas,2025-10,SAN,0,0,0,0,0,0,0,0,0
osm:relation:11089540,Municipio Cedeño,Monagas,2025-10,SEC,0,0,0,0,0,0,0,0,0
osm:relation:11089540,Municipio Cedeño,Monagas,2025-11,CON,0,0,0,0,0,0,0,0,0
osm:relation:11089540,Municipio Cedeño,Monagas,2025-11,ELM,0,0,0,0,0,0,0,0,0
osm:relation:11089540,Municipio Cedeño,Monagas,2025-11,EXT,0,0,0,0,0,0,0,0,0
osm:relation:11089540,Municipio Cedeño,Monagas,2025-11,MAC,0,0,0,0,0,0,0,0,0
osm:relation:11089540,Municipio Cedeño,Monagas,2025-11,OIL,0,0,0,0,0,0,0,0,0
osm:relation:11089540,Municipio Cedeño,Monagas,2025-11,POL,0,0,0,0,0,0,0,0,0
osm:relation:11089540,Municipio Cedeño,Monagas,2025-11,SAN,0,0,0,0,0,0,0,0,0
osm:relation:11089540,Municipio Cedeño,Monagas,2025-11,SEC,0,0,0,0,0,0,0,0,0
osm:relation:11089540,Municipio Cedeño,Monagas,2025-12,CON,0,0,0,0,0,0,0,0,0
osm:relation:11089540,Municipio Cedeño,Monagas,2025-12,ELM,0,0,0,0,0,0,0,0,0
osm:relation:11089540,Municipio Cedeño,Monagas,2025-12,EXT,0,0,0,0,0,0,0,0,0
osm:relation:11089540,Municipio Cedeño,Monagas,2025-12,MAC,0,0,0,0,0,0,0,0,0
osm:relation:11089540,Municipio Cedeño,Monagas,2025-12,OIL,0,0,0,0,0,0,0,0,0
osm:relation:11089540,Municipio Cedeño,Monagas,2025-12,POL,0,0,0,0,0,0,0,0,0
osm:relation:11089540,Municipio Cedeño,Monagas,2025-12,SAN,0,0,0,0,0,0,0,0,0
osm:relation:11089540,Municipio Cedeño,Monagas,2025-12,SEC,0,0,0,0,0,0,0,0,0
osm:relation:11089540,Municipio Cedeño,Monagas,2026-01,CON,0,0,0,0,0,0,0,0,0
osm:relation:11089540,Municipio Cedeño,Monagas,2026-01,ELM,0,0,0,0,0,0,0,0,0
osm:relation:11089540,Municipio Cedeño,Monagas,2026-01,EXT,0,0,0,0,0,0,0,0,0
osm:relation:11089540,Municipio Cedeño,Monagas,2026-01,MAC,0,0,0,0,0,0,0,0,0
osm:relation:11089540,Municipio Cedeño,Monagas,2026-01,OIL,0,0,0,0,0,0,0,0,0
osm:relation:11089540,Municipio Cedeño,Monagas,2026-01,POL,0,0,0,0,0,0,0,0,0
osm:relation:11089540,Municipio Cedeño,Monagas,2026-01,SAN,0,0,0,0,0,0,0,0,0
osm:relation:11089540,Municipio Cedeño,Monagas,2026-01,SEC,0,0,0,0,0,0,0,0,0
osm:relation:11089540,Municipio Cedeño,Monagas,2026-02,CON,0,0,0,0,0,0,0,0,0
osm:relation:11089540,Municipio Cedeño,Monagas,2026-02,ELM,0,0,0,0,0,0,0,0,0
osm:relation:11089540,Municipio Cedeño,Monagas,2026-02,EXT,0,0,0,0,0,0,0,0,0
osm:relation:11089540,Municipio Cedeño,Monagas,2026-02,MAC,0,0,0,0,0,0,0,0,0
osm:relation:11089540,Municipio Cedeño,Monagas,2026-02,OIL,0,0,0,0,0,0,0,0,0
osm:relation:11089540,Municipio Cedeño,Monagas,2026-02,POL,0,0,0,0,0,0,0,0,0
osm:relation:11089540,Municipio Cedeño,Monagas,2026-02,SAN,0,0,0,0,0,0,0,0,0
osm:relation:11089540,Municipio Cedeño,Monagas,2026-02,SEC,0,0,0,0,0,0,0,0,0
osm:relation:11089540,Municipio Cedeño,Monagas,2026-03,CON,0,0,0,0,0,0,0,0,0
osm:relation:11089540,Municipio Cedeño,Monagas,2026-03,ELM,0,0,0,0,0,0,0,0,0
osm:relation:11089540,Municipio Cedeño,Monagas,2026-03,EXT,0,0,0,0,0,0,0,0,0
osm:relation:11089540,Municipio Cedeño,Monagas,2026-03,MAC,0,0,0,0,0,0,0,0,0
osm:relation:11089540,Municipio Cedeño,Monagas,2026-03,OIL,0,0,0,0,0,0,0,0,0
osm:relation:11089540,Municipio Cedeño,Monagas,2026-03,POL,0,0,0,0,0,0,0,0,0
osm:relation:11089540,Municipio Cedeño,Monagas,2026-03,SAN,0,0,0,0,0,0,0,0,0
osm:relation:11089540,Municipio Cedeño,Monagas,2026-03,SEC,0,0,0,0,0,0,0,0,0
osm:relation:11089540,Municipio Cedeño,Monagas,2026-04,CON,0,0,0,0,0,0,0,0,0
osm:relation:11089540,Municipio Cedeño,Monagas,2026-04,ELM,0,0,0,0,0,0,0,0,0
osm:relation:11089540,Municipio Cedeño,Monagas,2026-04,EXT,0,0,0,0,0,0,0,0,0
osm:relation:11089540,Municipio Cedeño,Monagas,2026-04,MAC,0,0,0,0,0,0,0,0,0
osm:relation:11089540,Municipio Cedeño,Monagas,2026-04,OIL,0,0,0,0,0,0,0,0,0
osm:relation:11089540,Municipio Cedeño,Monagas,2026-04,POL,0,0,0,0,0,0,0,0,0
osm:relation:11089540,Municipio Cedeño,Monagas,2026-04,SAN,0,0,0,0,0,0,0,0,0
osm:relation:11089540,Municipio Cedeño,Monagas,2026-04,SEC,0,0,0,0,0,0,0,0,0
osm:relation:11089540,Municipio Cedeño,Monagas,2026-05,CON,0,0,0,0,0,0,0,0,0
osm:relation:11089540,Municipio Cedeño,Monagas,2026-05,ELM,0,0,0,0,0,0,0,0,0
osm:relation:11089540,Municipio Cedeño,Monagas,2026-05,EXT,0,0,0,0,0,0,0,0,0
osm:relation:11089540,Municipio Cedeño,Monagas,2026-05,MAC,0,0,0,0,0,0,0,0,0
osm:relation:11089540,Municipio Cedeño,Monagas,2026-05,OIL,0,0,0,0,0,0,0,0,0
osm:relation:11089540,Municipio Cedeño,Monagas,2026-05,POL,0,0,0,0,0,0,0,0,0
osm:relation:11089540,Municipio Cedeño,Monagas,2026-05,SAN,0,0,0,0,0,0,0,0,0
osm:relation:11089540,Municipio Cedeño,Monagas,2026-05,SEC,0,0,0,0,0,0,0,0,0
osm:relation:11089540,Municipio Cedeño,Monagas,2026-06,CON,0,0,0,0,0,0,0,0,0
osm:relation:11089540,Municipio Cedeño,Monagas,2026-06,ELM,0,0,0,0,0,0,0,0,0
osm:relation:11089540,Municipio Cedeño,Monagas,2026-06,EXT,0,0,0,0,0,0,0,0,0
osm:relation:11089540,Municipio Cedeño,Monagas,2026-06,MAC,0,0,0,0,0,0,0,0,0
osm:relation:11089540,Municipio Cedeño,Monagas,2026-06,OIL,0,0,0,0,0,0,0,0,0
osm:relation:11089540,Municipio Cedeño,Monagas,2026-06,POL,0,0,0,0,0,0,0,0,0
osm:relation:11089540,Municipio Cedeño,Monagas,2026-06,SAN,0,0,0,0,0,0,0,0,0
osm:relation:11089540,Municipio Cedeño,Monagas,2026-06,SEC,0,0,0,0,0,0,0,0,0
osm:relation:11089540,Municipio Cedeño,Monagas,2026-07,CON,0,0,0,0,0,0,0,0,0
osm:relation:11089540,Municipio Cedeño,Monagas,2026-07,ELM,0,0,0,0,0,0,0,0,0
osm:relation:11089540,Municipio Cedeño,Monagas,2026-07,EXT,0,0,0,0,0,0,0,0,0
osm:relation:11089540,Municipio Cedeño,Monagas,2026-07,MAC,0,0,0,0,0,0,0,0,0
osm:relation:11089540,Municipio Cedeño,Monagas,2026-07,OIL,0,0,0,0,0,0,0,0,0
osm:relation:11089540,Municipio Cedeño,Monagas,2026-07,POL,0,0,0,0,0,0,0,0,0
osm:relation:11089540,Municipio Cedeño,Monagas,2026-07,SAN,0,0,0,0,0,0,0,0,0
osm:relation:11089540,Municipio Cedeño,Monagas,2026-07,SEC,0,0,0,0,0,0,0,0,0
osm:relation:11089540,Municipio Cedeño,Monagas,2026-08,CON,0,0,0,0,0,0,0,0,0
osm:relation:11089540,Municipio Cedeño,Monagas,2026-08,ELM,0,0,0,0,0,0,0,0,0
osm:relation:11089540,Municipio Cedeño,Monagas,2026-08,EXT,0,0,0,0,0,0,0,0,0
osm:relation:11089540,Municipio Cedeño,Monagas,2026-08,MAC,0,0,0,0,0,0,0,0,0
osm:relation:11089540,Municipio Cedeño,Monagas,2026-08,OIL,0,0,0,0,0,0,0,0,0
osm:relation:11089540,Municipio Cedeño,Monagas,2026-08,POL,0,0,0,0,0,0,0,0,0
osm:relation:11089540,Municipio Cedeño,Monagas,2026-08,SAN,0,0,0,0,0,0,0,0,0
osm:relation:11089540,Municipio Cedeño,Monagas,2026-08,SEC,0,0,0,0,0,0,0,0,0
osm:relation:11089540,Municipio Cedeño,Monagas,2026-09,CON,0,0,0,0,0,0,0,0,0
osm:relation:11089540,Municipio Cedeño,Monagas,2026-09,ELM,0,0,0,0,0,0,0,0,0
osm:relation:11089540,Municipio Cedeño,Monagas,2026-09,EXT,0,0,0,0,0,0,0,0,0
osm:relation:11089540,Municipio Cedeño,Monagas,2026-09,MAC,0,0,0,0,0,0,0,0,0
osm:relation:11089540,Municipio Cedeño,Monagas,2026-09,OIL,0,0,0,0,0,0,0,0,0
osm:relation:11089540,Municipio Cedeño,Monagas,2026-09,POL,0,0,0,0,0,0,0,0,0
osm:relation:11089540,Municipio Cedeño,Monagas,2026-09,SAN,0,0,0,0,0,0,0,0,0
osm:relation:11089540,Municipio Cedeño,Monagas,2026-09,SEC,0,0,0,0,0,0,0,0,0
osm:relation:11089541,Municipio Ezequiel Zamora,Monagas,2024-09,CON,0,0,0,0,0,0,0,0,0
osm:relation:11089541,Municipio Ezequiel Zamora,Monagas,2024-09,ELM,0,0,0,0,0,0,0,0,0
osm:relation:11089541,Municipio Ezequiel Zamora,Monagas,2024-09,EXT,0,0,0,0,0,0,0,0,0
osm:relation:11089541,Municipio Ezequiel Zamora,Monagas,2024-09,MAC,0,0,0,0,0,0,0,0,0
osm:relation:11089541,Municipio Ezequiel Zamora,Monagas,2024-09,OIL,0,0,0,0,0,0,0,0,0
osm:relation:11089541,Municipio Ezequiel Zamora,Monagas,2024-09,POL,0,0,0,0,0,0,0,0,0
osm:relation:11089541,Municipio Ezequiel Zamora,Monagas,2024-09,SAN,0,0,0,0,0,0,0,0,0
osm:relation:11089541,Municipio Ezequiel Zamora,Monagas,2024-09,SEC,0,0,0,0,0,0,0,0,0
osm:relation:11089541,Municipio Ezequiel Zamora,Monagas,2024-10,CON,0,0,0,0,0,0,0,0,0
osm:relation:11089541,Municipio Ezequiel Zamora,Monagas,2024-10,ELM,0,0,0,0,0,0,0,0,0
osm:relation:11089541,Municipio Ezequiel Zamora,Monagas,2024-10,EXT,0,0,0,0,0,0,0,0,0
osm:relation:11089541,Municipio Ezequiel Zamora,Monagas,2024-10,MAC,0,0,0,0,0,0,0,0,0
osm:relation:11089541,Municipio Ezequiel Zamora,Monagas,2024-10,OIL,0,0,0,0,0,0,0,0,0
osm:relation:11089541,Municipio Ezequiel Zamora,Monagas,2024-10,POL,0,0,0,0,0,0,0,0,0
osm:relation:11089541,Municipio Ezequiel Zamora,Monagas,2024-10,SAN,0,0,0,0,0,0,0,0,0
osm:relation:11089541,Municipio Ezequiel Zamora,Monagas,2024-10,SEC,0,0,0,0,0,0,0,0,0
osm:relation:11089541,Municipio Ezequiel Zamora,Monagas,2024-11,CON,0,0,0,0,0,0,0,0,0
osm:relation:11089541,Municipio Ezequiel Zamora,Monagas,2024-11,ELM,0,0,0,0,0,0,0,0,0
osm:relation:11089541,Municipio Ezequiel Zamora,Monagas,2024-11,EXT,0,0,0,0,0,0,0,0,0
osm:relation:11089541,Municipio Ezequiel Zamora,Monagas,2024-11,MAC,0,0,0,0,0,0,0,0,0
osm:relation:11089541,Municipio Ezequiel Zamora,Monagas,2024-11,OIL,8,7,1,0,0,0,0,0,8
osm:relation:11089541,Municipio Ezequiel Zamora,Monagas,2024-11,POL,0,0,0,0,0,0,0,0,0
osm:relation:11089541,Municipio Ezequiel Zamora,Monagas,2024-11,SAN,0,0,0,0,0,0,0,0,0
osm:relation:11089541,Municipio Ezequiel Zamora,Monagas,2024-11,SEC,1,1,0,0,0,0,0,0,1
osm:relation:11089541,Municipio Ezequiel Zamora,Monagas,2024-12,CON,0,0,0,0,0,0,0,0,0
osm:relation:11089541,Municipio Ezequiel Zamora,Monagas,2024-12,ELM,0,0,0,0,0,0,0,0,0
osm:relation:11089541,Municipio Ezequiel Zamora,Monagas,2024-12,EXT,0,0,0,0,0,0,0,0,0
osm:relation:11089541,Municipio Ezequiel Zamora,Monagas,2024-12,MAC,0,0,0,0,0,0,0,0,0
osm:relation:11089541,Municipio Ezequiel Zamora,Monagas,2024-12,OIL,2,2,0,0,0,0,0,0,2
osm:relation:11089541,Municipio Ezequiel Zamora,Monagas,2024-12,POL,0,0,0,0,0,0,0,0,0
osm:relation:11089541,Municipio Ezequiel Zamora,Monagas,2024-12,SAN,0,0,0,0,0,0,0,0,0
osm:relation:11089541,Municipio Ezequiel Zamora,Monagas,2024-12,SEC,0,0,0,0,0,0,0,0,0
osm:relation:11089541,Municipio Ezequiel Zamora,Monagas,2025-01,CON,0,0,0,0,0,0,0,0,0
osm:relation:11089541,Municipio Ezequiel Zamora,Monagas,2025-01,ELM,0,0,0,0,0,0,0,0,0
osm:relation:11089541,Municipio Ezequiel Zamora,Monagas,2025-01,EXT,0,0,0,0,0,0,0,0,0
osm:relation:11089541,Municipio Ezequiel Zamora,Monagas,2025-01,MAC,0,0,0,0,0,0,0,0,0
osm:relation:11089541,Municipio Ezequiel Zamora,Monagas,2025-01,OIL,0,0,0,0,0,0,0,0,0
osm:relation:11089541,Municipio Ezequiel Zamora,Monagas,2025-01,POL,0,0,0,0,0,0,0,0,0
osm:relation:11089541,Municipio Ezequiel Zamora,Monagas,2025-01,SAN,0,0,0,0,0,0,0,0,0
osm:relation:11089541,Municipio Ezequiel Zamora,Monagas,2025-01,SEC,0,0,0,0,0,0,0,0,0
osm:relation:11089541,Municipio Ezequiel Zamora,Monagas,2025-02,CON,0,0,0,0,0,0,0,0,0
osm:relation:11089541,Municipio Ezequiel Zamora,Monagas,2025-02,ELM,0,0,0,0,0,0,0,0,0
osm:relation:11089541,Municipio Ezequiel Zamora,Monagas,2025-02,EXT,0,0,0,0,0,0,0,0,0
osm:relation:11089541,Municipio Ezequiel Zamora,Monagas,2025-02,MAC,0,0,0,0,0,0,0,0,0
osm:relation:11089541,Municipio Ezequiel Zamora,Monagas,2025-02,OIL,0,0,0,0,0,0,0,0,0
osm:relation:11089541,Municipio Ezequiel Zamora,Monagas,2025-02,POL,0,0,0,0,0,0,0,0,0
osm:relation:11089541,Municipio Ezequiel Zamora,Monagas,2025-02,SAN,0,0,0,0,0,0,0,0,0
osm:relation:11089541,Municipio Ezequiel Zamora,Monagas,2025-02,SEC,0,0,0,0,0,0,0,0,0
osm:relation:11089541,Municipio Ezequiel Zamora,Monagas,2025-03,CON,0,0,0,0,0,0,0,0,0
osm:relation:11089541,Municipio Ezequiel Zamora,Monagas,2025-03,ELM,0,0,0,0,0,0,0,0,0
osm:relation:11089541,Municipio Ezequiel Zamora,Monagas,2025-03,EXT,0,0,0,0,0,0,0,0,0
osm:relation:11089541,Municipio Ezequiel Zamora,Monagas,2025-03,MAC,0,0,0,0,0,0,0,0,0
osm:relation:11089541,Municipio Ezequiel Zamora,Monagas,2025-03,OIL,0,0,0,0,0,0,0,0,0
osm:relation:11089541,Municipio Ezequiel Zamora,Monagas,2025-03,POL,0,0,0,0,0,0,0,0,0
osm:relation:11089541,Municipio Ezequiel Zamora,Monagas,2025-03,SAN,0,0,0,0,0,0,0,0,0
osm:relation:11089541,Municipio Ezequiel Zamora,Monagas,2025-03,SEC,0,0,0,0,0,0,0,0,0
osm:relation:11089541,Municipio Ezequiel Zamora,Monagas,2025-04,CON,0,0,0,0,0,0,0,0,0
osm:relation:11089541,Municipio Ezequiel Zamora,Monagas,2025-04,ELM,0,0,0,0,0,0,0,0,0
osm:relation:11089541,Municipio Ezequiel Zamora,Monagas,2025-04,EXT,0,0,0,0,0,0,0,0,0
osm:relation:11089541,Municipio Ezequiel Zamora,Monagas,2025-04,MAC,0,0,0,0,0,0,0,0,0
osm:relation:11089541,Municipio Ezequiel Zamora,Monagas,2025-04,OIL,0,0,0,0,0,0,0,0,0
osm:relation:11089541,Municipio Ezequiel Zamora,Monagas,2025-04,POL,0,0,0,0,0,0,0,0,0
osm:relation:11089541,Municipio Ezequiel Zamora,Monagas,2025-04,SAN,0,0,0,0,0,0,0,0,0
osm:relation:11089541,Municipio Ezequiel Zamora,Monagas,2025-04,SEC,0,0,0,0,0,0,0,0,0
osm:relation:11089541,Municipio Ezequiel Zamora,Monagas,2025-05,CON,0,0,0,0,0,0,0,0,0
osm:relation:11089541,Municipio Ezequiel Zamora,Monagas,2025-05,ELM,0,0,0,0,0,0,0,0,0
osm:relation:11089541,Municipio Ezequiel Zamora,Monagas,2025-05,EXT,0,0,0,0,0,0,0,0,0
osm:relation:11089541,Municipio Ezequiel Zamora,Monagas,2025-05,MAC,0,0,0,0,0,0,0,0,0
osm:relation:11089541,Municipio Ezequiel Zamora,Monagas,2025-05,OIL,1,1,0,0,0,0,0,0,1
osm:relation:11089541,Municipio Ezequiel Zamora,Monagas,2025-05,POL,0,0,0,0,0,0,0,0,0
osm:relation:11089541,Municipio Ezequiel Zamora,Monagas,2025-05,SAN,0,0,0,0,0,0,0,0,0
osm:relation:11089541,Municipio Ezequiel Zamora,Monagas,2025-05,SEC,0,0,0,0,0,0,0,0,0
osm:relation:11089541,Municipio Ezequiel Zamora,Monagas,2025-06,CON,0,0,0,0,0,0,0,0,0
osm:relation:11089541,Municipio Ezequiel Zamora,Monagas,2025-06,ELM,0,0,0,0,0,0,0,0,0
osm:relation:11089541,Municipio Ezequiel Zamora,Monagas,2025-06,EXT,0,0,0,0,0,0,0,0,0
osm:relation:11089541,Municipio Ezequiel Zamora,Monagas,2025-06,MAC,0,0,0,0,0,0,0,0,0
osm:relation:11089541,Municipio Ezequiel Zamora,Monagas,2025-06,OIL,0,0,0,0,0,0,0,0,0
osm:relation:11089541,Municipio Ezequiel Zamora,Monagas,2025-06,POL,0,0,0,0,0,0,0,0,0
osm:relation:11089541,Municipio Ezequiel Zamora,Monagas,2025-06,SAN,0,0,0,0,0,0,0,0,0
osm:relation:11089541,Municipio Ezequiel Zamora,Monagas,2025-06,SEC,0,0,0,0,0,0,0,0,0
osm:relation:11089541,Municipio Ezequiel Zamora,Monagas,2025-07,CON,0,0,0,0,0,0,0,0,0
osm:relation:11089541,Municipio Ezequiel Zamora,Monagas,2025-07,ELM,0,0,0,0,0,0,0,0,0
osm:relation:11089541,Municipio Ezequiel Zamora,Monagas,2025-07,EXT,0,0,0,0,0,0,0,0,0
osm:relation:11089541,Municipio Ezequiel Zamora,Monagas,2025-07,MAC,0,0,0,0,0,0,0,0,0
osm:relation:11089541,Municipio Ezequiel Zamora,Monagas,2025-07,OIL,0,0,0,0,0,0,0,0,0
osm:relation:11089541,Municipio Ezequiel Zamora,Monagas,2025-07,POL,0,0,0,0,0,0,0,0,0
osm:relation:11089541,Municipio Ezequiel Zamora,Monagas,2025-07,SAN,0,0,0,0,0,0,0,0,0
osm:relation:11089541,Municipio Ezequiel Zamora,Monagas,2025-07,SEC,0,0,0,0,0,0,0,0,0
osm:relation:11089541,Municipio Ezequiel Zamora,Monagas,2025-08,CON,0,0,0,0,0,0,0,0,0
osm:relation:11089541,Municipio Ezequiel Zamora,Monagas,2025-08,ELM,0,0,0,0,0,0,0,0,0
osm:relation:11089541,Municipio Ezequiel Zamora,Monagas,2025-08,EXT,0,0,0,0,0,0,0,0,0
osm:relation:11089541,Municipio Ezequiel Zamora,Monagas,2025-08,MAC,0,0,0,0,0,0,0,0,0
osm:relation:11089541,Municipio Ezequiel Zamora,Monagas,2025-08,OIL,0,0,0,0,0,0,0,0,0
osm:relation:11089541,Municipio Ezequiel Zamora,Monagas,2025-08,POL,0,0,0,0,0,0,0,0,0
osm:relation:11089541,Municipio Ezequiel Zamora,Monagas,2025-08,SAN,0,0,0,0,0,0,0,0,0
osm:relation:11089541,Municipio Ezequiel Zamora,Monagas,2025-08,SEC,0,0,0,0,0,0,0,0,0
osm:relation:11089541,Municipio Ezequiel Zamora,Monagas,2025-09,CON,0,0,0,0,0,0,0,0,0
osm:relation:11089541,Municipio Ezequiel Zamora,Monagas,2025-09,ELM,0,0,0,0,0,0,0,0,0
osm:relation:11089541,Municipio Ezequiel Zamora,Monagas,2025-09,EXT,0,0,0,0,0,0,0,0,0
osm:relation:11089541,Municipio Ezequiel Zamora,Monagas,2025-09,MAC,0,0,0,0,0,0,0,0,0
osm:relation:11089541,Municipio Ezequiel Zamora,Monagas,2025-09,OIL,0,0,0,0,0,0,0,0,0
osm:relation:11089541,Municipio Ezequiel Zamora,Monagas,2025-09,POL,0,0,0,0,0,0,0,0,0
osm:relation:11089541,Municipio Ezequiel Zamora,Monagas,2025-09,SAN,0,0,0,0,0,0,0,0,0
osm:relation:11089541,Municipio Ezequiel Zamora,Monagas,2025-09,SEC,0,0,0,0,0,0,0,0,0
osm:relation:11089541,Municipio Ezequiel Zamora,Monagas,2025-10,CON,0,0,0,0,0,0,0,0,0
osm:relation:11089541,Municipio Ezequiel Zamora,Monagas,2025-10,ELM,0,0,0,0,0,0,0,0,0
osm:relation:11089541,Municipio Ezequiel Zamora,Monagas,2025-10,EXT,0,0,0,0,0,0,0,0,0
osm:relation:11089541,Municipio Ezequiel Zamora,Monagas,2025-10,MAC,0,0,0,0,0,0,0,0,0
osm:relation:11089541,Municipio Ezequiel Zamora,Monagas,2025-10,OIL,0,0,0,0,0,0,0,0,0
osm:relation:11089541,Municipio Ezequiel Zamora,Monagas,2025-10,POL,0,0,0,0,0,0,0,0,0
osm:relation:11089541,Municipio Ezequiel Zamora,Monagas,2025-10,SAN,0,0,0,0,0,0,0,0,0
osm:relation:11089541,Municipio Ezequiel Zamora,Monagas,2025-10,SEC,0,0,0,0,0,0,0,0,0
osm:relation:11089541,Municipio Ezequiel Zamora,Monagas,2025-11,CON,0,0,0,0,0,0,0,0,0
osm:relation:11089541,Municipio Ezequiel Zamora,Monagas,2025-11,ELM,0,0,0,0,0,0,0,0,0
osm:relation:11089541,Municipio Ezequiel Zamora,Monagas,2025-11,EXT,0,0,0,0,0,0,0,0,0
osm:relation:11089541,Municipio Ezequiel Zamora,Monagas,2025-11,MAC,0,0,0,0,0,0,0,0,0
osm:relation:11089541,Municipio Ezequiel Zamora,Monagas,2025-11,OIL,0,0,0,0,0,0,0,0,0
osm:relation:11089541,Municipio Ezequiel Zamora,Monagas,2025-11,POL,0,0,0,0,0,0,0,0,0
osm:relation:11089541,Municipio Ezequiel Zamora,Monagas,2025-11,SAN,0,0,0,0,0,0,0,0,0
osm:relation:11089541,Municipio Ezequiel Zamora,Monagas,2025-11,SEC,0,0,0,0,0,0,0,0,0
osm:relation:11089541,Municipio Ezequiel Zamora,Monagas,2025-12,CON,0,0,0,0,0,0,0,0,0
osm:relation:11089541,Municipio Ezequiel Zamora,Monagas,2025-12,ELM,0,0,0,0,0,0,0,0,0
osm:relation:11089541,Municipio Ezequiel Zamora,Monagas,2025-12,EXT,0,0,0,0,0,0,0,0,0
osm:relation:11089541,Municipio Ezequiel Zamora,Monagas,2025-12,MAC,0,0,0,0,0,0,0,0,0
osm:relation:11089541,Municipio Ezequiel Zamora,Monagas,2025-12,OIL,0,0,0,0,0,0,0,0,0
osm:relation:11089541,Municipio Ezequiel Zamora,Monagas,2025-12,POL,0,0,0,0,0,0,0,0,0
osm:relation:11089541,Municipio Ezequiel Zamora,Monagas,2025-12,SAN,0,0,0,0,0,0,0,0,0
osm:relation:11089541,Municipio Ezequiel Zamora,Monagas,2025-12,SEC,0,0,0,0,0,0,0,0,0
osm:relation:11089541,Municipio Ezequiel Zamora,Monagas,2026-01,CON,0,0,0,0,0,0,0,0,0
osm:relation:11089541,Municipio Ezequiel Zamora,Monagas,2026-01,ELM,0,0,0,0,0,0,0,0,0
osm:relation:11089541,Municipio Ezequiel Zamora,Monagas,2026-01,EXT,0,0,0,0,0,0,0,0,0
osm:relation:11089541,Municipio Ezequiel Zamora,Monagas,2026-01,MAC,0,0,0,0,0,0,0,0,0
osm:relation:11089541,Municipio Ezequiel Zamora,Monagas,2026-01,OIL,0,0,0,0,0,0,0,0,0
osm:relation:11089541,Municipio Ezequiel Zamora,Monagas,2026-01,POL,0,0,0,0,0,0,0,0,0
osm:relation:11089541,Municipio Ezequiel Zamora,Monagas,2026-01,SAN,0,0,0,0,0,0,0,0,0
osm:relation:11089541,Municipio Ezequiel Zamora,Monagas,2026-01,SEC,0,0,0,0,0,0,0,0,0
osm:relation:11089541,Municipio Ezequiel Zamora,Monagas,2026-02,CON,0,0,0,0,0,0,0,0,0
osm:relation:11089541,Municipio Ezequiel Zamora,Monagas,2026-02,ELM,0,0,0,0,0,0,0,0,0
osm:relation:11089541,Municipio Ezequiel Zamora,Monagas,2026-02,EXT,0,0,0,0,0,0,0,0,0
osm:relation:11089541,Municipio Ezequiel Zamora,Monagas,2026-02,MAC,0,0,0,0,0,0,0,0,0
osm:relation:11089541,Municipio Ezequiel Zamora,Monagas,2026-02,OIL,0,0,0,0,0,0,0,0,0
osm:relation:11089541,Municipio Ezequiel Zamora,Monagas,2026-02,POL,0,0,0,0,0,0,0,0,0
osm:relation:11089541,Municipio Ezequiel Zamora,Monagas,2026-02,SAN,0,0,0,0,0,0,0,0,0
osm:relation:11089541,Municipio Ezequiel Zamora,Monagas,2026-02,SEC,0,0,0,0,0,0,0,0,0
osm:relation:11089541,Municipio Ezequiel Zamora,Monagas,2026-03,CON,2,1,1,0,0,0,0,0,2
osm:relation:11089541,Municipio Ezequiel Zamora,Monagas,2026-03,ELM,1,1,0,0,0,0,0,0,1
osm:relation:11089541,Municipio Ezequiel Zamora,Monagas,2026-03,EXT,0,0,0,0,0,0,0,0,0
osm:relation:11089541,Municipio Ezequiel Zamora,Monagas,2026-03,MAC,0,0,0,0,0,0,0,0,0
osm:relation:11089541,Municipio Ezequiel Zamora,Monagas,2026-03,OIL,1,1,0,0,0,0,0,0,1
osm:relation:11089541,Municipio Ezequiel Zamora,Monagas,2026-03,POL,0,0,0,0,0,0,0,0,0
osm:relation:11089541,Municipio Ezequiel Zamora,Monagas,2026-03,SAN,0,0,0,0,0,0,0,0,0
osm:relation:11089541,Municipio Ezequiel Zamora,Monagas,2026-03,SEC,0,0,0,0,0,0,0,0,0
osm:relation:11089541,Municipio Ezequiel Zamora,Monagas,2026-04,CON,1,0,1,0,0,0,0,0,1
osm:relation:11089541,Municipio Ezequiel Zamora,Monagas,2026-04,ELM,0,0,0,0,0,0,0,0,0
osm:relation:11089541,Municipio Ezequiel Zamora,Monagas,2026-04,EXT,0,0,0,0,0,0,0,0,0
osm:relation:11089541,Municipio Ezequiel Zamora,Monagas,2026-04,MAC,0,0,0,0,0,0,0,0,0
osm:relation:11089541,Municipio Ezequiel Zamora,Monagas,2026-04,OIL,0,0,0,0,0,0,0,0,0
osm:relation:11089541,Municipio Ezequiel Zamora,Monagas,2026-04,POL,1,1,0,0,0,0,0,0,1
osm:relation:11089541,Municipio Ezequiel Zamora,Monagas,2026-04,SAN,0,0,0,0,0,0,0,0,0
osm:relation:11089541,Municipio Ezequiel Zamora,Monagas,2026-04,SEC,0,0,0,0,0,0,0,0,0
osm:relation:11089541,Municipio Ezequiel Zamora,Monagas,2026-05,CON,0,0,0,0,0,0,0,0,0
osm:relation:11089541,Municipio Ezequiel Zamora,Monagas,2026-05,ELM,0,0,0,0,0,0,0,0,0
osm:relation:11089541,Municipio Ezequiel Zamora,Monagas,2026-05,EXT,0,0,0,0,0,0,0,0,0
osm:relation:11089541,Municipio Ezequiel Zamora,Monagas,2026-05,MAC,0,0,0,0,0,0,0,0,0
osm:relation:11089541,Municipio Ezequiel Zamora,Monagas,2026-05,OIL,0,0,0,0,0,0,0,0,0
osm:relation:11089541,Municipio Ezequiel Zamora,Monagas,2026-05,POL,0,0,0,0,0,0,0,0,0
osm:relation:11089541,Municipio Ezequiel Zamora,Monagas,2026-05,SAN,0,0,0,0,0,0,0,0,0
osm:relation:11089541,Municipio Ezequiel Zamora,Monagas,2026-05,SEC,0,0,0,0,0,0,0,0,0
osm:relation:11089541,Municipio Ezequiel Zamora,Monagas,2026-06,CON,1,1,0,0,0,0,0,0,1
osm:relation:11089541,Municipio Ezequiel Zamora,Monagas,2026-06,ELM,0,0,0,0,0,0,0,0,0
osm:relation:11089541,Municipio Ezequiel Zamora,Monagas,2026-06,EXT,0,0,0,0,0,0,0,0,0
osm:relation:11089541,Municipio Ezequiel Zamora,Monagas,2026-06,MAC,0,0,0,0,0,0,0,0,0
osm:relation:11089541,Municipio Ezequiel Zamora,Monagas,2026-06,OIL,1,1,0,0,0,0,0,0,1
osm:relation:11089541,Municipio Ezequiel Zamora,Monagas,2026-06,POL,0,0,0,0,0,0,0,0,0
osm:relation:11089541,Municipio Ezequiel Zamora,Monagas,2026-06,SAN,0,0,0,0,0,0,0,0,0
osm:relation:11089541,Municipio Ezequiel Zamora,Monagas,2026-06,SEC,0,0,0,0,0,0,0,0,0
osm:relation:11089541,Municipio Ezequiel Zamora,Monagas,2026-07,CON,0,0,0,0,0,0,0,0,0
osm:relation:11089541,Municipio Ezequiel Zamora,Monagas,2026-07,ELM,0,0,0,0,0,0,0,0,0
osm:relation:11089541,Municipio Ezequiel Zamora,Monagas,2026-07,EXT,0,0,0,0,0,0,0,0,0
osm:relation:11089541,Municipio Ezequiel Zamora,Monagas,2026-07,MAC,0,0,0,0,0,0,0,0,0
osm:relation:11089541,Municipio Ezequiel Zamora,Monagas,2026-07,OIL,0,0,0,0,0,0,0,0,0
osm:relation:11089541,Municipio Ezequiel Zamora,Monagas,2026-07,POL,0,0,0,0,0,0,0,0,0
osm:relation:11089541,Municipio Ezequiel Zamora,Monagas,2026-07,SAN,0,0,0,0,0,0,0,0,0
osm:relation:11089541,Municipio Ezequiel Zamora,Monagas,2026-07,SEC,0,0,0,0,0,0,0,0,0
osm:relation:11089541,Municipio Ezequiel Zamora,Monagas,2026-08,CON,1,1,0,0,0,0,0,0,1
osm:relation:11089541,Municipio Ezequiel Zamora,Monagas,2026-08,ELM,0,0,0,0,0,0,0,0,0
osm:relation:11089541,Municipio Ezequiel Zamora,Monagas,2026-08,EXT,0,0,0,0,0,0,0,0,0
osm:relation:11089541,Municipio Ezequiel Zamora,Monagas,2026-08,MAC,0,0,0,0,0,0,0,0,0
osm:relation:11089541,Municipio Ezequiel Zamora,Monagas,2026-08,OIL,0,0,0,0,0,0,0,0,0
osm:relation:11089541,Municipio Ezequiel Zamora,Monagas,2026-08,POL,0,0,0,0,0,0,0,0,0
osm:relation:11089541,Municipio Ezequiel Zamora,Monagas,2026-08,SAN,0,0,0,0,0,0,0,0,0
osm:relation:11089541,Municipio Ezequiel Zamora,Monagas,2026-08,SEC,0,0,0,0,0,0,0,0,0
osm:relation:11089541,Municipio Ezequiel Zamora,Monagas,2026-09,CON,0,0,0,0,0,0,0,0,0
osm:relation:11089541,Municipio Ezequiel Zamora,Monagas,2026-09,ELM,0,0,0,0,0,0,0,0,0
osm:relation:11089541,Municipio Ezequiel Zamora,Monagas,2026-09,EXT,0,0,0,0,0,0,0,0,0
osm:relation:11089541,Municipio Ezequiel Zamora,Monagas,2026-09,MAC,0,0,0,0,0,0,0,0,0
osm:relation:11089541,Municipio Ezequiel Zamora,Monagas,2026-09,OIL,0,0,0,0,0,0,0,0,0
osm:relation:11089541,Municipio Ezequiel Zamora,Monagas,2026-09,POL,0,0,0,0,0,0,0,0,0
osm:relation:11089541,Municipio Ezequiel Zamora,Monagas,2026-09,SAN,0,0,0,0,0,0,0,0,0
osm:relation:11089541,Municipio Ezequiel Zamora,Monagas,2026-09,SEC,0,0,0,0,0,0,0,0,0
osm:relation:11089542,Municipio Santa Bárbara,Monagas,2024-09,CON,0,0,0,0,0,0,0,0,0
osm:relation:11089542,Municipio Santa Bárbara,Monagas,2024-09,ELM,0,0,0,0,0,0,0,0,0
osm:relation:11089542,Municipio Santa Bárbara,Monagas,2024-09,EXT,0,0,0,0,0,0,0,0,0
osm:relation:11089542,Municipio Santa Bárbara,Monagas,2024-09,MAC,0,0,0,0,0,0,0,0,0
osm:relation:11089542,Municipio Santa Bárbara,Monagas,2024-09,OIL,0,0,0,0,0,0,0,0,0
osm:relation:11089542,Municipio Santa Bárbara,Monagas,2024-09,POL,0,0,0,0,0,0,0,0,0
osm:relation:11089542,Municipio Santa Bárbara,Monagas,2024-09,SAN,0,0,0,0,0,0,0,0,0
osm:relation:11089542,Municipio Santa Bárbara,Monagas,2024-09,SEC,0,0,0,0,0,0,0,0,0
osm:relation:11089542,Municipio Santa Bárbara,Monagas,2024-10,CON,0,0,0,0,0,0,0,0,0
osm:relation:11089542,Municipio Santa Bárbara,Monagas,2024-10,ELM,0,0,0,0,0,0,0,0,0
osm:relation:11089542,Municipio Santa Bárbara,Monagas,2024-10,EXT,0,0,0,0,0,0,0,0,0
osm:relation:11089542,Municipio Santa Bárbara,Monagas,2024-10,MAC,0,0,0,0,0,0,0,0,0
osm:relation:11089542,Municipio Santa Bárbara,Monagas,2024-10,OIL,0,0,0,0,0,0,0,0,0
osm:relation:11089542,Municipio Santa Bárbara,Monagas,2024-10,POL,0,0,0,0,0,0,0,0,0
osm:relation:11089542,Municipio Santa Bárbara,Monagas,2024-10,SAN,0,0,0,0,0,0,0,0,0
osm:relation:11089542,Municipio Santa Bárbara,Monagas,2024-10,SEC,0,0,0,0,0,0,0,0,0
osm:relation:11089542,Municipio Santa Bárbara,Monagas,2024-11,CON,0,0,0,0,0,0,0,0,0
osm:relation:11089542,Municipio Santa Bárbara,Monagas,2024-11,ELM,0,0,0,0,0,0,0,0,0
osm:relation:11089542,Municipio Santa Bárbara,Monagas,2024-11,EXT,0,0,0,0,0,0,0,0,0
osm:relation:11089542,Municipio Santa Bárbara,Monagas,2024-11,MAC,0,0,0,0,0,0,0,0,0
osm:relation:11089542,Municipio Santa Bárbara,Monagas,2024-11,OIL,0,0,0,0,0,0,0,0,0
osm:relation:11089542,Municipio Santa Bárbara,Monagas,2024-11,POL,0,0,0,0,0,0,0,0,0
osm:relation:11089542,Municipio Santa Bárbara,Monagas,2024-11,SAN,0,0,0,0,0,0,0,0,0
osm:relation:11089542,Municipio Santa Bárbara,Monagas,2024-11,SEC,0,0,0,0,0,0,0,0,0
osm:relation:11089542,Municipio Santa Bárbara,Monagas,2024-12,CON,0,0,0,0,0,0,0,0,0
osm:relation:11089542,Municipio Santa Bárbara,Monagas,2024-12,ELM,0,0,0,0,0,0,0,0,0
osm:relation:11089542,Municipio Santa Bárbara,Monagas,2024-12,EXT,0,0,0,0,0,0,0,0,0
osm:relation:11089542,Municipio Santa Bárbara,Monagas,2024-12,MAC,0,0,0,0,0,0,0,0,0
osm:relation:11089542,Municipio Santa Bárbara,Monagas,2024-12,OIL,0,0,0,0,0,0,0,0,0
osm:relation:11089542,Municipio Santa Bárbara,Monagas,2024-12,POL,0,0,0,0,0,0,0,0,0
osm:relation:11089542,Municipio Santa Bárbara,Monagas,2024-12,SAN,0,0,0,0,0,0,0,0,0
osm:relation:11089542,Municipio Santa Bárbara,Monagas,2024-12,SEC,0,0,0,0,0,0,0,0,0
osm:relation:11089542,Municipio Santa Bárbara,Monagas,2025-01,CON,0,0,0,0,0,0,0,0,0
osm:relation:11089542,Municipio Santa Bárbara,Monagas,2025-01,ELM,0,0,0,0,0,0,0,0,0
osm:relation:11089542,Municipio Santa Bárbara,Monagas,2025-01,EXT,0,0,0,0,0,0,0,0,0
osm:relation:11089542,Municipio Santa Bárbara,Monagas,2025-01,MAC,0,0,0,0,0,0,0,0,0
osm:relation:11089542,Municipio Santa Bárbara,Monagas,2025-01,OIL,0,0,0,0,0,0,0,0,0
osm:relation:11089542,Municipio Santa Bárbara,Monagas,2025-01,POL,0,0,0,0,0,0,0,0,0
osm:relation:11089542,Municipio Santa Bárbara,Monagas,2025-01,SAN,0,0,0,0,0,0,0,0,0
osm:relation:11089542,Municipio Santa Bárbara,Monagas,2025-01,SEC,0,0,0,0,0,0,0,0,0
osm:relation:11089542,Municipio Santa Bárbara,Monagas,2025-02,CON,0,0,0,0,0,0,0,0,0
osm:relation:11089542,Municipio Santa Bárbara,Monagas,2025-02,ELM,0,0,0,0,0,0,0,0,0
osm:relation:11089542,Municipio Santa Bárbara,Monagas,2025-02,EXT,0,0,0,0,0,0,0,0,0
osm:relation:11089542,Municipio Santa Bárbara,Monagas,2025-02,MAC,0,0,0,0,0,0,0,0,0
osm:relation:11089542,Municipio Santa Bárbara,Monagas,2025-02,OIL,0,0,0,0,0,0,0,0,0
osm:relation:11089542,Municipio Santa Bárbara,Monagas,2025-02,POL,0,0,0,0,0,0,0,0,0
osm:relation:11089542,Municipio Santa Bárbara,Monagas,2025-02,SAN,0,0,0,0,0,0,0,0,0
osm:relation:11089542,Municipio Santa Bárbara,Monagas,2025-02,SEC,0,0,0,0,0,0,0,0,0
osm:relation:11089542,Municipio Santa Bárbara,Monagas,2025-03,CON,0,0,0,0,0,0,0,0,0
osm:relation:11089542,Municipio Santa Bárbara,Monagas,2025-03,ELM,0,0,0,0,0,0,0,0,0
osm:relation:11089542,Municipio Santa Bárbara,Monagas,2025-03,EXT,0,0,0,0,0,0,0,0,0
osm:relation:11089542,Municipio Santa Bárbara,Monagas,2025-03,MAC,0,0,0,0,0,0,0,0,0
osm:relation:11089542,Municipio Santa Bárbara,Monagas,2025-03,OIL,0,0,0,0,0,0,0,0,0
osm:relation:11089542,Municipio Santa Bárbara,Monagas,2025-03,POL,0,0,0,0,0,0,0,0,0
osm:relation:11089542,Municipio Santa Bárbara,Monagas,2025-03,SAN,0,0,0,0,0,0,0,0,0
osm:relation:11089542,Municipio Santa Bárbara,Monagas,2025-03,SEC,0,0,0,0,0,0,0,0,0
osm:relation:11089542,Municipio Santa Bárbara,Monagas,2025-04,CON,0,0,0,0,0,0,0,0,0
osm:relation:11089542,Municipio Santa Bárbara,Monagas,2025-04,ELM,0,0,0,0,0,0,0,0,0
osm:relation:11089542,Municipio Santa Bárbara,Monagas,2025-04,EXT,0,0,0,0,0,0,0,0,0
osm:relation:11089542,Municipio Santa Bárbara,Monagas,2025-04,MAC,0,0,0,0,0,0,0,0,0
osm:relation:11089542,Municipio Santa Bárbara,Monagas,2025-04,OIL,0,0,0,0,0,0,0,0,0
osm:relation:11089542,Municipio Santa Bárbara,Monagas,2025-04,POL,0,0,0,0,0,0,0,0,0
osm:relation:11089542,Municipio Santa Bárbara,Monagas,2025-04,SAN,0,0,0,0,0,0,0,0,0
osm:relation:11089542,Municipio Santa Bárbara,Monagas,2025-04,SEC,0,0,0,0,0,0,0,0,0
osm:relation:11089542,Municipio Santa Bárbara,Monagas,2025-05,CON,0,0,0,0,0,0,0,0,0
osm:relation:11089542,Municipio Santa Bárbara,Monagas,2025-05,ELM,0,0,0,0,0,0,0,0,0
osm:relation:11089542,Municipio Santa Bárbara,Monagas,2025-05,EXT,0,0,0,0,0,0,0,0,0
osm:relation:11089542,Municipio Santa Bárbara,Monagas,2025-05,MAC,0,0,0,0,0,0,0,0,0
osm:relation:11089542,Municipio Santa Bárbara,Monagas,2025-05,OIL,0,0,0,0,0,0,0,0,0
osm:relation:11089542,Municipio Santa Bárbara,Monagas,2025-05,POL,0,0,0,0,0,0,0,0,0
osm:relation:11089542,Municipio Santa Bárbara,Monagas,2025-05,SAN,0,0,0,0,0,0,0,0,0
osm:relation:11089542,Municipio Santa Bárbara,Monagas,2025-05,SEC,0,0,0,0,0,0,0,0,0
osm:relation:11089542,Municipio Santa Bárbara,Monagas,2025-06,CON,0,0,0,0,0,0,0,0,0
osm:relation:11089542,Municipio Santa Bárbara,Monagas,2025-06,ELM,0,0,0,0,0,0,0,0,0
osm:relation:11089542,Municipio Santa Bárbara,Monagas,2025-06,EXT,0,0,0,0,0,0,0,0,0
osm:relation:11089542,Municipio Santa Bárbara,Monagas,2025-06,MAC,0,0,0,0,0,0,0,0,0
osm:relation:11089542,Municipio Santa Bárbara,Monagas,2025-06,OIL,0,0,0,0,0,0,0,0,0
osm:relation:11089542,Municipio Santa Bárbara,Monagas,2025-06,POL,0,0,0,0,0,0,0,0,0
osm:relation:11089542,Municipio Santa Bárbara,Monagas,2025-06,SAN,0,0,0,0,0,0,0,0,0
osm:relation:11089542,Municipio Santa Bárbara,Monagas,2025-06,SEC,0,0,0,0,0,0,0,0,0
osm:relation:11089542,Municipio Santa Bárbara,Monagas,2025-07,CON,0,0,0,0,0,0,0,0,0
osm:relation:11089542,Municipio Santa Bárbara,Monagas,2025-07,ELM,0,0,0,0,0,0,0,0,0
osm:relation:11089542,Municipio Santa Bárbara,Monagas,2025-07,EXT,0,0,0,0,0,0,0,0,0
osm:relation:11089542,Municipio Santa Bárbara,Monagas,2025-07,MAC,0,0,0,0,0,0,0,0,0
osm:relation:11089542,Municipio Santa Bárbara,Monagas,2025-07,OIL,0,0,0,0,0,0,0,0,0
osm:relation:11089542,Municipio Santa Bárbara,Monagas,2025-07,POL,1,1,0,0,0,0,0,0,1
osm:relation:11089542,Municipio Santa Bárbara,Monagas,2025-07,SAN,0,0,0,0,0,0,0,0,0
osm:relation:11089542,Municipio Santa Bárbara,Monagas,2025-07,SEC,0,0,0,0,0,0,0,0,0
osm:relation:11089542,Municipio Santa Bárbara,Monagas,2025-08,CON,0,0,0,0,0,0,0,0,0
osm:relation:11089542,Municipio Santa Bárbara,Monagas,2025-08,ELM,0,0,0,0,0,0,0,0,0
osm:relation:11089542,Municipio Santa Bárbara,Monagas,2025-08,EXT,0,0,0,0,0,0,0,0,0
osm:relation:11089542,Municipio Santa Bárbara,Monagas,2025-08,MAC,0,0,0,0,0,0,0,0,0
osm:relation:11089542,Municipio Santa Bárbara,Monagas,2025-08,OIL,0,0,0,0,0,0,0,0,0
osm:relation:11089542,Municipio Santa Bárbara,Monagas,2025-08,POL,1,1,0,0,0,0,0,0,1
osm:relation:11089542,Municipio Santa Bárbara,Monagas,2025-08,SAN,0,0,0,0,0,0,0,0,0
osm:relation:11089542,Municipio Santa Bárbara,Monagas,2025-08,SEC,0,0,0,0,0,0,0,0,0
osm:relation:11089542,Municipio Santa Bárbara,Monagas,2025-09,CON,0,0,0,0,0,0,0,0,0
osm:relation:11089542,Municipio Santa Bárbara,Monagas,2025-09,ELM,0,0,0,0,0,0,0,0,0
osm:relation:11089542,Municipio Santa Bárbara,Monagas,2025-09,EXT,0,0,0,0,0,0,0,0,0
osm:relation:11089542,Municipio Santa Bárbara,Monagas,2025-09,MAC,0,0,0,0,0,0,0,0,0
osm:relation:11089542,Municipio Santa Bárbara,Monagas,2025-09,OIL,0,0,0,0,0,0,0,0,0
osm:relation:11089542,Municipio Santa Bárbara,Monagas,2025-09,POL,0,0,0,0,0,0,0,0,0
osm:relation:11089542,Municipio Santa Bárbara,Monagas,2025-09,SAN,0,0,0,0,0,0,0,0,0
osm:relation:11089542,Municipio Santa Bárbara,Monagas,2025-09,SEC,0,0,0,0,0,0,0,0,0
osm:relation:11089542,Municipio Santa Bárbara,Monagas,2025-10,CON,0,0,0,0,0,0,0,0,0
osm:relation:11089542,Municipio Santa Bárbara,Monagas,2025-10,ELM,0,0,0,0,0,0,0,0,0
osm:relation:11089542,Municipio Santa Bárbara,Monagas,2025-10,EXT,0,0,0,0,0,0,0,0,0
osm:relation:11089542,Municipio Santa Bárbara,Monagas,2025-10,MAC,0,0,0,0,0,0,0,0,0
osm:relation:11089542,Municipio Santa Bárbara,Monagas,2025-10,OIL,0,0,0,0,0,0,0,0,0
osm:relation:11089542,Municipio Santa Bárbara,Monagas,2025-10,POL,0,0,0,0,0,0,0,0,0
osm:relation:11089542,Municipio Santa Bárbara,Monagas,2025-10,SAN,0,0,0,0,0,0,0,0,0
osm:relation:11089542,Municipio Santa Bárbara,Monagas,2025-10,SEC,0,0,0,0,0,0,0,0,0
osm:relation:11089542,Municipio Santa Bárbara,Monagas,2025-11,CON,0,0,0,0,0,0,0,0,0
osm:relation:11089542,Municipio Santa Bárbara,Monagas,2025-11,ELM,0,0,0,0,0,0,0,0,0
osm:relation:11089542,Municipio Santa Bárbara,Monagas,2025-11,EXT,0,0,0,0,0,0,0,0,0
osm:relation:11089542,Municipio Santa Bárbara,Monagas,2025-11,MAC,0,0,0,0,0,0,0,0,0
osm:relation:11089542,Municipio Santa Bárbara,Monagas,2025-11,OIL,0,0,0,0,0,0,0,0,0
osm:relation:11089542,Municipio Santa Bárbara,Monagas,2025-11,POL,0,0,0,0,0,0,0,0,0
osm:relation:11089542,Municipio Santa Bárbara,Monagas,2025-11,SAN,0,0,0,0,0,0,0,0,0
osm:relation:11089542,Municipio Santa Bárbara,Monagas,2025-11,SEC,0,0,0,0,0,0,0,0,0
osm:relation:11089542,Municipio Santa Bárbara,Monagas,2025-12,CON,0,0,0,0,0,0,0,0,0
osm:relation:11089542,Municipio Santa Bárbara,Monagas,2025-12,ELM,0,0,0,0,0,0,0,0,0
osm:relation:11089542,Municipio Santa Bárbara,Monagas,2025-12,EXT,0,0,0,0,0,0,0,0,0
osm:relation:11089542,Municipio Santa Bárbara,Monagas,2025-12,MAC,0,0,0,0,0,0,0,0,0
osm:relation:11089542,Municipio Santa Bárbara,Monagas,2025-12,OIL,0,0,0,0,0,0,0,0,0
osm:relation:11089542,Municipio Santa Bárbara,Monagas,2025-12,POL,0,0,0,0,0,0,0,0,0
osm:relation:11089542,Municipio Santa Bárbara,Monagas,2025-12,SAN,0,0,0,0,0,0,0,0,0
osm:relation:11089542,Municipio Santa Bárbara,Monagas,2025-12,SEC,0,0,0,0,0,0,0,0,0
osm:relation:11089542,Municipio Santa Bárbara,Monagas,2026-01,CON,0,0,0,0,0,0,0,0,0
osm:relation:11089542,Municipio Santa Bárbara,Monagas,2026-01,ELM,0,0,0,0,0,0,0,0,0
osm:relation:11089542,Municipio Santa Bárbara,Monagas,2026-01,EXT,0,0,0,0,0,0,0,0,0
osm:relation:11089542,Municipio Santa Bárbara,Monagas,2026-01,MAC,0,0,0,0,0,0,0,0,0
osm:relation:11089542,Municipio Santa Bárbara,Monagas,2026-01,OIL,0,0,0,0,0,0,0,0,0
osm:relation:11089542,Municipio Santa Bárbara,Monagas,2026-01,POL,0,0,0,0,0,0,0,0,0
osm:relation:11089542,Municipio Santa Bárbara,Monagas,2026-01,SAN,0,0,0,0,0,0,0,0,0
osm:relation:11089542,Municipio Santa Bárbara,Monagas,2026-01,SEC,0,0,0,0,0,0,0,0,0
osm:relation:11089542,Municipio Santa Bárbara,Monagas,2026-02,CON,0,0,0,0,0,0,0,0,0
osm:relation:11089542,Municipio Santa Bárbara,Monagas,2026-02,ELM,0,0,0,0,0,0,0,0,0
osm:relation:11089542,Municipio Santa Bárbara,Monagas,2026-02,EXT,0,0,0,0,0,0,0,0,0
osm:relation:11089542,Municipio Santa Bárbara,Monagas,2026-02,MAC,0,0,0,0,0,0,0,0,0
osm:relation:11089542,Municipio Santa Bárbara,Monagas,2026-02,OIL,0,0,0,0,0,0,0,0,0
osm:relation:11089542,Municipio Santa Bárbara,Monagas,2026-02,POL,0,0,0,0,0,0,0,0,0
osm:relation:11089542,Municipio Santa Bárbara,Monagas,2026-02,SAN,0,0,0,0,0,0,0,0,0
osm:relation:11089542,Municipio Santa Bárbara,Monagas,2026-02,SEC,0,0,0,0,0,0,0,0,0
osm:relation:11089542,Municipio Santa Bárbara,Monagas,2026-03,CON,0,0,0,0,0,0,0,0,0
osm:relation:11089542,Municipio Santa Bárbara,Monagas,2026-03,ELM,0,0,0,0,0,0,0,0,0
osm:relation:11089542,Municipio Santa Bárbara,Monagas,2026-03,EXT,0,0,0,0,0,0,0,0,0
osm:relation:11089542,Municipio Santa Bárbara,Monagas,2026-03,MAC,0,0,0,0,0,0,0,0,0
osm:relation:11089542,Municipio Santa Bárbara,Monagas,2026-03,OIL,0,0,0,0,0,0,0,0,0
osm:relation:11089542,Municipio Santa Bárbara,Monagas,2026-03,POL,0,0,0,0,0,0,0,0,0
osm:relation:11089542,Municipio Santa Bárbara,Monagas,2026-03,SAN,0,0,0,0,0,0,0,0,0
osm:relation:11089542,Municipio Santa Bárbara,Monagas,2026-03,SEC,0,0,0,0,0,0,0,0,0
osm:relation:11089542,Municipio Santa Bárbara,Monagas,2026-04,CON,0,0,0,0,0,0,0,0,0
osm:relation:11089542,Municipio Santa Bárbara,Monagas,2026-04,ELM,0,0,0,0,0,0,0,0,0
osm:relation:11089542,Municipio Santa Bárbara,Monagas,2026-04,EXT,0,0,0,0,0,0,0,0,0
osm:relation:11089542,Municipio Santa Bárbara,Monagas,2026-04,MAC,0,0,0,0,0,0,0,0,0
osm:relation:11089542,Municipio Santa Bárbara,Monagas,2026-04,OIL,0,0,0,0,0,0,0,0,0
osm:relation:11089542,Municipio Santa Bárbara,Monagas,2026-04,POL,0,0,0,0,0,0,0,0,0
osm:relation:11089542,Municipio Santa Bárbara,Monagas,2026-04,SAN,0,0,0,0,0,0,0,0,0
osm:relation:11089542,Municipio Santa Bárbara,Monagas,2026-04,SEC,0,0,0,0,0,0,0,0,0
osm:relation:11089542,Municipio Santa Bárbara,Monagas,2026-05,CON,0,0,0,0,0,0,0,0,0
osm:relation:11089542,Municipio Santa Bárbara,Monagas,2026-05,ELM,0,0,0,0,0,0,0,0,0
osm:relation:11089542,Municipio Santa Bárbara,Monagas,2026-05,EXT,0,0,0,0,0,0,0,0,0
osm:relation:11089542,Municipio Santa Bárbara,Monagas,2026-05,MAC,0,0,0,0,0,0,0,0,0
osm:relation:11089542,Municipio Santa Bárbara,Monagas,2026-05,OIL,0,0,0,0,0,0,0,0,0
osm:relation:11089542,Municipio Santa Bárbara,Monagas,2026-05,POL,0,0,0,0,0,0,0,0,0
osm:relation:11089542,Municipio Santa Bárbara,Monagas,2026-05,SAN,0,0,0,0,0,0,0,0,0
osm:relation:11089542,Municipio Santa Bárbara,Monagas,2026-05,SEC,0,0,0,0,0,0,0,0,0
osm:relation:11089542,Municipio Santa Bárbara,Monagas,2026-06,CON,0,0,0,0,0,0,0,0,0
osm:relation:11089542,Municipio Santa Bárbara,Monagas,2026-06,ELM,0,0,0,0,0,0,0,0,0
osm:relation:11089542,Municipio Santa Bárbara,Monagas,2026-06,EXT,0,0,0,0,0,0,0,0,0
osm:relation:11089542,Municipio Santa Bárbara,Monagas,2026-06,MAC,0,0,0,0,0,0,0,0,0
osm:relation:11089542,Municipio Santa Bárbara,Monagas,2026-06,OIL,0,0,0,0,0,0,0,0,0
osm:relation:11089542,Municipio Santa Bárbara,Monagas,2026-06,POL,0,0,0,0,0,0,0,0,0
osm:relation:11089542,Municipio Santa Bárbara,Monagas,2026-06,SAN,0,0,0,0,0,0,0,0,0
osm:relation:11089542,Municipio Santa Bárbara,Monagas,2026-06,SEC,0,0,0,0,0,0,0,0,0
osm:relation:11089542,Municipio Santa Bárbara,Monagas,2026-07,CON,0,0,0,0,0,0,0,0,0
osm:relation:11089542,Municipio Santa Bárbara,Monagas,2026-07,ELM,0,0,0,0,0,0,0,0,0
osm:relation:11089542,Municipio Santa Bárbara,Monagas,2026-07,EXT,0,0,0,0,0,0,0,0,0
osm:relation:11089542,Municipio Santa Bárbara,Monagas,2026-07,MAC,0,0,0,0,0,0,0,0,0
osm:relation:11089542,Municipio Santa Bárbara,Monagas,2026-07,OIL,0,0,0,0,0,0,0,0,0
osm:relation:11089542,Municipio Santa Bárbara,Monagas,2026-07,POL,0,0,0,0,0,0,0,0,0
osm:relation:11089542,Municipio Santa Bárbara,Monagas,2026-07,SAN,0,0,0,0,0,0,0,0,0
osm:relation:11089542,Municipio Santa Bárbara,Monagas,2026-07,SEC,0,0,0,0,0,0,0,0,0
osm:relation:11089542,Municipio Santa Bárbara,Monagas,2026-08,CON,0,0,0,0,0,0,0,0,0
osm:relation:11089542,Municipio Santa Bárbara,Monagas,2026-08,ELM,0,0,0,0,0,0,0,0,0
osm:relation:11089542,Municipio Santa Bárbara,Monagas,2026-08,EXT,0,0,0,0,0,0,0,0,0
osm:relation:11089542,Municipio Santa Bárbara,Monagas,2026-08,MAC,0,0,0,0,0,0,0,0,0
osm:relation:11089542,Municipio Santa Bárbara,Monagas,2026-08,OIL,0,0,0,0,0,0,0,0,0
osm:relation:11089542,Municipio Santa Bárbara,Monagas,2026-08,POL,0,0,0,0,0,0,0,0,0
osm:relation:11089542,Municipio Santa Bárbara,Monagas,2026-08,SAN,0,0,0,0,0,0,0,0,0
osm:relation:11089542,Municipio Santa Bárbara,Monagas,2026-08,SEC,0,0,0,0,0,0,0,0,0
osm:relation:11089542,Municipio Santa Bárbara,Monagas,2026-09,CON,0,0,0,0,0,0,0,0,0
osm:relation:11089542,Municipio Santa Bárbara,Monagas,2026-09,ELM,0,0,0,0,0,0,0,0,0
osm:relation:11089542,Municipio Santa Bárbara,Monagas,2026-09,EXT,0,0,0,0,0,0,0,0,0
osm:relation:11089542,Municipio Santa Bárbara,Monagas,2026-09,MAC,0,0,0,0,0,0,0,0,0
osm:relation:11089542,Municipio Santa Bárbara,Monagas,2026-09,OIL,0,0,0,0,0,0,0,0,0
osm:relation:11089542,Municipio Santa Bárbara,Monagas,2026-09,POL,0,0,0,0,0,0,0,0,0
osm:relation:11089542,Municipio Santa Bárbara,Monagas,2026-09,SAN,0,0,0,0,0,0,0,0,0
osm:relation:11089542,Municipio Santa Bárbara,Monagas,2026-09,SEC,0,0,0,0,0,0,0,0,0
osm:relation:11089543,Municipio Aguasay,Monagas,2024-09,CON,0,0,0,0,0,0,0,0,0
osm:relation:11089543,Municipio Aguasay,Monagas,2024-09,ELM,0,0,0,0,0,0,0,0,0
osm:relation:11089543,Municipio Aguasay,Monagas,2024-09,EXT,0,0,0,0,0,0,0,0,0
osm:relation:11089543,Municipio Aguasay,Monagas,2024-09,MAC,0,0,0,0,0,0,0,0,0
osm:relation:11089543,Municipio Aguasay,Monagas,2024-09,OIL,0,0,0,0,0,0,0,0,0
osm:relation:11089543,Municipio Aguasay,Monagas,2024-09,POL,0,0,0,0,0,0,0,0,0
osm:relation:11089543,Municipio Aguasay,Monagas,2024-09,SAN,0,0,0,0,0,0,0,0,0
osm:relation:11089543,Municipio Aguasay,Monagas,2024-09,SEC,0,0,0,0,0,0,0,0,0
osm:relation:11089543,Municipio Aguasay,Monagas,2024-10,CON,0,0,0,0,0,0,0,0,0
osm:relation:11089543,Municipio Aguasay,Monagas,2024-10,ELM,0,0,0,0,0,0,0,0,0
osm:relation:11089543,Municipio Aguasay,Monagas,2024-10,EXT,0,0,0,0,0,0,0,0,0
osm:relation:11089543,Municipio Aguasay,Monagas,2024-10,MAC,0,0,0,0,0,0,0,0,0
osm:relation:11089543,Municipio Aguasay,Monagas,2024-10,OIL,0,0,0,0,0,0,0,0,0
osm:relation:11089543,Municipio Aguasay,Monagas,2024-10,POL,0,0,0,0,0,0,0,0,0
osm:relation:11089543,Municipio Aguasay,Monagas,2024-10,SAN,0,0,0,0,0,0,0,0,0
osm:relation:11089543,Municipio Aguasay,Monagas,2024-10,SEC,0,0,0,0,0,0,0,0,0
osm:relation:11089543,Municipio Aguasay,Monagas,2024-11,CON,0,0,0,0,0,0,0,0,0
osm:relation:11089543,Municipio Aguasay,Monagas,2024-11,ELM,0,0,0,0,0,0,0,0,0
osm:relation:11089543,Municipio Aguasay,Monagas,2024-11,EXT,0,0,0,0,0,0,0,0,0
osm:relation:11089543,Municipio Aguasay,Monagas,2024-11,MAC,0,0,0,0,0,0,0,0,0
osm:relation:11089543,Municipio Aguasay,Monagas,2024-11,OIL,0,0,0,0,0,0,0,0,0
osm:relation:11089543,Municipio Aguasay,Monagas,2024-11,POL,0,0,0,0,0,0,0,0,0
osm:relation:11089543,Municipio Aguasay,Monagas,2024-11,SAN,0,0,0,0,0,0,0,0,0
osm:relation:11089543,Municipio Aguasay,Monagas,2024-11,SEC,0,0,0,0,0,0,0,0,0
osm:relation:11089543,Municipio Aguasay,Monagas,2024-12,CON,0,0,0,0,0,0,0,0,0
osm:relation:11089543,Municipio Aguasay,Monagas,2024-12,ELM,0,0,0,0,0,0,0,0,0
osm:relation:11089543,Municipio Aguasay,Monagas,2024-12,EXT,0,0,0,0,0,0,0,0,0
osm:relation:11089543,Municipio Aguasay,Monagas,2024-12,MAC,0,0,0,0,0,0,0,0,0
osm:relation:11089543,Municipio Aguasay,Monagas,2024-12,OIL,0,0,0,0,0,0,0,0,0
osm:relation:11089543,Municipio Aguasay,Monagas,2024-12,POL,0,0,0,0,0,0,0,0,0
osm:relation:11089543,Municipio Aguasay,Monagas,2024-12,SAN,0,0,0,0,0,0,0,0,0
osm:relation:11089543,Municipio Aguasay,Monagas,2024-12,SEC,0,0,0,0,0,0,0,0,0
osm:relation:11089543,Municipio Aguasay,Monagas,2025-01,CON,0,0,0,0,0,0,0,0,0
osm:relation:11089543,Municipio Aguasay,Monagas,2025-01,ELM,0,0,0,0,0,0,0,0,0
osm:relation:11089543,Municipio Aguasay,Monagas,2025-01,EXT,0,0,0,0,0,0,0,0,0
osm:relation:11089543,Municipio Aguasay,Monagas,2025-01,MAC,0,0,0,0,0,0,0,0,0
osm:relation:11089543,Municipio Aguasay,Monagas,2025-01,OIL,0,0,0,0,0,0,0,0,0
osm:relation:11089543,Municipio Aguasay,Monagas,2025-01,POL,0,0,0,0,0,0,0,0,0
osm:relation:11089543,Municipio Aguasay,Monagas,2025-01,SAN,0,0,0,0,0,0,0,0,0
osm:relation:11089543,Municipio Aguasay,Monagas,2025-01,SEC,0,0,0,0,0,0,0,0,0
osm:relation:11089543,Municipio Aguasay,Monagas,2025-02,CON,0,0,0,0,0,0,0,0,0
osm:relation:11089543,Municipio Aguasay,Monagas,2025-02,ELM,0,0,0,0,0,0,0,0,0
osm:relation:11089543,Municipio Aguasay,Monagas,2025-02,EXT,0,0,0,0,0,0,0,0,0
osm:relation:11089543,Municipio Aguasay,Monagas,2025-02,MAC,0,0,0,0,0,0,0,0,0
osm:relation:11089543,Municipio Aguasay,Monagas,2025-02,OIL,0,0,0,0,0,0,0,0,0
osm:relation:11089543,Municipio Aguasay,Monagas,2025-02,POL,0,0,0,0,0,0,0,0,0
osm:relation:11089543,Municipio Aguasay,Monagas,2025-02,SAN,0,0,0,0,0,0,0,0,0
osm:relation:11089543,Municipio Aguasay,Monagas,2025-02,SEC,0,0,0,0,0,0,0,0,0
osm:relation:11089543,Municipio Aguasay,Monagas,2025-03,CON,0,0,0,0,0,0,0,0,0
osm:relation:11089543,Municipio Aguasay,Monagas,2025-03,ELM,0,0,0,0,0,0,0,0,0
osm:relation:11089543,Municipio Aguasay,Monagas,2025-03,EXT,0,0,0,0,0,0,0,0,0
osm:relation:11089543,Municipio Aguasay,Monagas,2025-03,MAC,0,0,0,0,0,0,0,0,0
osm:relation:11089543,Municipio Aguasay,Monagas,2025-03,OIL,0,0,0,0,0,0,0,0,0
osm:relation:11089543,Municipio Aguasay,Monagas,2025-03,POL,0,0,0,0,0,0,0,0,0
osm:relation:11089543,Municipio Aguasay,Monagas,2025-03,SAN,0,0,0,0,0,0,0,0,0
osm:relation:11089543,Municipio Aguasay,Monagas,2025-03,SEC,0,0,0,0,0,0,0,0,0
osm:relation:11089543,Municipio Aguasay,Monagas,2025-04,CON,0,0,0,0,0,0,0,0,0
osm:relation:11089543,Municipio Aguasay,Monagas,2025-04,ELM,0,0,0,0,0,0,0,0,0
osm:relation:11089543,Municipio Aguasay,Monagas,2025-04,EXT,0,0,0,0,0,0,0,0,0
osm:relation:11089543,Municipio Aguasay,Monagas,2025-04,MAC,0,0,0,0,0,0,0,0,0
osm:relation:11089543,Municipio Aguasay,Monagas,2025-04,OIL,0,0,0,0,0,0,0,0,0
osm:relation:11089543,Municipio Aguasay,Monagas,2025-04,POL,0,0,0,0,0,0,0,0,0
osm:relation:11089543,Municipio Aguasay,Monagas,2025-04,SAN,0,0,0,0,0,0,0,0,0
osm:relation:11089543,Municipio Aguasay,Monagas,2025-04,SEC,0,0,0,0,0,0,0,0,0
osm:relation:11089543,Municipio Aguasay,Monagas,2025-05,CON,0,0,0,0,0,0,0,0,0
osm:relation:11089543,Municipio Aguasay,Monagas,2025-05,ELM,0,0,0,0,0,0,0,0,0
osm:relation:11089543,Municipio Aguasay,Monagas,2025-05,EXT,0,0,0,0,0,0,0,0,0
osm:relation:11089543,Municipio Aguasay,Monagas,2025-05,MAC,0,0,0,0,0,0,0,0,0
osm:relation:11089543,Municipio Aguasay,Monagas,2025-05,OIL,0,0,0,0,0,0,0,0,0
osm:relation:11089543,Municipio Aguasay,Monagas,2025-05,POL,0,0,0,0,0,0,0,0,0
osm:relation:11089543,Municipio Aguasay,Monagas,2025-05,SAN,0,0,0,0,0,0,0,0,0
osm:relation:11089543,Municipio Aguasay,Monagas,2025-05,SEC,0,0,0,0,0,0,0,0,0
osm:relation:11089543,Municipio Aguasay,Monagas,2025-06,CON,0,0,0,0,0,0,0,0,0
osm:relation:11089543,Municipio Aguasay,Monagas,2025-06,ELM,0,0,0,0,0,0,0,0,0
osm:relation:11089543,Municipio Aguasay,Monagas,2025-06,EXT,0,0,0,0,0,0,0,0,0
osm:relation:11089543,Municipio Aguasay,Monagas,2025-06,MAC,0,0,0,0,0,0,0,0,0
osm:relation:11089543,Municipio Aguasay,Monagas,2025-06,OIL,0,0,0,0,0,0,0,0,0
osm:relation:11089543,Municipio Aguasay,Monagas,2025-06,POL,0,0,0,0,0,0,0,0,0
osm:relation:11089543,Municipio Aguasay,Monagas,2025-06,SAN,0,0,0,0,0,0,0,0,0
osm:relation:11089543,Municipio Aguasay,Monagas,2025-06,SEC,0,0,0,0,0,0,0,0,0
osm:relation:11089543,Municipio Aguasay,Monagas,2025-07,CON,0,0,0,0,0,0,0,0,0
osm:relation:11089543,Municipio Aguasay,Monagas,2025-07,ELM,0,0,0,0,0,0,0,0,0
osm:relation:11089543,Municipio Aguasay,Monagas,2025-07,EXT,0,0,0,0,0,0,0,0,0
osm:relation:11089543,Municipio Aguasay,Monagas,2025-07,MAC,0,0,0,0,0,0,0,0,0
osm:relation:11089543,Municipio Aguasay,Monagas,2025-07,OIL,0,0,0,0,0,0,0,0,0
osm:relation:11089543,Municipio Aguasay,Monagas,2025-07,POL,0,0,0,0,0,0,0,0,0
osm:relation:11089543,Municipio Aguasay,Monagas,2025-07,SAN,0,0,0,0,0,0,0,0,0
osm:relation:11089543,Municipio Aguasay,Monagas,2025-07,SEC,0,0,0,0,0,0,0,0,0
osm:relation:11089543,Municipio Aguasay,Monagas,2025-08,CON,0,0,0,0,0,0,0,0,0
osm:relation:11089543,Municipio Aguasay,Monagas,2025-08,ELM,0,0,0,0,0,0,0,0,0
osm:relation:11089543,Municipio Aguasay,Monagas,2025-08,EXT,0,0,0,0,0,0,0,0,0
osm:relation:11089543,Municipio Aguasay,Monagas,2025-08,MAC,0,0,0,0,0,0,0,0,0
osm:relation:11089543,Municipio Aguasay,Monagas,2025-08,OIL,0,0,0,0,0,0,0,0,0
osm:relation:11089543,Municipio Aguasay,Monagas,2025-08,POL,1,1,0,0,0,0,0,0,1
osm:relation:11089543,Municipio Aguasay,Monagas,2025-08,SAN,0,0,0,0,0,0,0,0,0
osm:relation:11089543,Municipio Aguasay,Monagas,2025-08,SEC,0,0,0,0,0,0,0,0,0
osm:relation:11089543,Municipio Aguasay,Monagas,2025-09,CON,0,0,0,0,0,0,0,0,0
osm:relation:11089543,Municipio Aguasay,Monagas,2025-09,ELM,2,2,0,0,0,0,0,0,2
osm:relation:11089543,Municipio Aguasay,Monagas,2025-09,EXT,0,0,0,0,0,0,0,0,0
osm:relation:11089543,Municipio Aguasay,Monagas,2025-09,MAC,0,0,0,0,0,0,0,0,0
osm:relation:11089543,Municipio Aguasay,Monagas,2025-09,OIL,0,0,0,0,0,0,0,0,0
osm:relation:11089543,Municipio Aguasay,Monagas,2025-09,POL,0,0,0,0,0,0,0,0,0
osm:relation:11089543,Municipio Aguasay,Monagas,2025-09,SAN,0,0,0,0,0,0,0,0,0
osm:relation:11089543,Municipio Aguasay,Monagas,2025-09,SEC,0,0,0,0,0,0,0,0,0
osm:relation:11089543,Municipio Aguasay,Monagas,2025-10,CON,0,0,0,0,0,0,0,0,0
osm:relation:11089543,Municipio Aguasay,Monagas,2025-10,ELM,0,0,0,0,0,0,0,0,0
osm:relation:11089543,Municipio Aguasay,Monagas,2025-10,EXT,0,0,0,0,0,0,0,0,0
osm:relation:11089543,Municipio Aguasay,Monagas,2025-10,MAC,0,0,0,0,0,0,0,0,0
osm:relation:11089543,Municipio Aguasay,Monagas,2025-10,OIL,0,0,0,0,0,0,0,0,0
osm:relation:11089543,Municipio Aguasay,Monagas,2025-10,POL,0,0,0,0,0,0,0,0,0
osm:relation:11089543,Municipio Aguasay,Monagas,2025-10,SAN,0,0,0,0,0,0,0,0,0
osm:relation:11089543,Municipio Aguasay,Monagas,2025-10,SEC,0,0,0,0,0,0,0,0,0
osm:relation:11089543,Municipio Aguasay,Monagas,2025-11,CON,0,0,0,0,0,0,0,0,0
osm:relation:11089543,Municipio Aguasay,Monagas,2025-11,ELM,0,0,0,0,0,0,0,0,0
osm:relation:11089543,Municipio Aguasay,Monagas,2025-11,EXT,0,0,0,0,0,0,0,0,0
osm:relation:11089543,Municipio Aguasay,Monagas,2025-11,MAC,0,0,0,0,0,0,0,0,0
osm:relation:11089543,Municipio Aguasay,Monagas,2025-11,OIL,0,0,0,0,0,0,0,0,0
osm:relation:11089543,Municipio Aguasay,Monagas,2025-11,POL,0,0,0,0,0,0,0,0,0
osm:relation:11089543,Municipio Aguasay,Monagas,2025-11,SAN,0,0,0,0,0,0,0,0,0
osm:relation:11089543,Municipio Aguasay,Monagas,2025-11,SEC,0,0,0,0,0,0,0,0,0
osm:relation:11089543,Municipio Aguasay,Monagas,2025-12,CON,0,0,0,0,0,0,0,0,0
osm:relation:11089543,Municipio Aguasay,Monagas,2025-12,ELM,0,0,0,0,0,0,0,0,0
osm:relation:11089543,Municipio Aguasay,Monagas,2025-12,EXT,0,0,0,0,0,0,0,0,0
osm:relation:11089543,Municipio Aguasay,Monagas,2025-12,MAC,0,0,0,0,0,0,0,0,0
osm:relation:11089543,Municipio Aguasay,Monagas,2025-12,OIL,0,0,0,0,0,0,0,0,0
osm:relation:11089543,Municipio Aguasay,Monagas,2025-12,POL,0,0,0,0,0,0,0,0,0
osm:relation:11089543,Municipio Aguasay,Monagas,2025-12,SAN,0,0,0,0,0,0,0,0,0
osm:relation:11089543,Municipio Aguasay,Monagas,2025-12,SEC,0,0,0,0,0,0,0,0,0
osm:relation:11089543,Municipio Aguasay,Monagas,2026-01,CON,0,0,0,0,0,0,0,0,0
osm:relation:11089543,Municipio Aguasay,Monagas,2026-01,ELM,0,0,0,0,0,0,0,0,0
osm:relation:11089543,Municipio Aguasay,Monagas,2026-01,EXT,0,0,0,0,0,0,0,0,0
osm:relation:11089543,Municipio Aguasay,Monagas,2026-01,MAC,0,0,0,0,0,0,0,0,0
osm:relation:11089543,Municipio Aguasay,Monagas,2026-01,OIL,0,0,0,0,0,0,0,0,0
osm:relation:11089543,Municipio Aguasay,Monagas,2026-01,POL,0,0,0,0,0,0,0,0,0
osm:relation:11089543,Municipio Aguasay,Monagas,2026-01,SAN,0,0,0,0,0,0,0,0,0
osm:relation:11089543,Municipio Aguasay,Monagas,2026-01,SEC,0,0,0,0,0,0,0,0,0
osm:relation:11089543,Municipio Aguasay,Monagas,2026-02,CON,0,0,0,0,0,0,0,0,0
osm:relation:11089543,Municipio Aguasay,Monagas,2026-02,ELM,0,0,0,0,0,0,0,0,0
osm:relation:11089543,Municipio Aguasay,Monagas,2026-02,EXT,0,0,0,0,0,0,0,0,0
osm:relation:11089543,Municipio Aguasay,Monagas,2026-02,MAC,0,0,0,0,0,0,0,0,0
osm:relation:11089543,Municipio Aguasay,Monagas,2026-02,OIL,0,0,0,0,0,0,0,0,0
osm:relation:11089543,Municipio Aguasay,Monagas,2026-02,POL,0,0,0,0,0,0,0,0,0
osm:relation:11089543,Municipio Aguasay,Monagas,2026-02,SAN,0,0,0,0,0,0,0,0,0
osm:relation:11089543,Municipio Aguasay,Monagas,2026-02,SEC,0,0,0,0,0,0,0,0,0
osm:relation:11089543,Municipio Aguasay,Monagas,2026-03,CON,0,0,0,0,0,0,0,0,0
osm:relation:11089543,Municipio Aguasay,Monagas,2026-03,ELM,0,0,0,0,0,0,0,0,0
osm:relation:11089543,Municipio Aguasay,Monagas,2026-03,EXT,0,0,0,0,0,0,0,0,0
osm:relation:11089543,Municipio Aguasay,Monagas,2026-03,MAC,0,0,0,0,0,0,0,0,0
osm:relation:11089543,Municipio Aguasay,Monagas,2026-03,OIL,0,0,0,0,0,0,0,0,0
osm:relation:11089543,Municipio Aguasay,Monagas,2026-03,POL,0,0,0,0,0,0,0,0,0
osm:relation:11089543,Municipio Aguasay,Monagas,2026-03,SAN,0,0,0,0,0,0,0,0,0
osm:relation:11089543,Municipio Aguasay,Monagas,2026-03,SEC,0,0,0,0,0,0,0,0,0
osm:relation:11089543,Municipio Aguasay,Monagas,2026-04,CON,0,0,0,0,0,0,0,0,0
osm:relation:11089543,Municipio Aguasay,Monagas,2026-04,ELM,0,0,0,0,0,0,0,0,0
osm:relation:11089543,Municipio Aguasay,Monagas,2026-04,EXT,0,0,0,0,0,0,0,0,0
osm:relation:11089543,Municipio Aguasay,Monagas,2026-04,MAC,0,0,0,0,0,0,0,0,0
osm:relation:11089543,Municipio Aguasay,Monagas,2026-04,OIL,0,0,0,0,0,0,0,0,0
osm:relation:11089543,Municipio Aguasay,Monagas,2026-04,POL,0,0,0,0,0,0,0,0,0
osm:relation:11089543,Municipio Aguasay,Monagas,2026-04,SAN,0,0,0,0,0,0,0,0,0
osm:relation:11089543,Municipio Aguasay,Monagas,2026-04,SEC,0,0,0,0,0,0,0,0,0
osm:relation:11089543,Municipio Aguasay,Monagas,2026-05,CON,0,0,0,0,0,0,0,0,0
osm:relation:11089543,Municipio Aguasay,Monagas,2026-05,ELM,0,0,0,0,0,0,0,0,0
osm:relation:11089543,Municipio Aguasay,Monagas,2026-05,EXT,0,0,0,0,0,0,0,0,0
osm:relation:11089543,Municipio Aguasay,Monagas,2026-05,MAC,0,0,0,0,0,0,0,0,0
osm:relation:11089543,Municipio Aguasay,Monagas,2026-05,OIL,0,0,0,0,0,0,0,0,0
osm:relation:11089543,Municipio Aguasay,Monagas,2026-05,POL,0,0,0,0,0,0,0,0,0
osm:relation:11089543,Municipio Aguasay,Monagas,2026-05,SAN,0,0,0,0,0,0,0,0,0
osm:relation:11089543,Municipio Aguasay,Monagas,2026-05,SEC,0,0,0,0,0,0,0,0,0
osm:relation:11089543,Municipio Aguasay,Monagas,2026-06,CON,0,0,0,0,0,0,0,0,0
osm:relation:11089543,Municipio Aguasay,Monagas,2026-06,ELM,0,0,0,0,0,0,0,0,0
osm:relation:11089543,Municipio Aguasay,Monagas,2026-06,EXT,0,0,0,0,0,0,0,0,0
osm:relation:11089543,Municipio Aguasay,Monagas,2026-06,MAC,0,0,0,0,0,0,0,0,0
osm:relation:11089543,Municipio Aguasay,Monagas,2026-06,OIL,0,0,0,0,0,0,0,0,0
osm:relation:11089543,Municipio Aguasay,Monagas,2026-06,POL,0,0,0,0,0,0,0,0,0
osm:relation:11089543,Municipio Aguasay,Monagas,2026-06,SAN,0,0,0,0,0,0,0,0,0
osm:relation:11089543,Municipio Aguasay,Monagas,2026-06,SEC,0,0,0,0,0,0,0,0,0
osm:relation:11089543,Municipio Aguasay,Monagas,2026-07,CON,0,0,0,0,0,0,0,0,0
osm:relation:11089543,Municipio Aguasay,Monagas,2026-07,ELM,0,0,0,0,0,0,0,0,0
osm:relation:11089543,Municipio Aguasay,Monagas,2026-07,EXT,0,0,0,0,0,0,0,0,0
osm:relation:11089543,Municipio Aguasay,Monagas,2026-07,MAC,0,0,0,0,0,0,0,0,0
osm:relation:11089543,Municipio Aguasay,Monagas,2026-07,OIL,0,0,0,0,0,0,0,0,0
osm:relation:11089543,Municipio Aguasay,Monagas,2026-07,POL,0,0,0,0,0,0,0,0,0
osm:relation:11089543,Municipio Aguasay,Monagas,2026-07,SAN,0,0,0,0,0,0,0,0,0
osm:relation:11089543,Municipio Aguasay,Monagas,2026-07,SEC,0,0,0,0,0,0,0,0,0
osm:relation:11089543,Municipio Aguasay,Monagas,2026-08,CON,0,0,0,0,0,0,0,0,0
osm:relation:11089543,Municipio Aguasay,Monagas,2026-08,ELM,0,0,0,0,0,0,0,0,0
osm:relation:11089543,Municipio Aguasay,Monagas,2026-08,EXT,0,0,0,0,0,0,0,0,0
osm:relation:11089543,Municipio Aguasay,Monagas,2026-08,MAC,0,0,0,0,0,0,0,0,0
osm:relation:11089543,Municipio Aguasay,Monagas,2026-08,OIL,0,0,0,0,0,0,0,0,0
osm:relation:11089543,Municipio Aguasay,Monagas,2026-08,POL,0,0,0,0,0,0,0,0,0
osm:relation:11089543,Municipio Aguasay,Monagas,2026-08,SAN,0,0,0,0,0,0,0,0,0
osm:relation:11089543,Municipio Aguasay,Monagas,2026-08,SEC,0,0,0,0,0,0,0,0,0
osm:relation:11089543,Municipio Aguasay,Monagas,2026-09,CON,0,0,0,0,0,0,0,0,0
osm:relation:11089543,Municipio Aguasay,Monagas,2026-09,ELM,0,0,0,0,0,0,0,0,0
osm:relation:11089543,Municipio Aguasay,Monagas,2026-09,EXT,0,0,0,0,0,0,0,0,0
osm:relation:11089543,Municipio Aguasay,Monagas,2026-09,MAC,0,0,0,0,0,0,0,0,0
osm:relation:11089543,Municipio Aguasay,Monagas,2026-09,OIL,0,0,0,0,0,0,0,0,0
osm:relation:11089543,Municipio Aguasay,Monagas,2026-09,POL,0,0,0,0,0,0,0,0,0
osm:relation:11089543,Municipio Aguasay,Monagas,2026-09,SAN,0,0,0,0,0,0,0,0,0
osm:relation:11089543,Municipio Aguasay,Monagas,2026-09,SEC,0,0,0,0,0,0,0,0,0
osm:relation:11089544,Municipio Maturín,Monagas,2024-09,CON,0,0,0,0,0,0,0,0,0
osm:relation:11089544,Municipio Maturín,Monagas,2024-09,ELM,1,1,0,0,0,0,0,0,1
osm:relation:11089544,Municipio Maturín,Monagas,2024-09,EXT,0,0,0,0,0,0,0,0,0
osm:relation:11089544,Municipio Maturín,Monagas,2024-09,MAC,0,0,0,0,0,0,0,0,0
osm:relation:11089544,Municipio Maturín,Monagas,2024-09,OIL,0,0,0,0,0,0,0,0,0
osm:relation:11089544,Municipio Maturín,Monagas,2024-09,POL,1,1,0,0,0,0,0,0,1
osm:relation:11089544,Municipio Maturín,Monagas,2024-09,SAN,0,0,0,0,0,0,0,0,0
osm:relation:11089544,Municipio Maturín,Monagas,2024-09,SEC,1,1,0,0,0,0,0,0,1
osm:relation:11089544,Municipio Maturín,Monagas,2024-10,CON,0,0,0,0,0,0,0,0,0
osm:relation:11089544,Municipio Maturín,Monagas,2024-10,ELM,1,1,0,0,0,0,0,0,1
osm:relation:11089544,Municipio Maturín,Monagas,2024-10,EXT,0,0,0,0,0,0,0,0,0
osm:relation:11089544,Municipio Maturín,Monagas,2024-10,MAC,0,0,0,0,0,0,0,0,0
osm:relation:11089544,Municipio Maturín,Monagas,2024-10,OIL,0,0,0,0,0,0,0,0,0
osm:relation:11089544,Municipio Maturín,Monagas,2024-10,POL,1,1,0,0,0,0,0,0,1
osm:relation:11089544,Municipio Maturín,Monagas,2024-10,SAN,0,0,0,0,0,0,0,0,0
osm:relation:11089544,Municipio Maturín,Monagas,2024-10,SEC,0,0,0,0,0,0,0,0,0
osm:relation:11089544,Municipio Maturín,Monagas,2024-11,CON,0,0,0,0,0,0,0,0,0
osm:relation:11089544,Municipio Maturín,Monagas,2024-11,ELM,2,2,0,0,0,0,0,0,2
osm:relation:11089544,Municipio Maturín,Monagas,2024-11,EXT,0,0,0,0,0,0,0,0,0
osm:relation:11089544,Municipio Maturín,Monagas,2024-11,MAC,0,0,0,0,0,0,0,0,0
osm:relation:11089544,Municipio Maturín,Monagas,2024-11,OIL,2,2,0,0,0,0,0,0,2
osm:relation:11089544,Municipio Maturín,Monagas,2024-11,POL,1,1,0,0,0,0,0,0,1
osm:relation:11089544,Municipio Maturín,Monagas,2024-11,SAN,0,0,0,0,0,0,0,0,0
osm:relation:11089544,Municipio Maturín,Monagas,2024-11,SEC,0,0,0,0,0,0,0,0,0
osm:relation:11089544,Municipio Maturín,Monagas,2024-12,CON,0,0,0,0,0,0,0,0,0
osm:relation:11089544,Municipio Maturín,Monagas,2024-12,ELM,0,0,0,0,0,0,0,0,0
osm:relation:11089544,Municipio Maturín,Monagas,2024-12,EXT,1,1,0,0,0,0,0,0,1
osm:relation:11089544,Municipio Maturín,Monagas,2024-12,MAC,2,2,0,0,0,0,0,0,2
osm:relation:11089544,Municipio Maturín,Monagas,2024-12,OIL,0,0,0,0,0,0,0,0,0
osm:relation:11089544,Municipio Maturín,Monagas,2024-12,POL,1,1,0,0,0,0,0,0,1
osm:relation:11089544,Municipio Maturín,Monagas,2024-12,SAN,0,0,0,0,0,0,0,0,0
osm:relation:11089544,Municipio Maturín,Monagas,2024-12,SEC,0,0,0,0,0,0,0,0,0
osm:relation:11089544,Municipio Maturín,Monagas,2025-01,CON,0,0,0,0,0,0,0,0,0
osm:relation:11089544,Municipio Maturín,Monagas,2025-01,ELM,3,2,1,0,0,0,0,0,3
osm:relation:11089544,Municipio Maturín,Monagas,2025-01,EXT,0,0,0,0,0,0,0,0,0
osm:relation:11089544,Municipio Maturín,Monagas,2025-01,MAC,0,0,0,0,0,0,0,0,0
osm:relation:11089544,Municipio Maturín,Monagas,2025-01,OIL,0,0,0,0,0,0,0,0,0
osm:relation:11089544,Municipio Maturín,Monagas,2025-01,POL,3,3,0,0,0,0,0,0,3
osm:relation:11089544,Municipio Maturín,Monagas,2025-01,SAN,0,0,0,0,0,0,0,0,0
osm:relation:11089544,Municipio Maturín,Monagas,2025-01,SEC,0,0,0,0,0,0,0,0,0
osm:relation:11089544,Municipio Maturín,Monagas,2025-02,CON,0,0,0,0,0,0,0,0,0
osm:relation:11089544,Municipio Maturín,Monagas,2025-02,ELM,1,1,0,0,0,0,0,0,1
osm:relation:11089544,Municipio Maturín,Monagas,2025-02,EXT,0,0,0,0,0,0,0,0,0
osm:relation:11089544,Municipio Maturín,Monagas,2025-02,MAC,0,0,0,0,0,0,0,0,0
osm:relation:11089544,Municipio Maturín,Monagas,2025-02,OIL,0,0,0,0,0,0,0,0,0
osm:relation:11089544,Municipio Maturín,Monagas,2025-02,POL,1,1,0,0,0,0,0,0,1
osm:relation:11089544,Municipio Maturín,Monagas,2025-02,SAN,0,0,0,0,0,0,0,0,0
osm:relation:11089544,Municipio Maturín,Monagas,2025-02,SEC,0,0,0,0,0,0,0,0,0
osm:relation:11089544,Municipio Maturín,Monagas,2025-03,CON,0,0,0,0,0,0,0,0,0
osm:relation:11089544,Municipio Maturín,Monagas,2025-03,ELM,0,0,0,0,0,0,0,0,0
osm:relation:11089544,Municipio Maturín,Monagas,2025-03,EXT,0,0,0,0,0,0,0,0,0
osm:relation:11089544,Municipio Maturín,Monagas,2025-03,MAC,1,1,0,0,0,0,0,0,1
osm:relation:11089544,Municipio Maturín,Monagas,2025-03,OIL,0,0,0,0,0,0,0,0,0
osm:relation:11089544,Municipio Maturín,Monagas,2025-03,POL,1,1,0,0,0,0,0,0,1
osm:relation:11089544,Municipio Maturín,Monagas,2025-03,SAN,0,0,0,0,0,0,0,0,0
osm:relation:11089544,Municipio Maturín,Monagas,2025-03,SEC,0,0,0,0,0,0,0,0,0
osm:relation:11089544,Municipio Maturín,Monagas,2025-04,CON,0,0,0,0,0,0,0,0,0
osm:relation:11089544,Municipio Maturín,Monagas,2025-04,ELM,0,0,0,0,0,0,0,0,0
osm:relation:11089544,Municipio Maturín,Monagas,2025-04,EXT,0,0,0,0,0,0,0,0,0
osm:relation:11089544,Municipio Maturín,Monagas,2025-04,MAC,0,0,0,0,0,0,0,0,0
osm:relation:11089544,Municipio Maturín,Monagas,2025-04,OIL,1,1,0,0,0,0,0,0,1
osm:relation:11089544,Municipio Maturín,Monagas,2025-04,POL,2,2,0,0,0,0,0,0,2
osm:relation:11089544,Municipio Maturín,Monagas,2025-04,SAN,0,0,0,0,0,0,0,0,0
osm:relation:11089544,Municipio Maturín,Monagas,2025-04,SEC,0,0,0,0,0,0,0,0,0
osm:relation:11089544,Municipio Maturín,Monagas,2025-05,CON,0,0,0,0,0,0,0,0,0
osm:relation:11089544,Municipio Maturín,Monagas,2025-05,ELM,1,1,0,0,0,0,0,0,1
osm:relation:11089544,Municipio Maturín,Monagas,2025-05,EXT,0,0,0,0,0,0,0,0,0
osm:relation:11089544,Municipio Maturín,Monagas,2025-05,MAC,0,0,0,0,0,0,0,0,0
osm:relation:11089544,Municipio Maturín,Monagas,2025-05,OIL,0,0,0,0,0,0,0,0,0
osm:relation:11089544,Municipio Maturín,Monagas,2025-05,POL,4,4,0,0,0,0,0,0,4
osm:relation:11089544,Municipio Maturín,Monagas,2025-05,SAN,0,0,0,0,0,0,0,0,0
osm:relation:11089544,Municipio Maturín,Monagas,2025-05,SEC,0,0,0,0,0,0,0,0,0
osm:relation:11089544,Municipio Maturín,Monagas,2025-06,CON,0,0,0,0,0,0,0,0,0
osm:relation:11089544,Municipio Maturín,Monagas,2025-06,ELM,0,0,0,0,0,0,0,0,0
osm:relation:11089544,Municipio Maturín,Monagas,2025-06,EXT,0,0,0,0,0,0,0,0,0
osm:relation:11089544,Municipio Maturín,Monagas,2025-06,MAC,0,0,0,0,0,0,0,0,0
osm:relation:11089544,Municipio Maturín,Monagas,2025-06,OIL,0,0,0,0,0,0,0,0,0
osm:relation:11089544,Municipio Maturín,Monagas,2025-06,POL,6,5,1,0,0,0,0,0,6
osm:relation:11089544,Municipio Maturín,Monagas,2025-06,SAN,0,0,0,0,0,0,0,0,0
osm:relation:11089544,Municipio Maturín,Monagas,2025-06,SEC,0,0,0,0,0,0,0,0,0
osm:relation:11089544,Municipio Maturín,Monagas,2025-07,CON,0,0,0,0,0,0,0,0,0
osm:relation:11089544,Municipio Maturín,Monagas,2025-07,ELM,0,0,0,0,0,0,0,0,0
osm:relation:11089544,Municipio Maturín,Monagas,2025-07,EXT,0,0,0,0,0,0,0,0,0
osm:relation:11089544,Municipio Maturín,Monagas,2025-07,MAC,0,0,0,0,0,0,0,0,0
osm:relation:11089544,Municipio Maturín,Monagas,2025-07,OIL,0,0,0,0,0,0,0,0,0
osm:relation:11089544,Municipio Maturín,Monagas,2025-07,POL,6,5,1,0,0,0,0,0,6
osm:relation:11089544,Municipio Maturín,Monagas,2025-07,SAN,0,0,0,0,0,0,0,0,0
osm:relation:11089544,Municipio Maturín,Monagas,2025-07,SEC,0,0,0,0,0,0,0,0,0
osm:relation:11089544,Municipio Maturín,Monagas,2025-08,CON,0,0,0,0,0,0,0,0,0
osm:relation:11089544,Municipio Maturín,Monagas,2025-08,ELM,3,3,0,0,0,0,0,0,3
osm:relation:11089544,Municipio Maturín,Monagas,2025-08,EXT,0,0,0,0,0,0,0,0,0
osm:relation:11089544,Municipio Maturín,Monagas,2025-08,MAC,0,0,0,0,0,0,0,0,0
osm:relation:11089544,Municipio Maturín,Monagas,2025-08,OIL,1,1,0,0,0,0,0,0,1
osm:relation:11089544,Municipio Maturín,Monagas,2025-08,POL,2,2,0,0,0,0,0,0,2
osm:relation:11089544,Municipio Maturín,Monagas,2025-08,SAN,0,0,0,0,0,0,0,0,0
osm:relation:11089544,Municipio Maturín,Monagas,2025-08,SEC,1,1,0,0,0,0,0,0,1
osm:relation:11089544,Municipio Maturín,Monagas,2025-09,CON,0,0,0,0,0,0,0,0,0
osm:relation:11089544,Municipio Maturín,Monagas,2025-09,ELM,5,5,0,0,0,0,0,0,5
osm:relation:11089544,Municipio Maturín,Monagas,2025-09,EXT,0,0,0,0,0,0,0,0,0
osm:relation:11089544,Municipio Maturín,Monagas,2025-09,MAC,0,0,0,0,0,0,0,0,0
osm:relation:11089544,Municipio Maturín,Monagas,2025-09,OIL,0,0,0,0,0,0,0,0,0
osm:relation:11089544,Municipio Maturín,Monagas,2025-09,POL,1,1,0,0,0,0,0,0,1
osm:relation:11089544,Municipio Maturín,Monagas,2025-09,SAN,0,0,0,0,0,0,0,0,0
osm:relation:11089544,Municipio Maturín,Monagas,2025-09,SEC,0,0,0,0,0,0,0,0,0
osm:relation:11089544,Municipio Maturín,Monagas,2025-10,CON,0,0,0,0,0,0,0,0,0
osm:relation:11089544,Municipio Maturín,Monagas,2025-10,ELM,4,4,0,0,0,0,0,0,4
osm:relation:11089544,Municipio Maturín,Monagas,2025-10,EXT,0,0,0,0,0,0,0,0,0
osm:relation:11089544,Municipio Maturín,Monagas,2025-10,MAC,1,1,0,0,0,0,0,0,1
osm:relation:11089544,Municipio Maturín,Monagas,2025-10,OIL,0,0,0,0,0,0,0,0,0
osm:relation:11089544,Municipio Maturín,Monagas,2025-10,POL,1,1,0,0,0,0,0,0,1
osm:relation:11089544,Municipio Maturín,Monagas,2025-10,SAN,0,0,0,0,0,0,0,0,0
osm:relation:11089544,Municipio Maturín,Monagas,2025-10,SEC,2,2,0,0,0,0,0,0,2
osm:relation:11089544,Municipio Maturín,Monagas,2025-11,CON,0,0,0,0,0,0,0,0,0
osm:relation:11089544,Municipio Maturín,Monagas,2025-11,ELM,1,1,0,0,0,0,0,0,1
osm:relation:11089544,Municipio Maturín,Monagas,2025-11,EXT,0,0,0,0,0,0,0,0,0
osm:relation:11089544,Municipio Maturín,Monagas,2025-11,MAC,0,0,0,0,0,0,0,0,0
osm:relation:11089544,Municipio Maturín,Monagas,2025-11,OIL,0,0,0,0,0,0,0,0,0
osm:relation:11089544,Municipio Maturín,Monagas,2025-11,POL,0,0,0,0,0,0,0,0,0
osm:relation:11089544,Municipio Maturín,Monagas,2025-11,SAN,0,0,0,0,0,0,0,0,0
osm:relation:11089544,Municipio Maturín,Monagas,2025-11,SEC,0,0,0,0,0,0,0,0,0
osm:relation:11089544,Municipio Maturín,Monagas,2025-12,CON,0,0,0,0,0,0,0,0,0
osm:relation:11089544,Municipio Maturín,Monagas,2025-12,ELM,0,0,0,0,0,0,0,0,0
osm:relation:11089544,Municipio Maturín,Monagas,2025-12,EXT,0,0,0,0,0,0,0,0,0
osm:relation:11089544,Municipio Maturín,Monagas,2025-12,MAC,0,0,0,0,0,0,0,0,0
osm:relation:11089544,Municipio Maturín,Monagas,2025-12,OIL,0,0,0,0,0,0,0,0,0
osm:relation:11089544,Municipio Maturín,Monagas,2025-12,POL,0,0,0,0,0,0,0,0,0
osm:relation:11089544,Municipio Maturín,Monagas,2025-12,SAN,0,0,0,0,0,0,0,0,0
osm:relation:11089544,Municipio Maturín,Monagas,2025-12,SEC,0,0,0,0,0,0,0,0,0
osm:relation:11089544,Municipio Maturín,Monagas,2026-01,CON,0,0,0,0,0,0,0,0,0
osm:relation:11089544,Municipio Maturín,Monagas,2026-01,ELM,4,4,0,0,0,0,0,0,4
osm:relation:11089544,Municipio Maturín,Monagas,2026-01,EXT,0,0,0,0,0,0,0,0,0
osm:relation:11089544,Municipio Maturín,Monagas,2026-01,MAC,0,0,0,0,0,0,0,0,0
osm:relation:11089544,Municipio Maturín,Monagas,2026-01,OIL,1,1,0,0,0,0,0,0,1
osm:relation:11089544,Municipio Maturín,Monagas,2026-01,POL,7,6,1,0,0,0,0,0,7
osm:relation:11089544,Municipio Maturín,Monagas,2026-01,SAN,0,0,0,0,0,0,0,0,0
osm:relation:11089544,Municipio Maturín,Monagas,2026-01,SEC,3,3,0,0,0,0,0,0,3
osm:relation:11089544,Municipio Maturín,Monagas,2026-02,CON,0,0,0,0,0,0,0,0,0
osm:relation:11089544,Municipio Maturín,Monagas,2026-02,ELM,1,1,0,0,0,0,0,0,1
osm:relation:11089544,Municipio Maturín,Monagas,2026-02,EXT,1,1,0,0,0,0,0,0,1
osm:relation:11089544,Municipio Maturín,Monagas,2026-02,MAC,0,0,0,0,0,0,0,0,0
osm:relation:11089544,Municipio Maturín,Monagas,2026-02,OIL,0,0,0,0,0,0,0,0,0
osm:relation:11089544,Municipio Maturín,Monagas,2026-02,POL,2,2,0,0,0,0,0,0,2
osm:relation:11089544,Municipio Maturín,Monagas,2026-02,SAN,0,0,0,0,0,0,0,0,0
osm:relation:11089544,Municipio Maturín,Monagas,2026-02,SEC,0,0,0,0,0,0,0,0,0
osm:relation:11089544,Municipio Maturín,Monagas,2026-03,CON,0,0,0,0,0,0,0,0,0
osm:relation:11089544,Municipio Maturín,Monagas,2026-03,ELM,2,2,0,0,0,0,0,0,2
osm:relation:11089544,Municipio Maturín,Monagas,2026-03,EXT,0,0,0,0,0,0,0,0,0
osm:relation:11089544,Municipio Maturín,Monagas,2026-03,MAC,0,0,0,0,0,0,0,0,0
osm:relation:11089544,Municipio Maturín,Monagas,2026-03,OIL,1,1,0,0,0,0,0,0,1
osm:relation:11089544,Municipio Maturín,Monagas,2026-03,POL,1,1,0,0,0,0,0,0,1
osm:relation:11089544,Municipio Maturín,Monagas,2026-03,SAN,0,0,0,0,0,0,0,0,0
osm:relation:11089544,Municipio Maturín,Monagas,2026-03,SEC,2,2,0,0,0,0,0,0,2
osm:relation:11089544,Municipio Maturín,Monagas,2026-04,CON,0,0,0,0,0,0,0,0,0
osm:relation:11089544,Municipio Maturín,Monagas,2026-04,ELM,1,1,0,0,0,0,0,0,1
osm:relation:11089544,Municipio Maturín,Monagas,2026-04,EXT,0,0,0,0,0,0,0,0,0
osm:relation:11089544,Municipio Maturín,Monagas,2026-04,MAC,2,2,0,0,0,0,0,0,2
osm:relation:11089544,Municipio Maturín,Monagas,2026-04,OIL,0,0,0,0,0,0,0,0,0
osm:relation:11089544,Municipio Maturín,Monagas,2026-04,POL,1,1,0,0,0,0,0,0,1
osm:relation:11089544,Municipio Maturín,Monagas,2026-04,SAN,0,0,0,0,0,0,0,0,0
osm:relation:11089544,Municipio Maturín,Monagas,2026-04,SEC,2,2,0,0,0,0,0,0,2
osm:relation:11089544,Municipio Maturín,Monagas,2026-05,CON,0,0,0,0,0,0,0,0,0
osm:relation:11089544,Municipio Maturín,Monagas,2026-05,ELM,2,2,0,0,0,0,0,0,2
osm:relation:11089544,Municipio Maturín,Monagas,2026-05,EXT,0,0,0,0,0,0,0,0,0
osm:relation:11089544,Municipio Maturín,Monagas,2026-05,MAC,0,0,0,0,0,0,0,0,0
osm:relation:11089544,Municipio Maturín,Monagas,2026-05,OIL,0,0,0,0,0,0,0,0,0
osm:relation:11089544,Municipio Maturín,Monagas,2026-05,POL,2,2,0,0,0,0,0,0,2
osm:relation:11089544,Municipio Maturín,Monagas,2026-05,SAN,0,0,0,0,0,0,0,0,0
osm:relation:11089544,Municipio Maturín,Monagas,2026-05,SEC,3,2,1,0,0,0,0,0,3
osm:relation:11089544,Municipio Maturín,Monagas,2026-06,CON,0,0,0,0,0,0,0,0,0
osm:relation:11089544,Municipio Maturín,Monagas,2026-06,ELM,0,0,0,0,0,0,0,0,0
osm:relation:11089544,Municipio Maturín,Monagas,2026-06,EXT,0,0,0,0,0,0,0,0,0
osm:relation:11089544,Municipio Maturín,Monagas,2026-06,MAC,0,0,0,0,0,0,0,0,0
osm:relation:11089544,Municipio Maturín,Monagas,2026-06,OIL,0,0,0,0,0,0,0,0,0
osm:relation:11089544,Municipio Maturín,Monagas,2026-06,POL,1,1,0,0,0,0,0,0,1
osm:relation:11089544,Municipio Maturín,Monagas,2026-06,SAN,0,0,0,0,0,0,0,0,0
osm:relation:11089544,Municipio Maturín,Monagas,2026-06,SEC,1,0,1,0,0,0,0,0,1
osm:relation:11089544,Municipio Maturín,Monagas,2026-07,CON,0,0,0,0,0,0,0,0,0
osm:relation:11089544,Municipio Maturín,Monagas,2026-07,ELM,0,0,0,0,0,0,0,0,0
osm:relation:11089544,Municipio Maturín,Monagas,2026-07,EXT,0,0,0,0,0,0,0,0,0
osm:relation:11089544,Municipio Maturín,Monagas,2026-07,MAC,2,2,0,0,0,0,0,0,2
osm:relation:11089544,Municipio Maturín,Monagas,2026-07,OIL,0,0,0,0,0,0,0,0,0
osm:relation:11089544,Municipio Maturín,Monagas,2026-07,POL,2,2,0,0,0,0,0,0,2
osm:relation:11089544,Municipio Maturín,Monagas,2026-07,SAN,0,0,0,0,0,0,0,0,0
osm:relation:11089544,Municipio Maturín,Monagas,2026-07,SEC,2,1,1,0,0,0,0,0,2
osm:relation:11089544,Municipio Maturín,Monagas,2026-08,CON,1,1,0,0,0,0,0,0,1
osm:relation:11089544,Municipio Maturín,Monagas,2026-08,ELM,2,2,0,0,0,0,0,0,2
osm:relation:11089544,Municipio Maturín,Monagas,2026-08,EXT,0,0,0,0,0,0,0,0,0
osm:relation:11089544,Municipio Maturín,Monagas,2026-08,MAC,0,0,0,0,0,0,0,0,0
osm:relation:11089544,Municipio Maturín,Monagas,2026-08,OIL,1,1,0,0,0,0,0,0,1
osm:relation:11089544,Municipio Maturín,Monagas,2026-08,POL,1,1,0,0,0,0,0,0,1
osm:relation:11089544,Municipio Maturín,Monagas,2026-08,SAN,0,0,0,0,0,0,0,0,0
osm:relation:11089544,Municipio Maturín,Monagas,2026-08,SEC,1,1,0,0,0,0,0,0,1
osm:relation:11089544,Municipio Maturín,Monagas,2026-09,CON,0,0,0,0,0,0,0,0,0
osm:relation:11089544,Municipio Maturín,Monagas,2026-09,ELM,0,0,0,0,0,0,0,0,0
osm:relation:11089544,Municipio Maturín,Monagas,2026-09,EXT,0,0,0,0,0,0,0,0,0
osm:relation:11089544,Municipio Maturín,Monagas,2026-09,MAC,0,0,0,0,0,0,0,0,0
osm:relation:11089544,Municipio Maturín,Monagas,2026-09,OIL,0,0,0,0,0,0,0,0,0
osm:relation:11089544,Municipio Maturín,Monagas,2026-09,POL,0,0,0,0,0,0,0,0,0
osm:relation:11089544,Municipio Maturín,Monagas,2026-09,SAN,0,0,0,0,0,0,0,0,0
osm:relation:11089544,Municipio Maturín,Monagas,2026-09,SEC,0,0,0,0,0,0,0,0,0
osm:relation:11089545,Municipio Uracoa,Monagas,2024-09,CON,0,0,0,0,0,0,0,0,0
osm:relation:11089545,Municipio Uracoa,Monagas,2024-09,ELM,0,0,0,0,0,0,0,0,0
osm:relation:11089545,Municipio Uracoa,Monagas,2024-09,EXT,0,0,0,0,0,0,0,0,0
osm:relation:11089545,Municipio Uracoa,Monagas,2024-09,MAC,0,0,0,0,0,0,0,0,0
osm:relation:11089545,Municipio Uracoa,Monagas,2024-09,OIL,0,0,0,0,0,0,0,0,0
osm:relation:11089545,Municipio Uracoa,Monagas,2024-09,POL,0,0,0,0,0,0,0,0,0
osm:relation:11089545,Municipio Uracoa,Monagas,2024-09,SAN,0,0,0,0,0,0,0,0,0
osm:relation:11089545,Municipio Uracoa,Monagas,2024-09,SEC,0,0,0,0,0,0,0,0,0
osm:relation:11089545,Municipio Uracoa,Monagas,2024-10,CON,0,0,0,0,0,0,0,0,0
osm:relation:11089545,Municipio Uracoa,Monagas,2024-10,ELM,0,0,0,0,0,0,0,0,0
osm:relation:11089545,Municipio Uracoa,Monagas,2024-10,EXT,0,0,0,0,0,0,0,0,0
osm:relation:11089545,Municipio Uracoa,Monagas,2024-10,MAC,0,0,0,0,0,0,0,0,0
osm:relation:11089545,Municipio Uracoa,Monagas,2024-10,OIL,0,0,0,0,0,0,0,0,0
osm:relation:11089545,Municipio Uracoa,Monagas,2024-10,POL,0,0,0,0,0,0,0,0,0
osm:relation:11089545,Municipio Uracoa,Monagas,2024-10,SAN,0,0,0,0,0,0,0,0,0
osm:relation:11089545,Municipio Uracoa,Monagas,2024-10,SEC,0,0,0,0,0,0,0,0,0
osm:relation:11089545,Municipio Uracoa,Monagas,2024-11,CON,0,0,0,0,0,0,0,0,0
osm:relation:11089545,Municipio Uracoa,Monagas,2024-11,ELM,0,0,0,0,0,0,0,0,0
osm:relation:11089545,Municipio Uracoa,Monagas,2024-11,EXT,0,0,0,0,0,0,0,0,0
osm:relation:11089545,Municipio Uracoa,Monagas,2024-11,MAC,0,0,0,0,0,0,0,0,0
osm:relation:11089545,Municipio Uracoa,Monagas,2024-11,OIL,0,0,0,0,0,0,0,0,0
osm:relation:11089545,Municipio Uracoa,Monagas,2024-11,POL,0,0,0,0,0,0,0,0,0
osm:relation:11089545,Municipio Uracoa,Monagas,2024-11,SAN,0,0,0,0,0,0,0,0,0
osm:relation:11089545,Municipio Uracoa,Monagas,2024-11,SEC,0,0,0,0,0,0,0,0,0
osm:relation:11089545,Municipio Uracoa,Monagas,2024-12,CON,0,0,0,0,0,0,0,0,0
osm:relation:11089545,Municipio Uracoa,Monagas,2024-12,ELM,0,0,0,0,0,0,0,0,0
osm:relation:11089545,Municipio Uracoa,Monagas,2024-12,EXT,0,0,0,0,0,0,0,0,0
osm:relation:11089545,Municipio Uracoa,Monagas,2024-12,MAC,0,0,0,0,0,0,0,0,0
osm:relation:11089545,Municipio Uracoa,Monagas,2024-12,OIL,0,0,0,0,0,0,0,0,0
osm:relation:11089545,Municipio Uracoa,Monagas,2024-12,POL,0,0,0,0,0,0,0,0,0
osm:relation:11089545,Municipio Uracoa,Monagas,2024-12,SAN,0,0,0,0,0,0,0,0,0
osm:relation:11089545,Municipio Uracoa,Monagas,2024-12,SEC,0,0,0,0,0,0,0,0,0
osm:relation:11089545,Municipio Uracoa,Monagas,2025-01,CON,0,0,0,0,0,0,0,0,0
osm:relation:11089545,Municipio Uracoa,Monagas,2025-01,ELM,0,0,0,0,0,0,0,0,0
osm:relation:11089545,Municipio Uracoa,Monagas,2025-01,EXT,0,0,0,0,0,0,0,0,0
osm:relation:11089545,Municipio Uracoa,Monagas,2025-01,MAC,0,0,0,0,0,0,0,0,0
osm:relation:11089545,Municipio Uracoa,Monagas,2025-01,OIL,0,0,0,0,0,0,0,0,0
osm:relation:11089545,Municipio Uracoa,Monagas,2025-01,POL,0,0,0,0,0,0,0,0,0
osm:relation:11089545,Municipio Uracoa,Monagas,2025-01,SAN,0,0,0,0,0,0,0,0,0
osm:relation:11089545,Municipio Uracoa,Monagas,2025-01,SEC,0,0,0,0,0,0,0,0,0
osm:relation:11089545,Municipio Uracoa,Monagas,2025-02,CON,0,0,0,0,0,0,0,0,0
osm:relation:11089545,Municipio Uracoa,Monagas,2025-02,ELM,0,0,0,0,0,0,0,0,0
osm:relation:11089545,Municipio Uracoa,Monagas,2025-02,EXT,0,0,0,0,0,0,0,0,0
osm:relation:11089545,Municipio Uracoa,Monagas,2025-02,MAC,0,0,0,0,0,0,0,0,0
osm:relation:11089545,Municipio Uracoa,Monagas,2025-02,OIL,0,0,0,0,0,0,0,0,0
osm:relation:11089545,Municipio Uracoa,Monagas,2025-02,POL,0,0,0,0,0,0,0,0,0
osm:relation:11089545,Municipio Uracoa,Monagas,2025-02,SAN,0,0,0,0,0,0,0,0,0
osm:relation:11089545,Municipio Uracoa,Monagas,2025-02,SEC,0,0,0,0,0,0,0,0,0
osm:relation:11089545,Municipio Uracoa,Monagas,2025-03,CON,0,0,0,0,0,0,0,0,0
osm:relation:11089545,Municipio Uracoa,Monagas,2025-03,ELM,0,0,0,0,0,0,0,0,0
osm:relation:11089545,Municipio Uracoa,Monagas,2025-03,EXT,0,0,0,0,0,0,0,0,0
osm:relation:11089545,Municipio Uracoa,Monagas,2025-03,MAC,0,0,0,0,0,0,0,0,0
osm:relation:11089545,Municipio Uracoa,Monagas,2025-03,OIL,0,0,0,0,0,0,0,0,0
osm:relation:11089545,Municipio Uracoa,Monagas,2025-03,POL,0,0,0,0,0,0,0,0,0
osm:relation:11089545,Municipio Uracoa,Monagas,2025-03,SAN,0,0,0,0,0,0,0,0,0
osm:relation:11089545,Municipio Uracoa,Monagas,2025-03,SEC,0,0,0,0,0,0,0,0,0
osm:relation:11089545,Municipio Uracoa,Monagas,2025-04,CON,0,0,0,0,0,0,0,0,0
osm:relation:11089545,Municipio Uracoa,Monagas,2025-04,ELM,0,0,0,0,0,0,0,0,0
osm:relation:11089545,Municipio Uracoa,Monagas,2025-04,EXT,0,0,0,0,0,0,0,0,0
osm:relation:11089545,Municipio Uracoa,Monagas,2025-04,MAC,0,0,0,0,0,0,0,0,0
osm:relation:11089545,Municipio Uracoa,Monagas,2025-04,OIL,0,0,0,0,0,0,0,0,0
osm:relation:11089545,Municipio Uracoa,Monagas,2025-04,POL,0,0,0,0,0,0,0,0,0
osm:relation:11089545,Municipio Uracoa,Monagas,2025-04,SAN,0,0,0,0,0,0,0,0,0
osm:relation:11089545,Municipio Uracoa,Monagas,2025-04,SEC,0,0,0,0,0,0,0,0,0
osm:relation:11089545,Municipio Uracoa,Monagas,2025-05,CON,0,0,0,0,0,0,0,0,0
osm:relation:11089545,Municipio Uracoa,Monagas,2025-05,ELM,0,0,0,0,0,0,0,0,0
osm:relation:11089545,Municipio Uracoa,Monagas,2025-05,EXT,0,0,0,0,0,0,0,0,0
osm:relation:11089545,Municipio Uracoa,Monagas,2025-05,MAC,0,0,0,0,0,0,0,0,0
osm:relation:11089545,Municipio Uracoa,Monagas,2025-05,OIL,0,0,0,0,0,0,0,0,0
osm:relation:11089545,Municipio Uracoa,Monagas,2025-05,POL,1,0,1,0,0,0,0,0,1
osm:relation:11089545,Municipio Uracoa,Monagas,2025-05,SAN,0,0,0,0,0,0,0,0,0
osm:relation:11089545,Municipio Uracoa,Monagas,2025-05,SEC,0,0,0,0,0,0,0,0,0
osm:relation:11089545,Municipio Uracoa,Monagas,2025-06,CON,0,0,0,0,0,0,0,0,0
osm:relation:11089545,Municipio Uracoa,Monagas,2025-06,ELM,0,0,0,0,0,0,0,0,0
osm:relation:11089545,Municipio Uracoa,Monagas,2025-06,EXT,0,0,0,0,0,0,0,0,0
osm:relation:11089545,Municipio Uracoa,Monagas,2025-06,MAC,0,0,0,0,0,0,0,0,0
osm:relation:11089545,Municipio Uracoa,Monagas,2025-06,OIL,0,0,0,0,0,0,0,0,0
osm:relation:11089545,Municipio Uracoa,Monagas,2025-06,POL,0,0,0,0,0,0,0,0,0
osm:relation:11089545,Municipio Uracoa,Monagas,2025-06,SAN,0,0,0,0,0,0,0,0,0
osm:relation:11089545,Municipio Uracoa,Monagas,2025-06,SEC,0,0,0,0,0,0,0,0,0
osm:relation:11089545,Municipio Uracoa,Monagas,2025-07,CON,0,0,0,0,0,0,0,0,0
osm:relation:11089545,Municipio Uracoa,Monagas,2025-07,ELM,0,0,0,0,0,0,0,0,0
osm:relation:11089545,Municipio Uracoa,Monagas,2025-07,EXT,0,0,0,0,0,0,0,0,0
osm:relation:11089545,Municipio Uracoa,Monagas,2025-07,MAC,0,0,0,0,0,0,0,0,0
osm:relation:11089545,Municipio Uracoa,Monagas,2025-07,OIL,0,0,0,0,0,0,0,0,0
osm:relation:11089545,Municipio Uracoa,Monagas,2025-07,POL,1,1,0,0,0,0,0,0,1
osm:relation:11089545,Municipio Uracoa,Monagas,2025-07,SAN,0,0,0,0,0,0,0,0,0
osm:relation:11089545,Municipio Uracoa,Monagas,2025-07,SEC,0,0,0,0,0,0,0,0,0
osm:relation:11089545,Municipio Uracoa,Monagas,2025-08,CON,0,0,0,0,0,0,0,0,0
osm:relation:11089545,Municipio Uracoa,Monagas,2025-08,ELM,0,0,0,0,0,0,0,0,0
osm:relation:11089545,Municipio Uracoa,Monagas,2025-08,EXT,0,0,0,0,0,0,0,0,0
osm:relation:11089545,Municipio Uracoa,Monagas,2025-08,MAC,0,0,0,0,0,0,0,0,0
osm:relation:11089545,Municipio Uracoa,Monagas,2025-08,OIL,0,0,0,0,0,0,0,0,0
osm:relation:11089545,Municipio Uracoa,Monagas,2025-08,POL,0,0,0,0,0,0,0,0,0
osm:relation:11089545,Municipio Uracoa,Monagas,2025-08,SAN,0,0,0,0,0,0,0,0,0
osm:relation:11089545,Municipio Uracoa,Monagas,2025-08,SEC,0,0,0,0,0,0,0,0,0
osm:relation:11089545,Municipio Uracoa,Monagas,2025-09,CON,0,0,0,0,0,0,0,0,0
osm:relation:11089545,Municipio Uracoa,Monagas,2025-09,ELM,0,0,0,0,0,0,0,0,0
osm:relation:11089545,Municipio Uracoa,Monagas,2025-09,EXT,0,0,0,0,0,0,0,0,0
osm:relation:11089545,Municipio Uracoa,Monagas,2025-09,MAC,0,0,0,0,0,0,0,0,0
osm:relation:11089545,Municipio Uracoa,Monagas,2025-09,OIL,0,0,0,0,0,0,0,0,0
osm:relation:11089545,Municipio Uracoa,Monagas,2025-09,POL,0,0,0,0,0,0,0,0,0
osm:relation:11089545,Municipio Uracoa,Monagas,2025-09,SAN,0,0,0,0,0,0,0,0,0
osm:relation:11089545,Municipio Uracoa,Monagas,2025-09,SEC,0,0,0,0,0,0,0,0,0
osm:relation:11089545,Municipio Uracoa,Monagas,2025-10,CON,0,0,0,0,0,0,0,0,0
osm:relation:11089545,Municipio Uracoa,Monagas,2025-10,ELM,0,0,0,0,0,0,0,0,0
osm:relation:11089545,Municipio Uracoa,Monagas,2025-10,EXT,0,0,0,0,0,0,0,0,0
osm:relation:11089545,Municipio Uracoa,Monagas,2025-10,MAC,0,0,0,0,0,0,0,0,0
osm:relation:11089545,Municipio Uracoa,Monagas,2025-10,OIL,0,0,0,0,0,0,0,0,0
osm:relation:11089545,Municipio Uracoa,Monagas,2025-10,POL,0,0,0,0,0,0,0,0,0
osm:relation:11089545,Municipio Uracoa,Monagas,2025-10,SAN,0,0,0,0,0,0,0,0,0
osm:relation:11089545,Municipio Uracoa,Monagas,2025-10,SEC,0,0,0,0,0,0,0,0,0
osm:relation:11089545,Municipio Uracoa,Monagas,2025-11,CON,0,0,0,0,0,0,0,0,0
osm:relation:11089545,Municipio Uracoa,Monagas,2025-11,ELM,0,0,0,0,0,0,0,0,0
osm:relation:11089545,Municipio Uracoa,Monagas,2025-11,EXT,0,0,0,0,0,0,0,0,0
osm:relation:11089545,Municipio Uracoa,Monagas,2025-11,MAC,0,0,0,0,0,0,0,0,0
osm:relation:11089545,Municipio Uracoa,Monagas,2025-11,OIL,0,0,0,0,0,0,0,0,0
osm:relation:11089545,Municipio Uracoa,Monagas,2025-11,POL,0,0,0,0,0,0,0,0,0
osm:relation:11089545,Municipio Uracoa,Monagas,2025-11,SAN,0,0,0,0,0,0,0,0,0
osm:relation:11089545,Municipio Uracoa,Monagas,2025-11,SEC,0,0,0,0,0,0,0,0,0
osm:relation:11089545,Municipio Uracoa,Monagas,2025-12,CON,0,0,0,0,0,0,0,0,0
osm:relation:11089545,Municipio Uracoa,Monagas,2025-12,ELM,0,0,0,0,0,0,0,0,0
osm:relation:11089545,Municipio Uracoa,Monagas,2025-12,EXT,0,0,0,0,0,0,0,0,0
osm:relation:11089545,Municipio Uracoa,Monagas,2025-12,MAC,0,0,0,0,0,0,0,0,0
osm:relation:11089545,Municipio Uracoa,Monagas,2025-12,OIL,0,0,0,0,0,0,0,0,0
osm:relation:11089545,Municipio Uracoa,Monagas,2025-12,POL,0,0,0,0,0,0,0,0,0
osm:relation:11089545,Municipio Uracoa,Monagas,2025-12,SAN,0,0,0,0,0,0,0,0,0
osm:relation:11089545,Municipio Uracoa,Monagas,2025-12,SEC,0,0,0,0,0,0,0,0,0
osm:relation:11089545,Municipio Uracoa,Monagas,2026-01,CON,0,0,0,0,0,0,0,0,0
osm:relation:11089545,Municipio Uracoa,Monagas,2026-01,ELM,0,0,0,0,0,0,0,0,0
osm:relation:11089545,Municipio Uracoa,Monagas,2026-01,EXT,0,0,0,0,0,0,0,0,0
osm:relation:11089545,Municipio Uracoa,Monagas,2026-01,MAC,0,0,0,0,0,0,0,0,0
osm:relation:11089545,Municipio Uracoa,Monagas,2026-01,OIL,0,0,0,0,0,0,0,0,0
osm:relation:11089545,Municipio Uracoa,Monagas,2026-01,POL,0,0,0,0,0,0,0,0,0
osm:relation:11089545,Municipio Uracoa,Monagas,2026-01,SAN,0,0,0,0,0,0,0,0,0
osm:relation:11089545,Municipio Uracoa,Monagas,2026-01,SEC,0,0,0,0,0,0,0,0,0
osm:relation:11089545,Municipio Uracoa,Monagas,2026-02,CON,0,0,0,0,0,0,0,0,0
osm:relation:11089545,Municipio Uracoa,Monagas,2026-02,ELM,0,0,0,0,0,0,0,0,0
osm:relation:11089545,Municipio Uracoa,Monagas,2026-02,EXT,0,0,0,0,0,0,0,0,0
osm:relation:11089545,Municipio Uracoa,Monagas,2026-02,MAC,0,0,0,0,0,0,0,0,0
osm:relation:11089545,Municipio Uracoa,Monagas,2026-02,OIL,0,0,0,0,0,0,0,0,0
osm:relation:11089545,Municipio Uracoa,Monagas,2026-02,POL,0,0,0,0,0,0,0,0,0
osm:relation:11089545,Municipio Uracoa,Monagas,2026-02,SAN,0,0,0,0,0,0,0,0,0
osm:relation:11089545,Municipio Uracoa,Monagas,2026-02,SEC,0,0,0,0,0,0,0,0,0
osm:relation:11089545,Municipio Uracoa,Monagas,2026-03,CON,0,0,0,0,0,0,0,0,0
osm:relation:11089545,Municipio Uracoa,Monagas,2026-03,ELM,0,0,0,0,0,0,0,0,0
osm:relation:11089545,Municipio Uracoa,Monagas,2026-03,EXT,0,0,0,0,0,0,0,0,0
osm:relation:11089545,Municipio Uracoa,Monagas,2026-03,MAC,0,0,0,0,0,0,0,0,0
osm:relation:11089545,Municipio Uracoa,Monagas,2026-03,OIL,0,0,0,0,0,0,0,0,0
osm:relation:11089545,Municipio Uracoa,Monagas,2026-03,POL,0,0,0,0,0,0,0,0,0
osm:relation:11089545,Municipio Uracoa,Monagas,2026-03,SAN,0,0,0,0,0,0,0,0,0
osm:relation:11089545,Municipio Uracoa,Monagas,2026-03,SEC,0,0,0,0,0,0,0,0,0
osm:relation:11089545,Municipio Uracoa,Monagas,2026-04,CON,0,0,0,0,0,0,0,0,0
osm:relation:11089545,Municipio Uracoa,Monagas,2026-04,ELM,0,0,0,0,0,0,0,0,0
osm:relation:11089545,Municipio Uracoa,Monagas,2026-04,EXT,0,0,0,0,0,0,0,0,0
osm:relation:11089545,Municipio Uracoa,Monagas,2026-04,MAC,0,0,0,0,0,0,0,0,0
osm:relation:11089545,Municipio Uracoa,Monagas,2026-04,OIL,0,0,0,0,0,0,0,0,0
osm:relation:11089545,Municipio Uracoa,Monagas,2026-04,POL,0,0,0,0,0,0,0,0,0
osm:relation:11089545,Municipio Uracoa,Monagas,2026-04,SAN,0,0,0,0,0,0,0,0,0
osm:relation:11089545,Municipio Uracoa,Monagas,2026-04,SEC,0,0,0,0,0,0,0,0,0
osm:relation:11089545,Municipio Uracoa,Monagas,2026-05,CON,0,0,0,0,0,0,0,0,0
osm:relation:11089545,Municipio Uracoa,Monagas,2026-05,ELM,0,0,0,0,0,0,0,0,0
osm:relation:11089545,Municipio Uracoa,Monagas,2026-05,EXT,0,0,0,0,0,0,0,0,0
osm:relation:11089545,Municipio Uracoa,Monagas,2026-05,MAC,0,0,0,0,0,0,0,0,0
osm:relation:11089545,Municipio Uracoa,Monagas,2026-05,OIL,0,0,0,0,0,0,0,0,0
osm:relation:11089545,Municipio Uracoa,Monagas,2026-05,POL,0,0,0,0,0,0,0,0,0
osm:relation:11089545,Municipio Uracoa,Monagas,2026-05,SAN,0,0,0,0,0,0,0,0,0
osm:relation:11089545,Municipio Uracoa,Monagas,2026-05,SEC,0,0,0,0,0,0,0,0,0
osm:relation:11089545,Municipio Uracoa,Monagas,2026-06,CON,0,0,0,0,0,0,0,0,0
osm:relation:11089545,Municipio Uracoa,Monagas,2026-06,ELM,0,0,0,0,0,0,0,0,0
osm:relation:11089545,Municipio Uracoa,Monagas,2026-06,EXT,0,0,0,0,0,0,0,0,0
osm:relation:11089545,Municipio Uracoa,Monagas,2026-06,MAC,0,0,0,0,0,0,0,0,0
osm:relation:11089545,Municipio Uracoa,Monagas,2026-06,OIL,0,0,0,0,0,0,0,0,0
osm:relation:11089545,Municipio Uracoa,Monagas,2026-06,POL,0,0,0,0,0,0,0,0,0
osm:relation:11089545,Municipio Uracoa,Monagas,2026-06,SAN,0,0,0,0,0,0,0,0,0
osm:relation:11089545,Municipio Uracoa,Monagas,2026-06,SEC,0,0,0,0,0,0,0,0,0
osm:relation:11089545,Municipio Uracoa,Monagas,2026-07,CON,0,0,0,0,0,0,0,0,0
osm:relation:11089545,Municipio Uracoa,Monagas,2026-07,ELM,0,0,0,0,0,0,0,0,0
osm:relation:11089545,Municipio Uracoa,Monagas,2026-07,EXT,0,0,0,0,0,0,0,0,0
osm:relation:11089545,Municipio Uracoa,Monagas,2026-07,MAC,0,0,0,0,0,0,0,0,0
osm:relation:11089545,Municipio Uracoa,Monagas,2026-07,OIL,0,0,0,0,0,0,0,0,0
osm:relation:11089545,Municipio Uracoa,Monagas,2026-07,POL,0,0,0,0,0,0,0,0,0
osm:relation:11089545,Municipio Uracoa,Monagas,2026-07,SAN,0,0,0,0,0,0,0,0,0
osm:relation:11089545,Municipio Uracoa,Monagas,2026-07,SEC,0,0,0,0,0,0,0,0,0
osm:relation:11089545,Municipio Uracoa,Monagas,2026-08,CON,0,0,0,0,0,0,0,0,0
osm:relation:11089545,Municipio Uracoa,Monagas,2026-08,ELM,0,0,0,0,0,0,0,0,0
osm:relation:11089545,Municipio Uracoa,Monagas,2026-08,EXT,0,0,0,0,0,0,0,0,0
osm:relation:11089545,Municipio Uracoa,Monagas,2026-08,MAC,0,0,0,0,0,0,0,0,0
osm:relation:11089545,Municipio Uracoa,Monagas,2026-08,OIL,0,0,0,0,0,0,0,0,0
osm:relation:11089545,Municipio Uracoa,Monagas,2026-08,POL,0,0,0,0,0,0,0,0,0
osm:relation:11089545,Municipio Uracoa,Monagas,2026-08,SAN,0,0,0,0,0,0,0,0,0
osm:relation:11089545,Municipio Uracoa,Monagas,2026-08,SEC,0,0,0,0,0,0,0,0,0
osm:relation:11089545,Municipio Uracoa,Monagas,2026-09,CON,0,0,0,0,0,0,0,0,0
osm:relation:11089545,Municipio Uracoa,Monagas,2026-09,ELM,0,0,0,0,0,0,0,0,0
osm:relation:11089545,Municipio Uracoa,Monagas,2026-09,EXT,0,0,0,0,0,0,0,0,0
osm:relation:11089545,Municipio Uracoa,Monagas,2026-09,MAC,0,0,0,0,0,0,0,0,0
osm:relation:11089545,Municipio Uracoa,Monagas,2026-09,OIL,0,0,0,0,0,0,0,0,0
osm:relation:11089545,Municipio Uracoa,Monagas,2026-09,POL,0,0,0,0,0,0,0,0,0
osm:relation:11089545,Municipio Uracoa,Monagas,2026-09,SAN,0,0,0,0,0,0,0,0,0
osm:relation:11089545,Municipio Uracoa,Monagas,2026-09,SEC,0,0,0,0,0,0,0,0,0
osm:relation:11089546,Municipio Libertador,Monagas,2024-09,CON,0,0,0,0,0,0,0,0,0
osm:relation:11089546,Municipio Libertador,Monagas,2024-09,ELM,0,0,0,0,0,0,0,0,0
osm:relation:11089546,Municipio Libertador,Monagas,2024-09,EXT,0,0,0,0,0,0,0,0,0
osm:relation:11089546,Municipio Libertador,Monagas,2024-09,MAC,0,0,0,0,0,0,0,0,0
osm:relation:11089546,Municipio Libertador,Monagas,2024-09,OIL,0,0,0,0,0,0,0,0,0
osm:relation:11089546,Municipio Libertador,Monagas,2024-09,POL,0,0,0,0,0,0,0,0,0
osm:relation:11089546,Municipio Libertador,Monagas,2024-09,SAN,0,0,0,0,0,0,0,0,0
osm:relation:11089546,Municipio Libertador,Monagas,2024-09,SEC,0,0,0,0,0,0,0,0,0
osm:relation:11089546,Municipio Libertador,Monagas,2024-10,CON,0,0,0,0,0,0,0,0,0
osm:relation:11089546,Municipio Libertador,Monagas,2024-10,ELM,0,0,0,0,0,0,0,0,0
osm:relation:11089546,Municipio Libertador,Monagas,2024-10,EXT,0,0,0,0,0,0,0,0,0
osm:relation:11089546,Municipio Libertador,Monagas,2024-10,MAC,0,0,0,0,0,0,0,0,0
osm:relation:11089546,Municipio Libertador,Monagas,2024-10,OIL,0,0,0,0,0,0,0,0,0
osm:relation:11089546,Municipio Libertador,Monagas,2024-10,POL,0,0,0,0,0,0,0,0,0
osm:relation:11089546,Municipio Libertador,Monagas,2024-10,SAN,0,0,0,0,0,0,0,0,0
osm:relation:11089546,Municipio Libertador,Monagas,2024-10,SEC,0,0,0,0,0,0,0,0,0
osm:relation:11089546,Municipio Libertador,Monagas,2024-11,CON,0,0,0,0,0,0,0,0,0
osm:relation:11089546,Municipio Libertador,Monagas,2024-11,ELM,0,0,0,0,0,0,0,0,0
osm:relation:11089546,Municipio Libertador,Monagas,2024-11,EXT,0,0,0,0,0,0,0,0,0
osm:relation:11089546,Municipio Libertador,Monagas,2024-11,MAC,0,0,0,0,0,0,0,0,0
osm:relation:11089546,Municipio Libertador,Monagas,2024-11,OIL,0,0,0,0,0,0,0,0,0
osm:relation:11089546,Municipio Libertador,Monagas,2024-11,POL,0,0,0,0,0,0,0,0,0
osm:relation:11089546,Municipio Libertador,Monagas,2024-11,SAN,0,0,0,0,0,0,0,0,0
osm:relation:11089546,Municipio Libertador,Monagas,2024-11,SEC,0,0,0,0,0,0,0,0,0
osm:relation:11089546,Municipio Libertador,Monagas,2024-12,CON,0,0,0,0,0,0,0,0,0
osm:relation:11089546,Municipio Libertador,Monagas,2024-12,ELM,0,0,0,0,0,0,0,0,0
osm:relation:11089546,Municipio Libertador,Monagas,2024-12,EXT,0,0,0,0,0,0,0,0,0
osm:relation:11089546,Municipio Libertador,Monagas,2024-12,MAC,0,0,0,0,0,0,0,0,0
osm:relation:11089546,Municipio Libertador,Monagas,2024-12,OIL,0,0,0,0,0,0,0,0,0
osm:relation:11089546,Municipio Libertador,Monagas,2024-12,POL,0,0,0,0,0,0,0,0,0
osm:relation:11089546,Municipio Libertador,Monagas,2024-12,SAN,0,0,0,0,0,0,0,0,0
osm:relation:11089546,Municipio Libertador,Monagas,2024-12,SEC,0,0,0,0,0,0,0,0,0
osm:relation:11089546,Municipio Libertador,Monagas,2025-01,CON,0,0,0,0,0,0,0,0,0
osm:relation:11089546,Municipio Libertador,Monagas,2025-01,ELM,0,0,0,0,0,0,0,0,0
osm:relation:11089546,Municipio Libertador,Monagas,2025-01,EXT,0,0,0,0,0,0,0,0,0
osm:relation:11089546,Municipio Libertador,Monagas,2025-01,MAC,0,0,0,0,0,0,0,0,0
osm:relation:11089546,Municipio Libertador,Monagas,2025-01,OIL,0,0,0,0,0,0,0,0,0
osm:relation:11089546,Municipio Libertador,Monagas,2025-01,POL,0,0,0,0,0,0,0,0,0
osm:relation:11089546,Municipio Libertador,Monagas,2025-01,SAN,0,0,0,0,0,0,0,0,0
osm:relation:11089546,Municipio Libertador,Monagas,2025-01,SEC,0,0,0,0,0,0,0,0,0
osm:relation:11089546,Municipio Libertador,Monagas,2025-02,CON,0,0,0,0,0,0,0,0,0
osm:relation:11089546,Municipio Libertador,Monagas,2025-02,ELM,0,0,0,0,0,0,0,0,0
osm:relation:11089546,Municipio Libertador,Monagas,2025-02,EXT,0,0,0,0,0,0,0,0,0
osm:relation:11089546,Municipio Libertador,Monagas,2025-02,MAC,0,0,0,0,0,0,0,0,0
osm:relation:11089546,Municipio Libertador,Monagas,2025-02,OIL,0,0,0,0,0,0,0,0,0
osm:relation:11089546,Municipio Libertador,Monagas,2025-02,POL,0,0,0,0,0,0,0,0,0
osm:relation:11089546,Municipio Libertador,Monagas,2025-02,SAN,0,0,0,0,0,0,0,0,0
osm:relation:11089546,Municipio Libertador,Monagas,2025-02,SEC,0,0,0,0,0,0,0,0,0
osm:relation:11089546,Municipio Libertador,Monagas,2025-03,CON,0,0,0,0,0,0,0,0,0
osm:relation:11089546,Municipio Libertador,Monagas,2025-03,ELM,0,0,0,0,0,0,0,0,0
osm:relation:11089546,Municipio Libertador,Monagas,2025-03,EXT,0,0,0,0,0,0,0,0,0
osm:relation:11089546,Municipio Libertador,Monagas,2025-03,MAC,0,0,0,0,0,0,0,0,0
osm:relation:11089546,Municipio Libertador,Monagas,2025-03,OIL,0,0,0,0,0,0,0,0,0
osm:relation:11089546,Municipio Libertador,Monagas,2025-03,POL,0,0,0,0,0,0,0,0,0
osm:relation:11089546,Municipio Libertador,Monagas,2025-03,SAN,0,0,0,0,0,0,0,0,0
osm:relation:11089546,Municipio Libertador,Monagas,2025-03,SEC,0,0,0,0,0,0,0,0,0
osm:relation:11089546,Municipio Libertador,Monagas,2025-04,CON,0,0,0,0,0,0,0,0,0
osm:relation:11089546,Municipio Libertador,Monagas,2025-04,ELM,0,0,0,0,0,0,0,0,0
osm:relation:11089546,Municipio Libertador,Monagas,2025-04,EXT,0,0,0,0,0,0,0,0,0
osm:relation:11089546,Municipio Libertador,Monagas,2025-04,MAC,0,0,0,0,0,0,0,0,0
osm:relation:11089546,Municipio Libertador,Monagas,2025-04,OIL,0,0,0,0,0,0,0,0,0
osm:relation:11089546,Municipio Libertador,Monagas,2025-04,POL,0,0,0,0,0,0,0,0,0
osm:relation:11089546,Municipio Libertador,Monagas,2025-04,SAN,0,0,0,0,0,0,0,0,0
osm:relation:11089546,Municipio Libertador,Monagas,2025-04,SEC,0,0,0,0,0,0,0,0,0
osm:relation:11089546,Municipio Libertador,Monagas,2025-05,CON,0,0,0,0,0,0,0,0,0
osm:relation:11089546,Municipio Libertador,Monagas,2025-05,ELM,0,0,0,0,0,0,0,0,0
osm:relation:11089546,Municipio Libertador,Monagas,2025-05,EXT,0,0,0,0,0,0,0,0,0
osm:relation:11089546,Municipio Libertador,Monagas,2025-05,MAC,0,0,0,0,0,0,0,0,0
osm:relation:11089546,Municipio Libertador,Monagas,2025-05,OIL,0,0,0,0,0,0,0,0,0
osm:relation:11089546,Municipio Libertador,Monagas,2025-05,POL,0,0,0,0,0,0,0,0,0
osm:relation:11089546,Municipio Libertador,Monagas,2025-05,SAN,0,0,0,0,0,0,0,0,0
osm:relation:11089546,Municipio Libertador,Monagas,2025-05,SEC,0,0,0,0,0,0,0,0,0
osm:relation:11089546,Municipio Libertador,Monagas,2025-06,CON,0,0,0,0,0,0,0,0,0
osm:relation:11089546,Municipio Libertador,Monagas,2025-06,ELM,0,0,0,0,0,0,0,0,0
osm:relation:11089546,Municipio Libertador,Monagas,2025-06,EXT,0,0,0,0,0,0,0,0,0
osm:relation:11089546,Municipio Libertador,Monagas,2025-06,MAC,0,0,0,0,0,0,0,0,0
osm:relation:11089546,Municipio Libertador,Monagas,2025-06,OIL,0,0,0,0,0,0,0,0,0
osm:relation:11089546,Municipio Libertador,Monagas,2025-06,POL,0,0,0,0,0,0,0,0,0
osm:relation:11089546,Municipio Libertador,Monagas,2025-06,SAN,0,0,0,0,0,0,0,0,0
osm:relation:11089546,Municipio Libertador,Monagas,2025-06,SEC,0,0,0,0,0,0,0,0,0
osm:relation:11089546,Municipio Libertador,Monagas,2025-07,CON,0,0,0,0,0,0,0,0,0
osm:relation:11089546,Municipio Libertador,Monagas,2025-07,ELM,0,0,0,0,0,0,0,0,0
osm:relation:11089546,Municipio Libertador,Monagas,2025-07,EXT,0,0,0,0,0,0,0,0,0
osm:relation:11089546,Municipio Libertador,Monagas,2025-07,MAC,0,0,0,0,0,0,0,0,0
osm:relation:11089546,Municipio Libertador,Monagas,2025-07,OIL,0,0,0,0,0,0,0,0,0
osm:relation:11089546,Municipio Libertador,Monagas,2025-07,POL,0,0,0,0,0,0,0,0,0
osm:relation:11089546,Municipio Libertador,Monagas,2025-07,SAN,0,0,0,0,0,0,0,0,0
osm:relation:11089546,Municipio Libertador,Monagas,2025-07,SEC,0,0,0,0,0,0,0,0,0
osm:relation:11089546,Municipio Libertador,Monagas,2025-08,CON,0,0,0,0,0,0,0,0,0
osm:relation:11089546,Municipio Libertador,Monagas,2025-08,ELM,0,0,0,0,0,0,0,0,0
osm:relation:11089546,Municipio Libertador,Monagas,2025-08,EXT,0,0,0,0,0,0,0,0,0
osm:relation:11089546,Municipio Libertador,Monagas,2025-08,MAC,0,0,0,0,0,0,0,0,0
osm:relation:11089546,Municipio Libertador,Monagas,2025-08,OIL,0,0,0,0,0,0,0,0,0
osm:relation:11089546,Municipio Libertador,Monagas,2025-08,POL,1,1,0,0,0,0,0,0,1
osm:relation:11089546,Municipio Libertador,Monagas,2025-08,SAN,0,0,0,0,0,0,0,0,0
osm:relation:11089546,Municipio Libertador,Monagas,2025-08,SEC,0,0,0,0,0,0,0,0,0
osm:relation:11089546,Municipio Libertador,Monagas,2025-09,CON,0,0,0,0,0,0,0,0,0
osm:relation:11089546,Municipio Libertador,Monagas,2025-09,ELM,0,0,0,0,0,0,0,0,0
osm:relation:11089546,Municipio Libertador,Monagas,2025-09,EXT,0,0,0,0,0,0,0,0,0
osm:relation:11089546,Municipio Libertador,Monagas,2025-09,MAC,0,0,0,0,0,0,0,0,0
osm:relation:11089546,Municipio Libertador,Monagas,2025-09,OIL,0,0,0,0,0,0,0,0,0
osm:relation:11089546,Municipio Libertador,Monagas,2025-09,POL,0,0,0,0,0,0,0,0,0
osm:relation:11089546,Municipio Libertador,Monagas,2025-09,SAN,0,0,0,0,0,0,0,0,0
osm:relation:11089546,Municipio Libertador,Monagas,2025-09,SEC,0,0,0,0,0,0,0,0,0
osm:relation:11089546,Municipio Libertador,Monagas,2025-10,CON,0,0,0,0,0,0,0,0,0
osm:relation:11089546,Municipio Libertador,Monagas,2025-10,ELM,0,0,0,0,0,0,0,0,0
osm:relation:11089546,Municipio Libertador,Monagas,2025-10,EXT,0,0,0,0,0,0,0,0,0
osm:relation:11089546,Municipio Libertador,Monagas,2025-10,MAC,0,0,0,0,0,0,0,0,0
osm:relation:11089546,Municipio Libertador,Monagas,2025-10,OIL,0,0,0,0,0,0,0,0,0
osm:relation:11089546,Municipio Libertador,Monagas,2025-10,POL,0,0,0,0,0,0,0,0,0
osm:relation:11089546,Municipio Libertador,Monagas,2025-10,SAN,0,0,0,0,0,0,0,0,0
osm:relation:11089546,Municipio Libertador,Monagas,2025-10,SEC,0,0,0,0,0,0,0,0,0
osm:relation:11089546,Municipio Libertador,Monagas,2025-11,CON,0,0,0,0,0,0,0,0,0
osm:relation:11089546,Municipio Libertador,Monagas,2025-11,ELM,0,0,0,0,0,0,0,0,0
osm:relation:11089546,Municipio Libertador,Monagas,2025-11,EXT,0,0,0,0,0,0,0,0,0
osm:relation:11089546,Municipio Libertador,Monagas,2025-11,MAC,0,0,0,0,0,0,0,0,0
osm:relation:11089546,Municipio Libertador,Monagas,2025-11,OIL,0,0,0,0,0,0,0,0,0
osm:relation:11089546,Municipio Libertador,Monagas,2025-11,POL,0,0,0,0,0,0,0,0,0
osm:relation:11089546,Municipio Libertador,Monagas,2025-11,SAN,0,0,0,0,0,0,0,0,0
osm:relation:11089546,Municipio Libertador,Monagas,2025-11,SEC,0,0,0,0,0,0,0,0,0
osm:relation:11089546,Municipio Libertador,Monagas,2025-12,CON,0,0,0,0,0,0,0,0,0
osm:relation:11089546,Municipio Libertador,Monagas,2025-12,ELM,0,0,0,0,0,0,0,0,0
osm:relation:11089546,Municipio Libertador,Monagas,2025-12,EXT,0,0,0,0,0,0,0,0,0
osm:relation:11089546,Municipio Libertador,Monagas,2025-12,MAC,0,0,0,0,0,0,0,0,0
osm:relation:11089546,Municipio Libertador,Monagas,2025-12,OIL,0,0,0,0,0,0,0,0,0
osm:relation:11089546,Municipio Libertador,Monagas,2025-12,POL,0,0,0,0,0,0,0,0,0
osm:relation:11089546,Municipio Libertador,Monagas,2025-12,SAN,0,0,0,0,0,0,0,0,0
osm:relation:11089546,Municipio Libertador,Monagas,2025-12,SEC,0,0,0,0,0,0,0,0,0
osm:relation:11089546,Municipio Libertador,Monagas,2026-01,CON,0,0,0,0,0,0,0,0,0
osm:relation:11089546,Municipio Libertador,Monagas,2026-01,ELM,0,0,0,0,0,0,0,0,0
osm:relation:11089546,Municipio Libertador,Monagas,2026-01,EXT,0,0,0,0,0,0,0,0,0
osm:relation:11089546,Municipio Libertador,Monagas,2026-01,MAC,0,0,0,0,0,0,0,0,0
osm:relation:11089546,Municipio Libertador,Monagas,2026-01,OIL,0,0,0,0,0,0,0,0,0
osm:relation:11089546,Municipio Libertador,Monagas,2026-01,POL,0,0,0,0,0,0,0,0,0
osm:relation:11089546,Municipio Libertador,Monagas,2026-01,SAN,0,0,0,0,0,0,0,0,0
osm:relation:11089546,Municipio Libertador,Monagas,2026-01,SEC,0,0,0,0,0,0,0,0,0
osm:relation:11089546,Municipio Libertador,Monagas,2026-02,CON,0,0,0,0,0,0,0,0,0
osm:relation:11089546,Municipio Libertador,Monagas,2026-02,ELM,0,0,0,0,0,0,0,0,0
osm:relation:11089546,Municipio Libertador,Monagas,2026-02,EXT,0,0,0,0,0,0,0,0,0
osm:relation:11089546,Municipio Libertador,Monagas,2026-02,MAC,0,0,0,0,0,0,0,0,0
osm:relation:11089546,Municipio Libertador,Monagas,2026-02,OIL,0,0,0,0,0,0,0,0,0
osm:relation:11089546,Municipio Libertador,Monagas,2026-02,POL,0,0,0,0,0,0,0,0,0
osm:relation:11089546,Municipio Libertador,Monagas,2026-02,SAN,0,0,0,0,0,0,0,0,0
osm:relation:11089546,Municipio Libertador,Monagas,2026-02,SEC,0,0,0,0,0,0,0,0,0
osm:relation:11089546,Municipio Libertador,Monagas,2026-03,CON,0,0,0,0,0,0,0,0,0
osm:relation:11089546,Municipio Libertador,Monagas,2026-03,ELM,0,0,0,0,0,0,0,0,0
osm:relation:11089546,Municipio Libertador,Monagas,2026-03,EXT,0,0,0,0,0,0,0,0,0
osm:relation:11089546,Municipio Libertador,Monagas,2026-03,MAC,0,0,0,0,0,0,0,0,0
osm:relation:11089546,Municipio Libertador,Monagas,2026-03,OIL,0,0,0,0,0,0,0,0,0
osm:relation:11089546,Municipio Libertador,Monagas,2026-03,POL,0,0,0,0,0,0,0,0,0
osm:relation:11089546,Municipio Libertador,Monagas,2026-03,SAN,0,0,0,0,0,0,0,0,0
osm:relation:11089546,Municipio Libertador,Monagas,2026-03,SEC,0,0,0,0,0,0,0,0,0
osm:relation:11089546,Municipio Libertador,Monagas,2026-04,CON,0,0,0,0,0,0,0,0,0
osm:relation:11089546,Municipio Libertador,Monagas,2026-04,ELM,0,0,0,0,0,0,0,0,0
osm:relation:11089546,Municipio Libertador,Monagas,2026-04,EXT,0,0,0,0,0,0,0,0,0
osm:relation:11089546,Municipio Libertador,Monagas,2026-04,MAC,0,0,0,0,0,0,0,0,0
osm:relation:11089546,Municipio Libertador,Monagas,2026-04,OIL,0,0,0,0,0,0,0,0,0
osm:relation:11089546,Municipio Libertador,Monagas,2026-04,POL,0,0,0,0,0,0,0,0,0
osm:relation:11089546,Municipio Libertador,Monagas,2026-04,SAN,0,0,0,0,0,0,0,0,0
osm:relation:11089546,Municipio Libertador,Monagas,2026-04,SEC,0,0,0,0,0,0,0,0,0
osm:relation:11089546,Municipio Libertador,Monagas,2026-05,CON,0,0,0,0,0,0,0,0,0
osm:relation:11089546,Municipio Libertador,Monagas,2026-05,ELM,0,0,0,0,0,0,0,0,0
osm:relation:11089546,Municipio Libertador,Monagas,2026-05,EXT,0,0,0,0,0,0,0,0,0
osm:relation:11089546,Municipio Libertador,Monagas,2026-05,MAC,0,0,0,0,0,0,0,0,0
osm:relation:11089546,Municipio Libertador,Monagas,2026-05,OIL,0,0,0,0,0,0,0,0,0
osm:relation:11089546,Municipio Libertador,Monagas,2026-05,POL,0,0,0,0,0,0,0,0,0
osm:relation:11089546,Municipio Libertador,Monagas,2026-05,SAN,0,0,0,0,0,0,0,0,0
osm:relation:11089546,Municipio Libertador,Monagas,2026-05,SEC,0,0,0,0,0,0,0,0,0
osm:relation:11089546,Municipio Libertador,Monagas,2026-06,CON,0,0,0,0,0,0,0,0,0
osm:relation:11089546,Municipio Libertador,Monagas,2026-06,ELM,0,0,0,0,0,0,0,0,0
osm:relation:11089546,Municipio Libertador,Monagas,2026-06,EXT,0,0,0,0,0,0,0,0,0
osm:relation:11089546,Municipio Libertador,Monagas,2026-06,MAC,0,0,0,0,0,0,0,0,0
osm:relation:11089546,Municipio Libertador,Monagas,2026-06,OIL,0,0,0,0,0,0,0,0,0
osm:relation:11089546,Municipio Libertador,Monagas,2026-06,POL,0,0,0,0,0,0,0,0,0
osm:relation:11089546,Municipio Libertador,Monagas,2026-06,SAN,0,0,0,0,0,0,0,0,0
osm:relation:11089546,Municipio Libertador,Monagas,2026-06,SEC,0,0,0,0,0,0,0,0,0
osm:relation:11089546,Municipio Libertador,Monagas,2026-07,CON,0,0,0,0,0,0,0,0,0
osm:relation:11089546,Municipio Libertador,Monagas,2026-07,ELM,0,0,0,0,0,0,0,0,0
osm:relation:11089546,Municipio Libertador,Monagas,2026-07,EXT,0,0,0,0,0,0,0,0,0
osm:relation:11089546,Municipio Libertador,Monagas,2026-07,MAC,0,0,0,0,0,0,0,0,0
osm:relation:11089546,Municipio Libertador,Monagas,2026-07,OIL,0,0,0,0,0,0,0,0,0
osm:relation:11089546,Municipio Libertador,Monagas,2026-07,POL,0,0,0,0,0,0,0,0,0
osm:relation:11089546,Municipio Libertador,Monagas,2026-07,SAN,0,0,0,0,0,0,0,0,0
osm:relation:11089546,Municipio Libertador,Monagas,2026-07,SEC,0,0,0,0,0,0,0,0,0
osm:relation:11089546,Municipio Libertador,Monagas,2026-08,CON,0,0,0,0,0,0,0,0,0
osm:relation:11089546,Municipio Libertador,Monagas,2026-08,ELM,0,0,0,0,0,0,0,0,0
osm:relation:11089546,Municipio Libertador,Monagas,2026-08,EXT,0,0,0,0,0,0,0,0,0
osm:relation:11089546,Municipio Libertador,Monagas,2026-08,MAC,0,0,0,0,0,0,0,0,0
osm:relation:11089546,Municipio Libertador,Monagas,2026-08,OIL,0,0,0,0,0,0,0,0,0
osm:relation:11089546,Municipio Libertador,Monagas,2026-08,POL,0,0,0,0,0,0,0,0,0
osm:relation:11089546,Municipio Libertador,Monagas,2026-08,SAN,0,0,0,0,0,0,0,0,0
osm:relation:11089546,Municipio Libertador,Monagas,2026-08,SEC,0,0,0,0,0,0,0,0,0
osm:relation:11089546,Municipio Libertador,Monagas,2026-09,CON,0,0,0,0,0,0,0,0,0
osm:relation:11089546,Municipio Libertador,Monagas,2026-09,ELM,0,0,0,0,0,0,0,0,0
osm:relation:11089546,Municipio Libertador,Monagas,2026-09,EXT,0,0,0,0,0,0,0,0,0
osm:relation:11089546,Municipio Libertador,Monagas,2026-09,MAC,0,0,0,0,0,0,0,0,0
osm:relation:11089546,Municipio Libertador,Monagas,2026-09,OIL,0,0,0,0,0,0,0,0,0
osm:relation:11089546,Municipio Libertador,Monagas,2026-09,POL,0,0,0,0,0,0,0,0,0
osm:relation:11089546,Municipio Libertador,Monagas,2026-09,SAN,0,0,0,0,0,0,0,0,0
osm:relation:11089546,Municipio Libertador,Monagas,2026-09,SEC,0,0,0,0,0,0,0,0,0
osm:relation:11089547,Municipio Sotillo,Monagas,2024-09,CON,0,0,0,0,0,0,0,0,0
osm:relation:11089547,Municipio Sotillo,Monagas,2024-09,ELM,0,0,0,0,0,0,0,0,0
osm:relation:11089547,Municipio Sotillo,Monagas,2024-09,EXT,0,0,0,0,0,0,0,0,0
osm:relation:11089547,Municipio Sotillo,Monagas,2024-09,MAC,0,0,0,0,0,0,0,0,0
osm:relation:11089547,Municipio Sotillo,Monagas,2024-09,OIL,0,0,0,0,0,0,0,0,0
osm:relation:11089547,Municipio Sotillo,Monagas,2024-09,POL,0,0,0,0,0,0,0,0,0
osm:relation:11089547,Municipio Sotillo,Monagas,2024-09,SAN,0,0,0,0,0,0,0,0,0
osm:relation:11089547,Municipio Sotillo,Monagas,2024-09,SEC,0,0,0,0,0,0,0,0,0
osm:relation:11089547,Municipio Sotillo,Monagas,2024-10,CON,0,0,0,0,0,0,0,0,0
osm:relation:11089547,Municipio Sotillo,Monagas,2024-10,ELM,0,0,0,0,0,0,0,0,0
osm:relation:11089547,Municipio Sotillo,Monagas,2024-10,EXT,0,0,0,0,0,0,0,0,0
osm:relation:11089547,Municipio Sotillo,Monagas,2024-10,MAC,0,0,0,0,0,0,0,0,0
osm:relation:11089547,Municipio Sotillo,Monagas,2024-10,OIL,0,0,0,0,0,0,0,0,0
osm:relation:11089547,Municipio Sotillo,Monagas,2024-10,POL,0,0,0,0,0,0,0,0,0
osm:relation:11089547,Municipio Sotillo,Monagas,2024-10,SAN,0,0,0,0,0,0,0,0,0
osm:relation:11089547,Municipio Sotillo,Monagas,2024-10,SEC,0,0,0,0,0,0,0,0,0
osm:relation:11089547,Municipio Sotillo,Monagas,2024-11,CON,0,0,0,0,0,0,0,0,0
osm:relation:11089547,Municipio Sotillo,Monagas,2024-11,ELM,0,0,0,0,0,0,0,0,0
osm:relation:11089547,Municipio Sotillo,Monagas,2024-11,EXT,0,0,0,0,0,0,0,0,0
osm:relation:11089547,Municipio Sotillo,Monagas,2024-11,MAC,0,0,0,0,0,0,0,0,0
osm:relation:11089547,Municipio Sotillo,Monagas,2024-11,OIL,0,0,0,0,0,0,0,0,0
osm:relation:11089547,Municipio Sotillo,Monagas,2024-11,POL,0,0,0,0,0,0,0,0,0
osm:relation:11089547,Municipio Sotillo,Monagas,2024-11,SAN,0,0,0,0,0,0,0,0,0
osm:relation:11089547,Municipio Sotillo,Monagas,2024-11,SEC,0,0,0,0,0,0,0,0,0
osm:relation:11089547,Municipio Sotillo,Monagas,2024-12,CON,0,0,0,0,0,0,0,0,0
osm:relation:11089547,Municipio Sotillo,Monagas,2024-12,ELM,1,1,0,0,0,0,0,0,1
osm:relation:11089547,Municipio Sotillo,Monagas,2024-12,EXT,0,0,0,0,0,0,0,0,0
osm:relation:11089547,Municipio Sotillo,Monagas,2024-12,MAC,0,0,0,0,0,0,0,0,0
osm:relation:11089547,Municipio Sotillo,Monagas,2024-12,OIL,0,0,0,0,0,0,0,0,0
osm:relation:11089547,Municipio Sotillo,Monagas,2024-12,POL,0,0,0,0,0,0,0,0,0
osm:relation:11089547,Municipio Sotillo,Monagas,2024-12,SAN,0,0,0,0,0,0,0,0,0
osm:relation:11089547,Municipio Sotillo,Monagas,2024-12,SEC,0,0,0,0,0,0,0,0,0
osm:relation:11089547,Municipio Sotillo,Monagas,2025-01,CON,0,0,0,0,0,0,0,0,0
osm:relation:11089547,Municipio Sotillo,Monagas,2025-01,ELM,1,1,0,0,0,0,0,0,1
osm:relation:11089547,Municipio Sotillo,Monagas,2025-01,EXT,0,0,0,0,0,0,0,0,0
osm:relation:11089547,Municipio Sotillo,Monagas,2025-01,MAC,0,0,0,0,0,0,0,0,0
osm:relation:11089547,Municipio Sotillo,Monagas,2025-01,OIL,0,0,0,0,0,0,0,0,0
osm:relation:11089547,Municipio Sotillo,Monagas,2025-01,POL,0,0,0,0,0,0,0,0,0
osm:relation:11089547,Municipio Sotillo,Monagas,2025-01,SAN,0,0,0,0,0,0,0,0,0
osm:relation:11089547,Municipio Sotillo,Monagas,2025-01,SEC,0,0,0,0,0,0,0,0,0
osm:relation:11089547,Municipio Sotillo,Monagas,2025-02,CON,0,0,0,0,0,0,0,0,0
osm:relation:11089547,Municipio Sotillo,Monagas,2025-02,ELM,0,0,0,0,0,0,0,0,0
osm:relation:11089547,Municipio Sotillo,Monagas,2025-02,EXT,0,0,0,0,0,0,0,0,0
osm:relation:11089547,Municipio Sotillo,Monagas,2025-02,MAC,0,0,0,0,0,0,0,0,0
osm:relation:11089547,Municipio Sotillo,Monagas,2025-02,OIL,0,0,0,0,0,0,0,0,0
osm:relation:11089547,Municipio Sotillo,Monagas,2025-02,POL,0,0,0,0,0,0,0,0,0
osm:relation:11089547,Municipio Sotillo,Monagas,2025-02,SAN,0,0,0,0,0,0,0,0,0
osm:relation:11089547,Municipio Sotillo,Monagas,2025-02,SEC,0,0,0,0,0,0,0,0,0
osm:relation:11089547,Municipio Sotillo,Monagas,2025-03,CON,0,0,0,0,0,0,0,0,0
osm:relation:11089547,Municipio Sotillo,Monagas,2025-03,ELM,0,0,0,0,0,0,0,0,0
osm:relation:11089547,Municipio Sotillo,Monagas,2025-03,EXT,0,0,0,0,0,0,0,0,0
osm:relation:11089547,Municipio Sotillo,Monagas,2025-03,MAC,0,0,0,0,0,0,0,0,0
osm:relation:11089547,Municipio Sotillo,Monagas,2025-03,OIL,0,0,0,0,0,0,0,0,0
osm:relation:11089547,Municipio Sotillo,Monagas,2025-03,POL,0,0,0,0,0,0,0,0,0
osm:relation:11089547,Municipio Sotillo,Monagas,2025-03,SAN,0,0,0,0,0,0,0,0,0
osm:relation:11089547,Municipio Sotillo,Monagas,2025-03,SEC,0,0,0,0,0,0,0,0,0
osm:relation:11089547,Municipio Sotillo,Monagas,2025-04,CON,0,0,0,0,0,0,0,0,0
osm:relation:11089547,Municipio Sotillo,Monagas,2025-04,ELM,0,0,0,0,0,0,0,0,0
osm:relation:11089547,Municipio Sotillo,Monagas,2025-04,EXT,0,0,0,0,0,0,0,0,0
osm:relation:11089547,Municipio Sotillo,Monagas,2025-04,MAC,0,0,0,0,0,0,0,0,0
osm:relation:11089547,Municipio Sotillo,Monagas,2025-04,OIL,0,0,0,0,0,0,0,0,0
osm:relation:11089547,Municipio Sotillo,Monagas,2025-04,POL,0,0,0,0,0,0,0,0,0
osm:relation:11089547,Municipio Sotillo,Monagas,2025-04,SAN,0,0,0,0,0,0,0,0,0
osm:relation:11089547,Municipio Sotillo,Monagas,2025-04,SEC,0,0,0,0,0,0,0,0,0
osm:relation:11089547,Municipio Sotillo,Monagas,2025-05,CON,0,0,0,0,0,0,0,0,0
osm:relation:11089547,Municipio Sotillo,Monagas,2025-05,ELM,0,0,0,0,0,0,0,0,0
osm:relation:11089547,Municipio Sotillo,Monagas,2025-05,EXT,0,0,0,0,0,0,0,0,0
osm:relation:11089547,Municipio Sotillo,Monagas,2025-05,MAC,0,0,0,0,0,0,0,0,0
osm:relation:11089547,Municipio Sotillo,Monagas,2025-05,OIL,0,0,0,0,0,0,0,0,0
osm:relation:11089547,Municipio Sotillo,Monagas,2025-05,POL,0,0,0,0,0,0,0,0,0
osm:relation:11089547,Municipio Sotillo,Monagas,2025-05,SAN,0,0,0,0,0,0,0,0,0
osm:relation:11089547,Municipio Sotillo,Monagas,2025-05,SEC,0,0,0,0,0,0,0,0,0
osm:relation:11089547,Municipio Sotillo,Monagas,2025-06,CON,0,0,0,0,0,0,0,0,0
osm:relation:11089547,Municipio Sotillo,Monagas,2025-06,ELM,0,0,0,0,0,0,0,0,0
osm:relation:11089547,Municipio Sotillo,Monagas,2025-06,EXT,0,0,0,0,0,0,0,0,0
osm:relation:11089547,Municipio Sotillo,Monagas,2025-06,MAC,0,0,0,0,0,0,0,0,0
osm:relation:11089547,Municipio Sotillo,Monagas,2025-06,OIL,0,0,0,0,0,0,0,0,0
osm:relation:11089547,Municipio Sotillo,Monagas,2025-06,POL,0,0,0,0,0,0,0,0,0
osm:relation:11089547,Municipio Sotillo,Monagas,2025-06,SAN,0,0,0,0,0,0,0,0,0
osm:relation:11089547,Municipio Sotillo,Monagas,2025-06,SEC,0,0,0,0,0,0,0,0,0
osm:relation:11089547,Municipio Sotillo,Monagas,2025-07,CON,0,0,0,0,0,0,0,0,0
osm:relation:11089547,Municipio Sotillo,Monagas,2025-07,ELM,0,0,0,0,0,0,0,0,0
osm:relation:11089547,Municipio Sotillo,Monagas,2025-07,EXT,0,0,0,0,0,0,0,0,0
osm:relation:11089547,Municipio Sotillo,Monagas,2025-07,MAC,0,0,0,0,0,0,0,0,0
osm:relation:11089547,Municipio Sotillo,Monagas,2025-07,OIL,0,0,0,0,0,0,0,0,0
osm:relation:11089547,Municipio Sotillo,Monagas,2025-07,POL,0,0,0,0,0,0,0,0,0
osm:relation:11089547,Municipio Sotillo,Monagas,2025-07,SAN,0,0,0,0,0,0,0,0,0
osm:relation:11089547,Municipio Sotillo,Monagas,2025-07,SEC,1,1,0,0,0,0,0,0,1
osm:relation:11089547,Municipio Sotillo,Monagas,2025-08,CON,0,0,0,0,0,0,0,0,0
osm:relation:11089547,Municipio Sotillo,Monagas,2025-08,ELM,0,0,0,0,0,0,0,0,0
osm:relation:11089547,Municipio Sotillo,Monagas,2025-08,EXT,0,0,0,0,0,0,0,0,0
osm:relation:11089547,Municipio Sotillo,Monagas,2025-08,MAC,0,0,0,0,0,0,0,0,0
osm:relation:11089547,Municipio Sotillo,Monagas,2025-08,OIL,0,0,0,0,0,0,0,0,0
osm:relation:11089547,Municipio Sotillo,Monagas,2025-08,POL,1,1,0,0,0,0,0,0,1
osm:relation:11089547,Municipio Sotillo,Monagas,2025-08,SAN,0,0,0,0,0,0,0,0,0
osm:relation:11089547,Municipio Sotillo,Monagas,2025-08,SEC,2,2,0,0,0,0,0,0,2
osm:relation:11089547,Municipio Sotillo,Monagas,2025-09,CON,0,0,0,0,0,0,0,0,0
osm:relation:11089547,Municipio Sotillo,Monagas,2025-09,ELM,2,2,0,0,0,0,0,0,2
osm:relation:11089547,Municipio Sotillo,Monagas,2025-09,EXT,0,0,0,0,0,0,0,0,0
osm:relation:11089547,Municipio Sotillo,Monagas,2025-09,MAC,0,0,0,0,0,0,0,0,0
osm:relation:11089547,Municipio Sotillo,Monagas,2025-09,OIL,0,0,0,0,0,0,0,0,0
osm:relation:11089547,Municipio Sotillo,Monagas,2025-09,POL,0,0,0,0,0,0,0,0,0
osm:relation:11089547,Municipio Sotillo,Monagas,2025-09,SAN,0,0,0,0,0,0,0,0,0
osm:relation:11089547,Municipio Sotillo,Monagas,2025-09,SEC,0,0,0,0,0,0,0,0,0
osm:relation:11089547,Municipio Sotillo,Monagas,2025-10,CON,0,0,0,0,0,0,0,0,0
osm:relation:11089547,Municipio Sotillo,Monagas,2025-10,ELM,0,0,0,0,0,0,0,0,0
osm:relation:11089547,Municipio Sotillo,Monagas,2025-10,EXT,0,0,0,0,0,0,0,0,0
osm:relation:11089547,Municipio Sotillo,Monagas,2025-10,MAC,0,0,0,0,0,0,0,0,0
osm:relation:11089547,Municipio Sotillo,Monagas,2025-10,OIL,0,0,0,0,0,0,0,0,0
osm:relation:11089547,Municipio Sotillo,Monagas,2025-10,POL,0,0,0,0,0,0,0,0,0
osm:relation:11089547,Municipio Sotillo,Monagas,2025-10,SAN,0,0,0,0,0,0,0,0,0
osm:relation:11089547,Municipio Sotillo,Monagas,2025-10,SEC,0,0,0,0,0,0,0,0,0
osm:relation:11089547,Municipio Sotillo,Monagas,2025-11,CON,0,0,0,0,0,0,0,0,0
osm:relation:11089547,Municipio Sotillo,Monagas,2025-11,ELM,0,0,0,0,0,0,0,0,0
osm:relation:11089547,Municipio Sotillo,Monagas,2025-11,EXT,0,0,0,0,0,0,0,0,0
osm:relation:11089547,Municipio Sotillo,Monagas,2025-11,MAC,0,0,0,0,0,0,0,0,0
osm:relation:11089547,Municipio Sotillo,Monagas,2025-11,OIL,0,0,0,0,0,0,0,0,0
osm:relation:11089547,Municipio Sotillo,Monagas,2025-11,POL,0,0,0,0,0,0,0,0,0
osm:relation:11089547,Municipio Sotillo,Monagas,2025-11,SAN,0,0,0,0,0,0,0,0,0
osm:relation:11089547,Municipio Sotillo,Monagas,2025-11,SEC,0,0,0,0,0,0,0,0,0
osm:relation:11089547,Municipio Sotillo,Monagas,2025-12,CON,0,0,0,0,0,0,0,0,0
osm:relation:11089547,Municipio Sotillo,Monagas,2025-12,ELM,0,0,0,0,0,0,0,0,0
osm:relation:11089547,Municipio Sotillo,Monagas,2025-12,EXT,0,0,0,0,0,0,0,0,0
osm:relation:11089547,Municipio Sotillo,Monagas,2025-12,MAC,0,0,0,0,0,0,0,0,0
osm:relation:11089547,Municipio Sotillo,Monagas,2025-12,OIL,0,0,0,0,0,0,0,0,0
osm:relation:11089547,Municipio Sotillo,Monagas,2025-12,POL,0,0,0,0,0,0,0,0,0
osm:relation:11089547,Municipio Sotillo,Monagas,2025-12,SAN,0,0,0,0,0,0,0,0,0
osm:relation:11089547,Municipio Sotillo,Monagas,2025-12,SEC,0,0,0,0,0,0,0,0,0
osm:relation:11089547,Municipio Sotillo,Monagas,2026-01,CON,0,0,0,0,0,0,0,0,0
osm:relation:11089547,Municipio Sotillo,Monagas,2026-01,ELM,0,0,0,0,0,0,0,0,0
osm:relation:11089547,Municipio Sotillo,Monagas,2026-01,EXT,0,0,0,0,0,0,0,0,0
osm:relation:11089547,Municipio Sotillo,Monagas,2026-01,MAC,0,0,0,0,0,0,0,0,0
osm:relation:11089547,Municipio Sotillo,Monagas,2026-01,OIL,0,0,0,0,0,0,0,0,0
osm:relation:11089547,Municipio Sotillo,Monagas,2026-01,POL,0,0,0,0,0,0,0,0,0
osm:relation:11089547,Municipio Sotillo,Monagas,2026-01,SAN,0,0,0,0,0,0,0,0,0
osm:relation:11089547,Municipio Sotillo,Monagas,2026-01,SEC,0,0,0,0,0,0,0,0,0
osm:relation:11089547,Municipio Sotillo,Monagas,2026-02,CON,0,0,0,0,0,0,0,0,0
osm:relation:11089547,Municipio Sotillo,Monagas,2026-02,ELM,0,0,0,0,0,0,0,0,0
osm:relation:11089547,Municipio Sotillo,Monagas,2026-02,EXT,0,0,0,0,0,0,0,0,0
osm:relation:11089547,Municipio Sotillo,Monagas,2026-02,MAC,0,0,0,0,0,0,0,0,0
osm:relation:11089547,Municipio Sotillo,Monagas,2026-02,OIL,0,0,0,0,0,0,0,0,0
osm:relation:11089547,Municipio Sotillo,Monagas,2026-02,POL,0,0,0,0,0,0,0,0,0
osm:relation:11089547,Municipio Sotillo,Monagas,2026-02,SAN,0,0,0,0,0,0,0,0,0
osm:relation:11089547,Municipio Sotillo,Monagas,2026-02,SEC,0,0,0,0,0,0,0,0,0
osm:relation:11089547,Municipio Sotillo,Monagas,2026-03,CON,0,0,0,0,0,0,0,0,0
osm:relation:11089547,Municipio Sotillo,Monagas,2026-03,ELM,0,0,0,0,0,0,0,0,0
osm:relation:11089547,Municipio Sotillo,Monagas,2026-03,EXT,0,0,0,0,0,0,0,0,0
osm:relation:11089547,Municipio Sotillo,Monagas,2026-03,MAC,0,0,0,0,0,0,0,0,0
osm:relation:11089547,Municipio Sotillo,Monagas,2026-03,OIL,0,0,0,0,0,0,0,0,0
osm:relation:11089547,Municipio Sotillo,Monagas,2026-03,POL,0,0,0,0,0,0,0,0,0
osm:relation:11089547,Municipio Sotillo,Monagas,2026-03,SAN,0,0,0,0,0,0,0,0,0
osm:relation:11089547,Municipio Sotillo,Monagas,2026-03,SEC,0,0,0,0,0,0,0,0,0
osm:relation:11089547,Municipio Sotillo,Monagas,2026-04,CON,0,0,0,0,0,0,0,0,0
osm:relation:11089547,Municipio Sotillo,Monagas,2026-04,ELM,0,0,0,0,0,0,0,0,0
osm:relation:11089547,Municipio Sotillo,Monagas,2026-04,EXT,0,0,0,0,0,0,0,0,0
osm:relation:11089547,Municipio Sotillo,Monagas,2026-04,MAC,0,0,0,0,0,0,0,0,0
osm:relation:11089547,Municipio Sotillo,Monagas,2026-04,OIL,0,0,0,0,0,0,0,0,0
osm:relation:11089547,Municipio Sotillo,Monagas,2026-04,POL,0,0,0,0,0,0,0,0,0
osm:relation:11089547,Municipio Sotillo,Monagas,2026-04,SAN,0,0,0,0,0,0,0,0,0
osm:relation:11089547,Municipio Sotillo,Monagas,2026-04,SEC,0,0,0,0,0,0,0,0,0
osm:relation:11089547,Municipio Sotillo,Monagas,2026-05,CON,0,0,0,0,0,0,0,0,0
osm:relation:11089547,Municipio Sotillo,Monagas,2026-05,ELM,0,0,0,0,0,0,0,0,0
osm:relation:11089547,Municipio Sotillo,Monagas,2026-05,EXT,0,0,0,0,0,0,0,0,0
osm:relation:11089547,Municipio Sotillo,Monagas,2026-05,MAC,0,0,0,0,0,0,0,0,0
osm:relation:11089547,Municipio Sotillo,Monagas,2026-05,OIL,0,0,0,0,0,0,0,0,0
osm:relation:11089547,Municipio Sotillo,Monagas,2026-05,POL,0,0,0,0,0,0,0,0,0
osm:relation:11089547,Municipio Sotillo,Monagas,2026-05,SAN,0,0,0,0,0,0,0,0,0
osm:relation:11089547,Municipio Sotillo,Monagas,2026-05,SEC,0,0,0,0,0,0,0,0,0
osm:relation:11089547,Municipio Sotillo,Monagas,2026-06,CON,0,0,0,0,0,0,0,0,0
osm:relation:11089547,Municipio Sotillo,Monagas,2026-06,ELM,0,0,0,0,0,0,0,0,0
osm:relation:11089547,Municipio Sotillo,Monagas,2026-06,EXT,0,0,0,0,0,0,0,0,0
osm:relation:11089547,Municipio Sotillo,Monagas,2026-06,MAC,0,0,0,0,0,0,0,0,0
osm:relation:11089547,Municipio Sotillo,Monagas,2026-06,OIL,0,0,0,0,0,0,0,0,0
osm:relation:11089547,Municipio Sotillo,Monagas,2026-06,POL,0,0,0,0,0,0,0,0,0
osm:relation:11089547,Municipio Sotillo,Monagas,2026-06,SAN,0,0,0,0,0,0,0,0,0
osm:relation:11089547,Municipio Sotillo,Monagas,2026-06,SEC,0,0,0,0,0,0,0,0,0
osm:relation:11089547,Municipio Sotillo,Monagas,2026-07,CON,0,0,0,0,0,0,0,0,0
osm:relation:11089547,Municipio Sotillo,Monagas,2026-07,ELM,0,0,0,0,0,0,0,0,0
osm:relation:11089547,Municipio Sotillo,Monagas,2026-07,EXT,0,0,0,0,0,0,0,0,0
osm:relation:11089547,Municipio Sotillo,Monagas,2026-07,MAC,0,0,0,0,0,0,0,0,0
osm:relation:11089547,Municipio Sotillo,Monagas,2026-07,OIL,0,0,0,0,0,0,0,0,0
osm:relation:11089547,Municipio Sotillo,Monagas,2026-07,POL,0,0,0,0,0,0,0,0,0
osm:relation:11089547,Municipio Sotillo,Monagas,2026-07,SAN,0,0,0,0,0,0,0,0,0
osm:relation:11089547,Municipio Sotillo,Monagas,2026-07,SEC,0,0,0,0,0,0,0,0,0
osm:relation:11089547,Municipio Sotillo,Monagas,2026-08,CON,0,0,0,0,0,0,0,0,0
osm:relation:11089547,Municipio Sotillo,Monagas,2026-08,ELM,0,0,0,0,0,0,0,0,0
osm:relation:11089547,Municipio Sotillo,Monagas,2026-08,EXT,0,0,0,0,0,0,0,0,0
osm:relation:11089547,Municipio Sotillo,Monagas,2026-08,MAC,0,0,0,0,0,0,0,0,0
osm:relation:11089547,Municipio Sotillo,Monagas,2026-08,OIL,0,0,0,0,0,0,0,0,0
osm:relation:11089547,Municipio Sotillo,Monagas,2026-08,POL,0,0,0,0,0,0,0,0,0
osm:relation:11089547,Municipio Sotillo,Monagas,2026-08,SAN,0,0,0,0,0,0,0,0,0
osm:relation:11089547,Municipio Sotillo,Monagas,2026-08,SEC,0,0,0,0,0,0,0,0,0
osm:relation:11089547,Municipio Sotillo,Monagas,2026-09,CON,0,0,0,0,0,0,0,0,0
osm:relation:11089547,Municipio Sotillo,Monagas,2026-09,ELM,0,0,0,0,0,0,0,0,0
osm:relation:11089547,Municipio Sotillo,Monagas,2026-09,EXT,0,0,0,0,0,0,0,0,0
osm:relation:11089547,Municipio Sotillo,Monagas,2026-09,MAC,0,0,0,0,0,0,0,0,0
osm:relation:11089547,Municipio Sotillo,Monagas,2026-09,OIL,0,0,0,0,0,0,0,0,0
osm:relation:11089547,Municipio Sotillo,Monagas,2026-09,POL,0,0,0,0,0,0,0,0,0
osm:relation:11089547,Municipio Sotillo,Monagas,2026-09,SAN,0,0,0,0,0,0,0,0,0
osm:relation:11089547,Municipio Sotillo,Monagas,2026-09,SEC,0,0,0,0,0,0,0,0,0
